dt,side,price,kind,reason,stop,target
2023-09-27 00:00:00,short,1901.52,open,,1902.9621982793333,1899.1336530111666
2023-09-27 01:15:00,short,1901.6999999999998,close,trail,1901.539787998915,1899.1336530111666
2023-09-27 22:45:00,short,1876.455,open,,1879.1240854038542,1872.1553505432548
2023-09-28 05:00:00,short,1875.5400000000002,close,trail,1875.478869682405,1872.1553505432548
2023-09-28 06:15:00,short,1875.795,open,,1877.6235711586821,1873.0762504723064
2023-09-28 07:00:00,short,1876.588487376619,close,trail,1876.4234873766188,1873.0762504723064
2023-09-28 08:30:00,short,1874.825,open,,1876.9285667990039,1871.5975081017432
2023-09-28 09:30:00,short,1875.9579978744885,close,trail,1875.7929978744885,1871.5975081017432
2023-10-02 04:00:00,short,1843.305,open,,1845.398712800977,1840.1222525982905
2023-10-02 05:45:00,short,1840.1222525982905,close,tp,1842.4883726738674,1840.1222525982905
2023-10-03 01:15:00,short,1823.105,open,,1826.232700872285,1818.0852734735013
2023-10-03 02:15:00,short,1818.0852734735013,close,tp,1822.9477433781062,1818.0852734735013
2023-10-09 00:45:00,long,1848.7549999999999,open,,1844.071173892263,1856.4979456885394
2023-10-09 05:30:00,long,1848.9971077888756,close,trail,1849.1621077888756,1856.4979456885394
2023-10-09 13:45:00,long,1847.97,open,,1844.9667918720502,1853.0056142239125
2023-10-09 15:15:00,long,1853.0056142239125,close,tp,1848.8496837479943,1853.0056142239125
2023-10-16 01:15:00,long,1923.485,open,,1919.658058623874,1929.7283974082202
2023-10-16 02:00:00,long,1919.8875181474675,close,trail,1920.0525181474677,1929.7283974082202
2023-10-18 22:15:00,long,1949.925,open,,1946.328983810047,1955.7642783324177
2023-10-19 00:30:00,long,1949.14686788123,close,trail,1949.31186788123,1955.7642783324177
2023-10-19 23:15:00,long,1976.97,open,,1972.5108643464487,1984.3609873937146
2023-10-20 01:00:00,long,1972.7357452783153,close,trail,1972.9007452783153,1984.3609873937146
2023-10-20 07:00:00,long,1979.5249999999999,open,,1976.1273423589876,1985.0171508717715
2023-10-20 08:15:00,long,1985.0171508717715,close,tp,1978.6777273634043,1985.0171508717715
2023-10-20 10:00:00,long,1982.7649999999999,open,,1979.130256370701,1988.6720513512728
2023-10-20 11:30:00,long,1981.37042522953,close,trail,1981.53542522953,1988.6720513512728
2023-10-20 12:45:00,long,1979.075,open,,1975.0814629721835,1985.609939798679
2023-10-20 13:45:00,long,1985.6099397986793,close,tp,1975.0814629721835,1985.609939798679
2023-10-30 04:45:00,long,2001.845,open,,1998.985209048254,2006.3958841655556
2023-10-30 06:00:00,long,1999.2672277339436,close,trail,1999.4322277339438,2006.3958841655556
2023-11-01 12:00:00,short,1983.3,open,,1985.9178852051216,1979.1037008910373
2023-11-01 12:15:00,short,1986.0828852051216,close,sl,1985.9178852051216,1979.1037008910373
2023-11-09 02:45:00,short,1950.595,open,,1953.177575872343,1946.5292422234
2023-11-09 07:15:00,short,1950.46,close,trail,1950.3969148750562,1946.5292422234
2023-11-13 02:15:00,short,1940.055,open,,1943.70461023399,1934.2319320905174
2023-11-13 03:15:00,short,1934.2319320905171,close,tp,1938.7884374451528,1934.2319320905174
2023-11-15 01:00:00,long,1963.7849999999999,open,,1961.8503789251827,1966.71683688093
2023-11-15 01:15:00,long,1961.6853789251827,close,sl,1961.8503789251827,1966.71683688093
2023-11-17 06:30:00,long,1984.58,open,,1982.7501696889285,1987.5072030443753
2023-11-17 06:45:00,long,1982.7,close,sl,1982.7501696889285,1987.5072030443753
2023-11-17 07:30:00,long,1984.865,open,,1982.765183816261,1987.838428321543
2023-11-17 08:00:00,long,1985.5634493109596,close,trail,1985.7284493109598,1987.838428321543
2023-11-21 10:15:00,long,1986.7849999999999,open,,1983.5909055900477,1991.9209152174162
2023-11-21 11:15:00,long,1986.1000000000001,close,trail,1986.2496624988898,1991.9209152174162
2023-11-21 19:30:00,long,2000.2849999999999,open,,1996.4816959111395,2006.4320321555056
2023-11-21 20:00:00,long,1999.9650000000001,close,eod,1996.7631204539928,2006.4320321555056
2023-12-05 04:15:00,short,2037.165,open,,2041.2220872865025,2030.5738472486203
2023-12-05 04:45:00,short,2030.5738472486205,close,tp,2039.0827691398927,2030.5738472486203
2023-12-05 06:30:00,short,2033.095,open,,2036.9402212539735,2026.9021128055463
2023-12-05 08:00:00,short,2036.3795291616468,close,trail,2036.214529161647,2026.9021128055463
2023-12-11 06:45:00,short,1998.185,open,,2000.9278302376115,1993.8387970841795
2023-12-11 07:45:00,short,1993.8387970841795,close,tp,2000.6968536232466,1993.8387970841795
2023-12-11 10:30:00,short,1992.025,open,,1995.5724251653558,1986.2707559606276
2023-12-11 11:45:00,short,1995.3266118040854,close,trail,1995.1616118040854,1986.2707559606276
2023-12-14 04:45:00,long,2031.595,open,,2026.7908956666429,2039.5484325833752
2023-12-14 07:00:00,long,2032.7447245977885,close,trail,2032.9097245977887,2039.5484325833752
2023-12-14 08:00:00,long,2032.935,open,,2028.6972258756102,2039.897354717682
2023-12-14 08:15:00,long,2039.897354717682,close,tp,2028.6972258756102,2039.897354717682
2023-12-14 13:45:00,long,2033.7849999999999,open,,2029.3306988058116,2041.0712770898294
2023-12-14 14:30:00,long,2041.0712770898297,close,tp,2033.15937805195,2041.0712770898294
2023-12-18 10:00:00,short,2022.805,open,,2025.740956204398,2018.1483266423038
2023-12-18 11:30:00,short,2022.57,close,trail,2022.4253117599799,2018.1483266423038
2023-12-20 02:30:00,long,2038.395,open,,2036.1642923718337,2041.8724883492912
2023-12-20 06:00:00,long,2041.8724883492914,close,tp,2039.6248660561264,2041.8724883492912
2023-12-28 06:45:00,long,2086.145,open,,2083.6373029979086,2090.07971975366
2023-12-28 07:45:00,long,2084.573312278809,close,trail,2084.738312278809,2090.07971975366
2023-12-29 00:45:00,short,2066.1150000000002,open,,2068.7264268921836,2061.971252938679
2023-12-29 01:15:00,short,2068.650516044791,close,trail,2068.485516044791,2061.971252938679
2024-01-03 19:15:00,short,2031.16,open,,2035.7163887511874,2023.1863196854222
2024-01-03 19:30:00,short,2038.955,close,sl,2035.7163887511874,2023.1863196854222
2024-01-14 23:45:00,long,2048.42,open,,2045.5438739414858,2053.4532206024
2024-01-15 02:15:00,long,2053.4532206024,close,tp,2048.4463386596694,2053.4532206024
2024-01-17 00:15:00,short,2025.865,open,,2028.9909273068981,2020.8483772129282
2024-01-17 00:45:00,short,2028.87,close,trail,2028.8231209942132,2020.8483772129282
2024-01-17 01:15:00,short,2027.38,open,,2030.252384938888,2022.573326356946
2024-01-17 01:30:00,short,2030.417384938888,close,sl,2030.252384938888,2022.573326356946
2024-01-17 05:15:00,short,2021.4850000000001,open,,2024.330266615995,2016.959533422009
2024-01-17 07:15:00,short,2020.796051425559,close,trail,2020.6310514255588,2016.959533422009
2024-01-18 05:00:00,short,2007.925,open,,2010.320773934475,2004.1861456146685
2024-01-18 05:45:00,short,2009.337019361869,close,trail,2009.172019361869,2004.1861456146685
2024-02-05 07:15:00,short,2028.955,open,,2031.9457536300097,2024.037431147483
2024-02-05 08:15:00,short,2024.037431147483,close,tp,2028.0493429671676,2024.037431147483
2024-02-05 11:00:00,short,2024.295,open,,2027.2946876223534,2019.4992966608816
2024-02-05 11:30:00,short,2027.184756164172,close,trail,2027.0197561641721,2019.4992966608816
2024-02-19 05:00:00,long,2019.14,open,,2016.5917871945126,2023.351872409603
2024-02-19 07:30:00,long,2020.298784726576,close,trail,2020.4637847265758,2023.351872409603
2024-02-19 09:00:00,long,2020.335,open,,2018.1624202835737,2023.6832645037462
2024-02-19 10:30:00,long,2018.29543834851,close,trail,2018.4604383485098,2023.6832645037462
2024-03-03 23:15:00,long,2085.205,open,,2081.800869559591,2090.708478270716
2024-03-04 01:00:00,long,2082.067000050864,close,trail,2082.232000050864,2090.708478270716
2024-03-04 02:15:00,long,2081.605,open,,2078.7766234305004,2086.1009089966246
2024-03-04 03:00:00,long,2080.4943079579316,close,trail,2080.6593079579316,2086.1009089966246
2024-03-04 10:45:00,long,2083.875,open,,2081.3771899763415,2087.7924175414028
2024-03-04 11:45:00,long,2081.89,close,trail,2082.027298242719,2087.7924175414028
2024-03-04 13:15:00,long,2083.94,open,,2081.9432950057076,2087.434233740012
2024-03-04 13:30:00,long,2081.7782950057076,close,sl,2081.9432950057076,2087.434233740012
2024-03-05 07:00:00,long,2117.445,open,,2114.6794578003864,2121.830948849324
2024-03-05 07:15:00,long,2114.475,close,sl,2114.6794578003864,2121.830948849324
2024-03-05 08:15:00,long,2118.895,open,,2115.921797223774,2123.6443548583957
2024-03-05 09:15:00,long,2123.6443548583957,close,tp,2119.135686055503,2123.6443548583957
2024-03-05 11:15:00,long,2126.9049999999997,open,,2123.302247499144,2132.7560668764972
2024-03-05 12:00:00,long,2123.137247499144,close,sl,2123.302247499144,2132.7560668764972
2024-03-07 09:30:00,long,2156.125,open,,2152.112551548831,2162.693034789546
2024-03-07 11:00:00,long,2154.5022917911356,close,trail,2154.6672917911355,2162.693034789546
2024-03-12 23:30:00,short,2156.675,open,,2161.047314572887,2149.477199497448
2024-03-13 02:15:00,short,2160.0168092611766,close,trail,2159.8518092611766,2149.477199497448
2024-03-13 03:45:00,short,2157.815,open,,2160.7466315916586,2153.138394714598
2024-03-13 05:30:00,short,2160.4996522419647,close,trail,2160.3346522419647,2153.138394714598
2024-03-13 06:15:00,short,2159.575,open,,2162.200783883234,2155.4336282043396
2024-03-13 08:00:00,short,2161.15,close,trail,2161.112361737012,2155.4336282043396
2024-03-14 02:00:00,long,2174.925,open,,2172.331382898047,2179.0100799284182
2024-03-14 02:45:00,long,2172.63,close,trail,2172.6723900244206,2179.0100799284182
2024-03-21 04:15:00,long,2203.105,open,,2196.4915161362296,2214.224846761598
2024-03-21 08:00:00,long,2205.2394033147625,close,trail,2205.4044033147625,2214.224846761598
2024-03-21 13:00:00,long,2207.9049999999997,open,,2203.189110544725,2215.704056546731
2024-03-21 13:15:00,long,2203.024110544725,close,sl,2203.189110544725,2215.704056546731
2024-03-21 23:45:00,short,2181.235,open,,2184.2041998921572,2176.492650188725
2024-03-22 00:15:00,short,2183.9754835804824,close,trail,2183.8104835804825,2176.492650188725
2024-03-22 04:00:00,short,2173.5950000000003,open,,2177.6612689315034,2166.9327793698694
2024-03-22 07:15:00,short,2166.9327793698694,close,tp,2171.2791526398896,2166.9327793698694
2024-03-22 11:00:00,short,2167.075,open,,2171.0130580042082,2160.637148492635
2024-03-22 12:00:00,short,2169.631754167364,close,trail,2169.466754167364,2160.637148492635
2024-04-01 05:45:00,long,2261.075,open,,2255.8251051099983,2269.8085660575025
2024-04-01 07:45:00,long,2257.3086513861776,close,trail,2257.4736513861776,2269.8085660575025
2024-04-01 09:00:00,long,2257.435,open,,2252.96759277966,2264.661712635594
2024-04-01 09:15:00,long,2252.8025927796602,close,sl,2252.96759277966,2264.661712635594
2024-04-03 00:15:00,long,2285.07,open,,2279.884988378616,2294.143770337422
2024-04-03 01:00:00,long,2279.719988378616,close,sl,2279.884988378616,2294.143770337422
2024-04-04 01:00:00,long,2302.435,open,,2298.1860708671666,2309.4168759824584
2024-04-04 01:15:00,long,2298.0210708671666,close,sl,2298.1860708671666,2309.4168759824584
2024-04-04 03:30:00,long,2299.875,open,,2295.54339305155,2307.0015621597877
2024-04-04 05:45:00,long,2296.620290120533,close,trail,2296.785290120533,2307.0015621597877
2024-04-04 07:00:00,long,2296.045,open,,2292.64405655294,2301.542901032355
2024-04-04 07:45:00,long,2292.5432426400353,close,trail,2292.708242640035,2301.542901032355
2024-04-08 05:00:00,long,2342.365,open,,2333.5178008237626,2357.393848558415
2024-04-08 05:30:00,long,2333.852925200081,close,trail,2334.0179252000808,2357.393848558415
2024-04-08 09:00:00,long,2336.475,open,,2328.9737385553817,2349.1209575280827
2024-04-08 11:45:00,long,2336.6537963388023,close,trail,2336.8187963388023,2349.1209575280827
2024-04-11 00:00:00,short,2335.425,open,,2340.79852658356,2326.4750784787702
2024-04-11 01:00:00,short,2339.0375335212684,close,trail,2338.8725335212685,2326.4750784787702
2024-04-12 05:15:00,long,2385.145,open,,2379.374358772784,2394.789872147628
2024-04-12 06:45:00,long,2394.789872147628,close,tp,2386.7085691513666,2394.789872147628
2024-04-15 23:15:00,long,2386.05,open,,2378.395972404277,2399.0595482925146
2024-04-16 01:15:00,long,2380.753578130714,close,trail,2380.9185781307137,2399.0595482925146
2024-04-22 09:45:00,short,2360.185,open,,2365.8069137204297,2350.8004009892475
2024-04-22 11:00:00,short,2350.8004009892475,close,tp,2361.651311895283,2350.8004009892475
2024-04-22 22:30:00,short,2326.92,open,,2331.992970640976,2318.234801378291
2024-04-22 23:30:00,short,2331.955941391007,close,trail,2331.790941391007,2318.234801378291
2024-04-23 01:30:00,short,2329.585,open,,2334.2184183552417,2321.9577678783276
2024-04-23 01:45:00,short,2305.875,close,tp,2334.2184183552417,2321.9577678783276
2024-04-23 06:15:00,short,2304.685,open,,2312.3654448362117,2291.67047153663
2024-04-23 07:15:00,short,2307.6603325373458,close,trail,2307.495332537346,2291.67047153663
2024-04-24 05:30:00,long,2327.115,open,,2322.9262327594543,2333.9915926709546
2024-04-24 06:30:00,long,2324.6906116517935,close,trail,2324.8556116517934,2333.9915926709546
2024-04-30 10:00:00,short,2314.685,open,,2319.0680846473374,2307.44085186716
2024-04-30 12:30:00,short,2307.44085186716,close,tp,2314.2001064095903,2307.44085186716
2024-04-30 18:30:00,short,2294.975,open,,2301.326541047656,2284.3135531666017
2024-04-30 19:00:00,short,2290.305,close,eod,2296.09839508701,2284.3135531666017
2024-05-01 00:00:00,short,2291.33,open,,2295.7331301307217,2283.6795222712367
2024-05-01 03:45:00,short,2283.6795222712367,close,tp,2289.1378669204,2283.6795222712367
2024-05-01 08:45:00,short,2284.5950000000003,open,,2288.1372738086543,2278.8497708348555
2024-05-01 09:00:00,short,2288.3022738086543,close,sl,2288.1372738086543,2278.8497708348555
2024-05-02 00:45:00,long,2324.965,open,,2318.722531477177,2335.4355699149405
2024-05-02 02:30:00,long,2320.377751533368,close,trail,2320.542751533368,2335.4355699149405
2024-05-02 06:15:00,long,2316.575,open,,2312.5387673031705,2323.1846572194513
2024-05-02 07:00:00,long,2312.3737673031706,close,sl,2312.5387673031705,2323.1846572194513
2024-05-06 09:30:00,long,2318.485,open,,2313.956539100055,2325.956056574904
2024-05-06 11:30:00,long,2317.036321182018,close,trail,2317.201321182018,2325.956056574904
2024-05-06 23:30:00,long,2325.175,open,,2321.1063917454426,2331.8138144454756
2024-05-07 01:15:00,long,2325.6583203187324,close,trail,2325.8233203187324,2331.8138144454756
2024-05-13 11:15:00,short,2340.045,open,,2344.087978731864,2333.423537219238
2024-05-13 11:30:00,short,2344.252978731864,close,sl,2344.087978731864,2333.423537219238
2024-05-13 17:45:00,short,2336.665,open,,2341.9099524103817,2327.940083281832
2024-05-13 18:15:00,short,2337.1549999999997,close,eod,2341.4328671293597,2327.940083281832
2024-05-13 23:00:00,short,2337.64,open,,2340.5026919757433,2332.5477890424495
2024-05-14 01:00:00,short,2337.7104484258075,close,trail,2337.5454484258075,2332.5477890424495
2024-05-16 07:30:00,long,2389.645,open,,2385.69469257003,2396.104288002448
2024-05-16 08:15:00,long,2385.61,close,sl,2385.69469257003,2396.104288002448
2024-05-16 11:00:00,long,2385.055,open,,2381.210249143013,2391.3295639997273
2024-05-16 12:30:00,long,2381.1471535978017,close,trail,2381.3121535978016,2391.3295639997273
2024-05-20 03:00:00,long,2434.215,open,,2426.8250379885467,2446.693683520044
2024-05-20 05:30:00,long,2446.693683520044,close,tp,2434.065085275733,2446.693683520044
2024-05-21 05:00:00,short,2412.305,open,,2418.4487839877556,2402.007128021427
2024-05-21 07:15:00,short,2416.6286164087837,close,trail,2416.4636164087838,2402.007128021427
2024-05-22 18:15:00,short,2385.925,open,,2392.8749394393053,2374.216355981216
2024-05-22 18:45:00,short,2377.415,close,eod,2384.2428049247073,2374.216355981216
2024-05-23 04:30:00,short,2371.705,open,,2376.613871748705,2363.5957244397664
2024-05-23 05:45:00,short,2363.5957244397664,close,tp,2370.8007921609897,2363.5957244397664
2024-05-24 06:30:00,short,2336.765,open,,2340.967825337434,2329.86380565949
2024-05-24 08:45:00,short,2341.033558581767,close,trail,2340.868558581767,2329.86380565949
2024-05-24 10:00:00,short,2337.465,open,,2341.861153729827,2330.252980972802
2024-05-24 10:15:00,short,2342.026153729827,close,sl,2341.861153729827,2330.252980972802
2024-05-29 18:30:00,short,2341.685,open,,2346.534375913665,2333.652342151086
2024-05-29 19:00:00,short,2338.3849999999998,close,eod,2342.716706782701,2333.652342151086
2024-05-29 22:45:00,short,2337.395,open,,2340.8519250098147,2331.8266312328246
2024-05-30 01:00:00,short,2338.1229194674684,close,trail,2337.9579194674684,2331.8266312328246
2024-06-02 23:15:00,short,2325.905,open,,2331.046917584015,2317.360394227974
2024-06-03 01:15:00,short,2329.076269177165,close,trail,2328.911269177165,2317.360394227974
2024-06-03 09:30:00,short,2324.405,open,,2329.209889410264,2316.4776935320374
2024-06-03 10:15:00,short,2329.0860270935445,close,trail,2328.9210270935446,2316.4776935320374
2024-06-04 04:00:00,long,2345.875,open,,2342.3538894441895,2351.5831934726684
2024-06-04 06:15:00,long,2351.5831934726684,close,tp,2347.725701377943,2351.5831934726684
2024-06-05 01:00:00,short,2328.065,open,,2330.678958861496,2323.944321992382
2024-06-05 01:45:00,short,2330.4834390183305,close,trail,2330.3184390183305,2323.944321992382
2024-06-06 00:45:00,long,2355.485,open,,2352.7799256762046,2359.7651300666425
2024-06-06 01:00:00,long,2359.7651300666425,close,tp,2352.7799256762046,2359.7651300666425
2024-06-06 10:00:00,long,2361.795,open,,2358.079516892284,2367.843345438503
2024-06-06 12:00:00,long,2358.4600658588815,close,trail,2358.6250658588815,2367.843345438503
2024-06-10 00:00:00,short,2298.3650000000002,open,,2304.1839362434366,2288.6356115739864
2024-06-10 02:00:00,short,2299.9344429491834,close,trail,2299.7694429491835,2288.6356115739864
2024-06-10 08:30:00,short,2294.96,open,,2299.542270871777,2287.0510259743905
2024-06-10 09:30:00,short,2297.2348151904607,close,trail,2297.0698151904608,2287.0510259743905
2024-06-10 10:00:00,short,2295.31,open,,2299.8047621213755,2287.6366662875935
2024-06-10 11:00:00,short,2299.5347420592616,close,trail,2299.3697420592616,2287.6366662875935
2024-06-16 23:45:00,long,2329.35,open,,2326.2416588227493,2334.7895970601885
2024-06-17 00:00:00,long,2326.0766588227493,close,sl,2326.2416588227493,2334.7895970601885
2024-06-21 02:15:00,long,2361.61,open,,2358.4032080448833,2367.139385921454
2024-06-21 02:45:00,long,2358.3199599978843,close,trail,2358.4849599978843,2367.139385921454
2024-06-21 07:45:00,long,2360.845,open,,2357.745465536093,2365.815435311837
2024-06-21 08:15:00,long,2365.815435311837,close,tp,2361.429916712244,2365.815435311837
2024-06-24 01:00:00,short,2320.785,open,,2324.2013721102185,2315.260098807117
2024-06-24 01:15:00,short,2324.3663721102184,close,sl,2324.2013721102185,2315.260098807117
2024-06-26 22:45:00,short,2298.22,open,,2301.247377934476,2293.169588614667
2024-06-27 02:45:00,short,2299.447872047584,close,trail,2299.282872047584,2293.169588614667
2024-06-27 19:00:00,long,2326.465,open,,2322.2512247446557,2333.385356696853
2024-06-27 19:30:00,long,2327.035,close,eod,2323.157408070647,2333.385356696853
2024-06-28 04:00:00,long,2321.83,open,,2318.6234493924453,2327.3314635632205
2024-06-28 06:15:00,long,2327.3314635632205,close,tp,2324.082299650072,2327.3314635632205
2024-07-08 01:15:00,long,2390.015,open,,2386.7800407359487,2395.22242871209
2024-07-08 01:30:00,long,2386.6150407359487,close,sl,2386.7800407359487,2395.22242871209
2024-07-08 02:00:00,long,2386.56,open,,2382.789948796239,2393.047589606582
2024-07-08 02:45:00,long,2383.228696248301,close,trail,2383.393696248301,2393.047589606582
2024-07-08 03:15:00,long,2383.175,open,,2379.2992584998105,2389.503797625332
2024-07-08 05:45:00,long,2382.3481431729015,close,trail,2382.5131431729014,2389.503797625332
2024-07-09 00:30:00,short,2361.635,open,,2364.290773534626,2357.4411463144047
2024-07-09 01:00:00,short,2364.3666618742436,close,trail,2364.2016618742437,2357.4411463144047
2024-07-17 00:00:00,long,2468.41,open,,2464.721371828842,2474.617599299527
2024-07-17 00:45:00,long,2469.1097517886174,close,trail,2469.2747517886173,2474.617599299527
2024-07-17 03:45:00,long,2471.755,open,,2465.657366996751,2481.972107755686
2024-07-17 05:00:00,long,2465.9446316254475,close,trail,2466.1096316254475,2481.972107755686
2024-07-17 09:45:00,long,2472.515,open,,2466.7930439964375,2482.074673006234
2024-07-17 10:30:00,long,2469.817803447585,close,trail,2469.982803447585,2482.074673006234
2024-07-19 05:45:00,short,2423.535,open,,2428.5318124330447,2415.0793282421714
2024-07-19 06:00:00,short,2415.0793282421714,close,tp,2428.5318124330447,2415.0793282421714
2024-07-22 02:45:00,short,2405.32,open,,2409.656380535353,2397.923834063132
2024-07-22 03:30:00,short,2409.54,close,trail,2409.497743453415,2397.923834063132
2024-07-25 05:15:00,short,2374.825,open,,2381.237422273205,2364.0570110218905
2024-07-25 07:15:00,short,2373.506371776369,close,trail,2373.341371776369,2364.0570110218905
2024-07-26 00:30:00,short,2363.515,open,,2367.5247574723244,2356.951674423432
2024-07-26 01:00:00,short,2356.951674423432,close,tp,2366.4968061878717,2356.951674423432
2024-07-29 07:30:00,long,2392.335,open,,2387.90211940764,2399.63879103663
2024-07-29 08:15:00,long,2387.898077448424,close,trail,2388.063077448424,2399.63879103663
2024-07-30 23:00:00,long,2409.375,open,,2404.6920308983476,2417.1164459278916
2024-07-31 01:00:00,long,2406.352352322999,close,trail,2406.517352322999,2417.1164459278916
2024-07-31 03:00:00,long,2407.6349999999998,open,,2403.1740739960983,2414.9878705068277
2024-07-31 03:15:00,long,2415.015,close,tp,2403.1740739960983,2414.9878705068277
2024-07-31 08:45:00,long,2419.175,open,,2414.4622729610105,2426.9685223182323
2024-07-31 10:30:00,long,2417.61,close,trail,2417.685487132157,2426.9685223182323
2024-07-31 15:45:00,long,2422.995,open,,2417.6009511840575,2431.9808354278994
2024-07-31 17:15:00,long,2427.745,close,eod,2423.1847692571987,2431.9808354278994
2024-08-01 00:45:00,long,2447.955,open,,2443.733865320342,2454.8332356894016
2024-08-01 01:15:00,long,2454.8332356894016,close,tp,2448.1130012200906,2454.8332356894016
2024-08-02 08:15:00,long,2463.095,open,,2457.141937215947,2473.0316098720928
2024-08-02 11:30:00,long,2459.199420246921,close,trail,2459.364420246921,2473.0316098720928
2024-08-05 02:15:00,short,2434.035,open,,2445.3795449078543,2414.6357964112544
2024-08-05 02:45:00,short,2445.100500456262,close,trail,2444.935500456262,2414.6357964112544
2024-08-05 23:30:00,short,2408.675,open,,2414.633761950586,2398.728416586474
2024-08-06 00:15:00,short,2410.3614358620403,close,trail,2410.1964358620403,2398.728416586474
2024-08-06 04:45:00,short,2408.3650000000002,open,,2413.843621241967,2399.2311628265584
2024-08-06 05:45:00,short,2399.2311628265584,close,tp,2410.7963348941016,2399.2311628265584
2024-08-07 01:30:00,short,2380.975,open,,2385.8203049976596,2372.9494662540956
2024-08-07 01:45:00,short,2385.9853049976596,close,sl,2385.8203049976596,2372.9494662540956
2024-08-07 02:45:00,short,2384.915,open,,2390.8357554116146,2375.007428029674
2024-08-07 04:15:00,short,2390.1574543806655,close,trail,2389.9924543806655,2375.007428029674
2024-08-09 00:45:00,long,2424.765,open,,2420.892187049031,2431.0886726641957
2024-08-09 01:00:00,long,2420.727187049031,close,sl,2420.892187049031,2431.0886726641957
2024-08-13 07:30:00,long,2464.875,open,,2460.5085786989293,2472.034987276873
2024-08-13 08:15:00,long,2460.5025628285525,close,trail,2460.6675628285525,2472.034987276873
2024-08-19 06:30:00,long,2504.415,open,,2499.7339578337796,2512.1530737908856
2024-08-19 07:30:00,long,2499.76,close,trail,2499.8019075199427,2512.1530737908856
2024-08-22 18:45:00,short,2481.18,open,,2486.898217492803,2471.173119387595
2024-08-22 19:15:00,short,2482.205,close,eod,2486.7545854912432,2471.173119387595
2024-08-23 02:15:00,short,2488.655,open,,2492.1726643695374,2482.95283735331
2024-08-23 03:00:00,short,2491.64,close,trail,2491.4943891757744,2482.95283735331
2024-09-02 05:30:00,short,2495.985,open,,2499.8525231659237,2489.6705844596336
2024-09-02 06:00:00,short,2499.7803133420466,close,trail,2499.6153133420466,2489.6705844596336
2024-09-09 00:30:00,short,2495.83,open,,2499.9118430659605,2488.741774634569
2024-09-09 03:30:00,short,2499.473455377444,close,trail,2499.3084553774443,2488.741774634569
2024-09-12 23:45:00,long,2558.195,open,,2554.3242953177946,2564.4874831938596
2024-09-13 01:00:00,long,2564.4874831938596,close,tp,2558.097450925265,2564.4874831938596
2024-09-13 06:30:00,long,2567.865,open,,2564.238617811311,2573.757418830205
2024-09-13 06:45:00,long,2564.23,close,sl,2564.238617811311,2573.757418830205
2024-09-13 07:45:00,long,2568.935,open,,2564.7563359816877,2575.7939120320466
2024-09-13 08:30:00,long,2565.73,close,trail,2565.744595820945,2575.7939120320466
2024-09-13 10:45:00,long,2567.71,open,,2563.2289854479213,2575.5517754661378
2024-09-13 11:30:00,long,2563.797609704476,close,trail,2563.962609704476,2575.5517754661378
2024-09-13 12:00:00,long,2567.545,open,,2563.1344695921252,2574.809678213781
2024-09-13 12:45:00,long,2574.809678213781,close,tp,2567.1636095823246,2574.809678213781
2024-09-19 18:45:00,long,2589.45,open,,2584.3623196979297,2598.270940528623
2024-09-19 19:15:00,long,2587.815,close,eod,2584.7464134130105,2598.270940528623
2024-09-19 23:00:00,long,2587.78,open,,2584.567086770903,2593.292598150919
2024-09-20 01:15:00,long,2585.658007586059,close,trail,2585.823007586059,2593.292598150919
2024-09-20 01:45:00,long,2588.095,open,,2585.382032051244,2592.3889439103223
2024-09-20 02:45:00,long,2592.3889439103223,close,tp,2588.2488845120674,2592.3889439103223
2024-09-20 18:15:00,long,2620.685,open,,2614.7262878430624,2630.6864962746413
2024-09-20 18:45:00,long,2619.435,close,eod,2615.1234828850893,2630.6864962746413
2024-09-25 00:15:00,long,2658.47,open,,2654.500477110377,2664.9766650568404
2024-09-25 01:15:00,long,2657.34,close,trail,2657.35690532489,2664.9766650568404
2024-09-25 02:00:00,long,2660.265,open,,2656.145440258855,2667.075479547003
2024-09-25 02:45:00,long,2667.075479547003,close,tp,2660.4993847129927,2667.075479547003
2024-09-25 08:00:00,long,2657.145,open,,2652.2260751906465,2665.2993684163685
2024-09-25 13:15:00,long,2665.2993684163685,close,tp,2658.932137450955,2665.2993684163685
2024-10-02 01:30:00,long,2659.355,open,,2655.554525908477,2665.5795796601647
2024-10-02 03:30:00,long,2657.2789226463306,close,trail,2657.4439226463305,2665.5795796601647
2024-10-11 18:45:00,long,2657.345,open,,2652.9493418048733,2664.611151841472
2024-10-11 19:15:00,long,2657.315,close,eod,2653.4770600256306,2664.611151841472
2024-10-16 11:15:00,long,2675.795,open,,2671.806791945005,2682.3206140962416
2024-10-16 13:00:00,long,2682.3206140962416,close,tp,2677.539130064319,2682.3206140962416
2024-10-18 08:45:00,long,2704.9049999999997,open,,2700.3730753317404,2712.437118169455
2024-10-18 09:15:00,long,2712.437118169455,close,tp,2705.133723117674,2712.437118169455
2024-10-18 11:00:00,long,2712.715,open,,2708.372494081571,2719.8881353572506
2024-10-18 11:30:00,long,2708.2714617335996,close,trail,2708.4364617335996,2719.8881353572506
2024-10-21 08:00:00,long,2730.595,open,,2726.4345216386105,2737.4220871324314
2024-10-21 10:00:00,long,2732.123921412832,close,trail,2732.2889214128318,2737.4220871324314
2024-10-24 00:15:00,short,2718.315,open,,2722.1560293434195,2712.0744486490153
2024-10-24 01:00:00,short,2722.112531511477,close,trail,2721.947531511477,2712.0744486490153
2024-10-30 02:45:00,long,2778.505,open,,2774.962449402332,2784.2507135459196
2024-10-30 03:15:00,long,2777.31,close,trail,2777.4003517805822,2784.2507135459196
2024-10-30 05:30:00,long,2781.505,open,,2778.2349300647743,2786.7188723866457
2024-10-30 06:15:00,long,2786.7188723866457,close,tp,2782.2925114257687,2786.7188723866457
2024-10-30 11:30:00,long,2781.365,open,,2777.3687238680614,2787.904733230892
2024-10-30 12:00:00,long,2777.3522159882773,close,trail,2777.5172159882773,2787.904733230892
2024-11-01 00:00:00,short,2746.585,open,,2750.6216704157223,2739.974576772486
2024-11-01 01:45:00,short,2748.678188482493,close,trail,2748.513188482493,2739.974576772486
2024-11-01 05:30:00,short,2751.975,open,,2755.2442114531873,2746.7076299569217
2024-11-01 05:45:00,short,2755.25,close,sl,2755.2442114531873,2746.7076299569217
2024-11-01 06:30:00,short,2752.745,open,,2756.09782469061,2747.331306791432
2024-11-01 07:30:00,short,2747.331306791432,close,tp,2753.733123854345,2747.331306791432
2024-11-06 16:15:00,short,2668.545,open,,2681.361982586729,2646.5690304732243
2024-11-06 18:15:00,short,2666.745,close,eod,2673.387382140556,2646.5690304732243
2024-11-07 06:15:00,short,2654.58,open,,2659.8746448398047,2645.3143715303418
2024-11-07 07:00:00,short,2660.0396448398046,close,sl,2659.8746448398047,2645.3143715303418
2024-11-11 09:15:00,short,2667.795,open,,2672.3819612037255,2660.2215678934804
2024-11-11 10:00:00,short,2671.504188689718,close,trail,2671.339188689718,2660.2215678934804
2024-11-11 10:30:00,short,2670.275,open,,2675.31937698246,2661.928590280694
2024-11-11 10:45:00,short,2661.928590280694,close,tp,2675.31937698246,2661.928590280694
2024-11-12 01:00:00,short,2623.855,open,,2627.674650233305,2617.6243620917166
2024-11-12 01:30:00,short,2623.09,close,trail,2623.049494333819,2617.6243620917166
2024-11-12 20:00:00,short,2598.025,open,,2604.4721962820063,2587.2236565064886
2024-11-12 20:30:00,short,2598.475,close,eod,2604.091562100302,2587.2236565064886
2024-11-13 23:45:00,short,2572.105,open,,2578.148345600378,2562.065395199339
2024-11-14 01:45:00,short,2562.065395199339,close,tp,2573.2591885509946,2562.065395199339
2024-11-14 08:30:00,short,2555.555,open,,2561.3990615294215,2545.671642323512
2024-11-14 09:30:00,short,2545.671642323512,close,tp,2557.9630383522963,2545.671642323512
2024-11-14 11:30:00,short,2545.88,open,,2552.5881293886414,2534.195773569878
2024-11-14 11:45:00,short,2552.7531293886414,close,sl,2552.5881293886414,2534.195773569878
2024-11-18 08:15:00,long,2586.195,open,,2581.169789126555,2594.5353690285297
2024-11-18 09:45:00,long,2594.5353690285297,close,tp,2588.5507352802556,2594.5353690285297
2024-11-18 12:45:00,long,2595.095,open,,2589.726195725967,2604.036657479557
2024-11-18 13:45:00,long,2604.036657479557,close,tp,2597.0814261278983,2604.036657479557
2024-11-18 17:45:00,long,2610.935,open,,2605.6316317187516,2619.9271444921847
2024-11-18 18:15:00,long,2609.275,close,eod,2605.867121226883,2619.9271444921847
2024-11-21 03:30:00,long,2654.355,open,,2649.773532433456,2661.9188182414528
2024-11-21 05:15:00,long,2654.683834308323,close,trail,2654.848834308323,2661.9188182414528
2024-11-21 06:15:00,long,2659.6349999999998,open,,2655.921621894003,2665.707161685495
2024-11-21 08:15:00,long,2665.707161685495,close,tp,2660.491342023109,2665.707161685495
2024-11-21 13:15:00,long,2667.245,open,,2662.161395247077,2675.687558317615
2024-11-21 14:45:00,long,2663.3540609290862,close,trail,2663.519060929086,2675.687558317615
2024-11-22 09:30:00,long,2695.395,open,,2689.882787653966,2704.58762160556
2024-11-22 09:45:00,long,2704.695,close,tp,2689.882787653966,2704.58762160556
2024-11-25 09:30:00,short,2671.585,open,,2679.376249946859,2658.404062592997
2024-11-25 10:45:00,short,2676.718702766182,close,trail,2676.553702766182,2658.404062592997
2024-11-25 23:30:00,short,2625.735,open,,2631.629354709543,2615.8736292583003
2024-11-25 23:45:00,short,2609.605,close,tp,2631.629354709543,2615.8736292583003
2024-11-26 06:30:00,short,2623.035,open,,2629.3593536705775,2612.4211310764886
2024-11-26 07:30:00,short,2612.4211310764886,close,tp,2621.6660762490988,2612.4211310764886
2024-11-26 09:00:00,short,2613.275,open,,2619.378596937293,2603.0474553597373
2024-11-26 09:15:00,short,2620.985,close,sl,2619.378596937293,2603.0474553597373
2024-11-27 13:45:00,long,2652.535,open,,2647.0872740535806,2661.3672704062346
2024-11-27 15:00:00,long,2648.6565394430527,close,trail,2648.8215394430526,2661.3672704062346
2024-11-29 13:30:00,long,2662.275,open,,2657.127493053093,2670.856887157087
2024-11-29 13:45:00,long,2656.962493053093,close,sl,2657.127493053093,2670.856887157087
2024-11-29 15:45:00,long,2655.355,open,,2649.201872927978,2665.696722376038
2024-11-29 18:15:00,long,2656.542930586095,close,trail,2656.707930586095,2665.696722376038
2024-11-29 18:45:00,short,2653.45,close,manual,,
2024-12-02 05:15:00,short,2625.325,open,,2631.88302648037,2614.302203659352
2024-12-02 07:00:00,short,2629.492806513932,close,trail,2629.327806513932,2614.302203659352
2024-12-09 13:30:00,long,2656.675,open,,2651.7720551970724,2664.801403405124
2024-12-09 13:45:00,long,2664.801403405124,close,tp,2651.7720551970724,2664.801403405124
2024-12-09 16:30:00,long,2668.895,open,,2662.634132436962,2679.370268235316
2024-12-09 18:00:00,long,2663.11352242076,close,trail,2663.27852242076,2679.370268235316
2024-12-12 06:30:00,long,2713.8849999999998,open,,2709.318294241815,2721.4229850768234
2024-12-12 07:45:00,long,2715.5585144689835,close,trail,2715.7235144689835,2721.4229850768234
2024-12-12 19:00:00,short,2684.085,open,,2690.8636122955427,2672.6761784828004
2024-12-12 19:30:00,short,2685.04,close,eod,2690.2934208058505,2672.6761784828004
2024-12-13 02:45:00,short,2687.015,open,,2691.8761527849215,2678.961732626387
2024-12-13 06:45:00,short,2689.362782326915,close,trail,2689.197782326915,2678.961732626387
2024-12-13 19:30:00,short,2652.505,open,,2657.7695385956245,2643.7458074576575
2024-12-13 20:00:00,short,2653.1549999999997,close,eod,2657.3740919523498,2643.7458074576575
2024-12-19 08:45:00,short,2613.935,open,,2620.3733590218035,2603.204121711844
2024-12-19 09:00:00,short,2620.5383590218034,close,sl,2620.3733590218035,2603.204121711844
2024-12-20 02:15:00,short,2598.675,open,,2603.915259431815,2589.9582959943245
2024-12-20 05:30:00,short,2600.77,close,trail,2600.6320606826052,2589.9582959943245
2024-12-23 06:15:00,long,2627.235,open,,2623.5049865954793,2633.3087734579117
2024-12-23 08:00:00,long,2628.7019272175307,close,trail,2628.8669272175307,2633.3087734579117
2025-01-02 05:00:00,long,2634.185,open,,2630.879745489833,2639.515445392792
2025-01-02 06:00:00,long,2631.687041122873,close,trail,2631.852041122873,2639.515445392792
2025-01-02 08:45:00,long,2636.445,open,,2632.91402274555,2642.170460195288
2025-01-02 10:00:00,long,2634.460687979581,close,trail,2634.625687979581,2642.170460195288
2025-01-03 02:00:00,long,2659.6349999999998,open,,2655.9835474917954,2665.5712918893573
2025-01-03 05:15:00,long,2660.425855341586,close,trail,2660.590855341586,2665.5712918893573
2025-01-13 18:30:00,short,2659.8,open,,2665.736976584267,2649.410290977534
2025-01-13 19:00:00,short,2659.47,close,eod,2665.161525728271,2649.410290977534
2025-01-14 03:00:00,short,2670.385,open,,2674.0568681883483,2664.412980670391
2025-01-14 04:45:00,short,2672.9915947792924,close,trail,2672.8265947792925,2664.412980670391
2025-01-16 23:45:00,long,2714.615,open,,2711.137335701169,2720.2471625229537
2025-01-17 01:00:00,long,2712.4917011131065,close,trail,2712.6567011131065,2720.2471625229537
2025-01-21 14:15:00,long,2728.995,open,,2723.9702936965373,2737.3344860310594
2025-01-21 14:45:00,long,2737.3344860310594,close,tp,2729.3203807893615,2737.3344860310594
2025-01-21 18:15:00,long,2743.365,open,,2738.0133544688597,2752.2766296794953
2025-01-21 18:45:00,long,2745.185,close,eod,2740.2789127818232,2752.2766296794953
2025-01-21 23:45:00,long,2743.535,open,,2740.119004449785,2749.059242212876
2025-01-22 00:45:00,long,2749.059242212876,close,tp,2742.8460974877735,2749.059242212876
2025-01-22 03:00:00,long,2749.235,open,,2745.5933724264273,2755.1540982537526
2025-01-22 05:30:00,long,2755.1540982537526,close,tp,2750.706201379571,2755.1540982537526
2025-01-24 08:45:00,long,2772.755,open,,2768.6802102787083,2779.377132012261
2025-01-24 09:30:00,long,2772.6780091043447,close,trail,2772.8430091043447,2779.377132012261
2025-01-28 03:30:00,short,2739.195,open,,2743.571858430189,2731.9892477471694
2025-01-28 05:00:00,short,2742.72369954504,close,trail,2742.55869954504,2731.9892477471694
2025-01-29 04:30:00,long,2763.725,open,,2761.5096089738277,2767.175684295802
2025-01-29 05:00:00,long,2761.53,close,trail,2761.670479166208,2767.175684295802
2025-01-31 04:45:00,long,2796.045,open,,2792.7239004224352,2801.4031742607385
2025-01-31 06:45:00,long,2793.1965365555393,close,trail,2793.3615365555393,2801.4031742607385
2025-02-04 19:45:00,long,2843.6549999999997,open,,2838.4578123833244,2852.323828329182
2025-02-04 20:15:00,long,2842.755,close,eod,2838.9543637386823,2852.323828329182
2025-02-04 23:45:00,long,2841.665,open,,2838.1135004366297,2847.426374235898
2025-02-05 00:30:00,long,2847.426374235898,close,tp,2839.669238505567,2847.426374235898
2025-02-05 02:00:00,long,2844.705,open,,2840.2009262279666,2852.160879101059
2025-02-05 02:15:00,long,2852.215,close,tp,2840.2009262279666,2852.160879101059
2025-02-05 11:30:00,long,2869.6349999999998,open,,2864.1258336740034,2878.8222910704935
2025-02-05 13:15:00,long,2865.319010535999,close,trail,2865.484010535999,2878.8222910704935
2025-02-10 13:15:00,long,2905.295,open,,2900.0862463071658,2913.8465689624604
2025-02-10 13:30:00,long,2899.98,close,sl,2900.0862463071658,2913.8465689624604
2025-02-10 17:45:00,long,2901.975,open,,2895.7029775558362,2912.4972892772867
2025-02-10 18:15:00,long,2903.9,close,eod,2897.640654117022,2912.4972892772867
2025-02-10 19:45:00,long,2905.025,open,,2899.6344109149527,2914.004780898833
2025-02-10 20:15:00,long,2904.375,close,eod,2900.0737777787094,2914.004780898833
2025-02-12 00:00:00,short,2898.425,open,,2902.613331031943,2891.5491706941
2025-02-12 00:45:00,short,2891.5491706941,close,tp,2897.4488149698172,2891.5491706941
2025-02-12 02:00:00,short,2893.135,open,,2898.9167852338096,2883.5256258408335
2025-02-12 06:00:00,short,2890.160481394964,close,trail,2889.995481394964,2883.5256258408335
2025-02-17 08:15:00,short,2900.205,open,,2906.5573602106797,2889.54211963131
2025-02-17 09:00:00,short,2904.02,close,trail,2903.9459636510455,2889.54211963131
2025-02-18 18:00:00,long,2931.415,open,,2926.3605677028695,2939.8065065199785
2025-02-18 18:30:00,long,2930.02,close,eod,2926.769086437678,2939.8065065199785
2025-02-19 01:15:00,long,2932.65,open,,2929.630287776837,2937.906996390535
2025-02-19 01:45:00,long,2937.906996390535,close,tp,2932.695401195334,2937.906996390535
2025-02-27 13:45:00,short,2886.255,open,,2893.470245252771,2874.1095708076505
2025-02-27 14:45:00,short,2874.1095708076505,close,tp,2889.8076746580696,2874.1095708076505
2025-02-27 23:30:00,short,2875.265,open,,2881.0086218229476,2865.6674118098413
2025-02-28 00:30:00,short,2880.210168754821,close,trail,2880.045168754821,2865.6674118098413
2025-02-28 12:45:00,short,2856.225,open,,2861.346721726256,2847.7157369790516
2025-02-28 13:15:00,short,2861.511721726256,close,sl,2861.346721726256,2847.7157369790516
2025-03-04 00:15:00,long,2893.295,open,,2888.1536215997353,2901.8386622004637
2025-03-04 01:00:00,long,2888.3202611715083,close,trail,2888.4852611715082,2901.8386622004637
2025-03-04 18:15:00,long,2914.205,open,,2906.7929826444138,2926.7222803722757
2025-03-04 18:45:00,long,2908.685,close,eod,2906.9865768719687,2926.7222803722757
2025-03-05 00:30:00,long,2916.825,open,,2912.219184008158,2924.4314279857226
2025-03-05 01:00:00,long,2912.2297811090752,close,trail,2912.394781109075,2924.4314279857226
2025-03-10 23:00:00,short,2884.455,open,,2891.021179429325,2873.4454359986817
2025-03-11 00:15:00,short,2888.66,close,trail,2888.611288960426,2873.4454359986817
2025-03-11 00:45:00,short,2885.6150000000002,open,,2891.0168001750617,2876.7255996936424
2025-03-11 01:45:00,short,2890.904843008089,close,trail,2890.739843008089,2876.7255996936424
2025-03-11 22:15:00,long,2917.435,open,,2913.07581024577,2924.609832069903
2025-03-12 00:00:00,long,2913.61,close,trail,2913.770112392246,2924.609832069903
2025-03-14 06:45:00,long,2984.935,open,,2979.863650831274,2993.3561110452706
2025-03-14 09:00:00,long,2993.3561110452706,close,tp,2987.838189186663,2993.3561110452706
2025-03-18 11:30:00,long,3024.735,open,,3019.457398891862,3033.5170519392423
2025-03-18 12:30:00,long,3033.5170519392423,close,tp,3024.794092698768,3033.5170519392423
2025-03-18 17:00:00,long,3036.205,open,,3029.6848343886923,3047.1615398197882
2025-03-18 17:30:00,long,3030.077229651474,close,trail,3030.242229651474,3047.1615398197882
2025-03-18 18:00:00,short,3032.775,close,manual,,
2025-03-19 00:30:00,long,3033.685,open,,3030.5859347394935,3038.6546142058864
2025-03-19 01:00:00,long,3030.4209347394935,close,sl,3030.5859347394935,3038.6546142058864
2025-03-27 22:30:00,long,3056.535,open,,3052.271341398138,3063.5426525532584
2025-03-28 01:00:00,long,3063.5426525532584,close,tp,3058.4314294427827,3063.5426525532584
2025-03-28 12:15:00,long,3076.575,open,,3071.069459505154,3085.75594586598
2025-03-28 13:00:00,long,3074.7675441651586,close,trail,3074.9325441651586,3085.75594586598
2025-04-04 02:30:00,short,3104.775,open,,3111.8624240133277,3092.303257976677
2025-04-04 03:00:00,short,3092.303257976677,close,tp,3105.3523196849615,3092.303257976677
2025-04-07 06:00:00,short,3031.555,open,,3051.9890938345634,2996.7440857895144
2025-04-07 08:45:00,short,3032.9358805209476,close,trail,3032.7708805209477,2996.7440857895144
2025-04-07 09:45:00,short,3025.585,open,,3042.5714133058827,2996.312526714705
2025-04-07 11:00:00,short,3040.5616947748354,close,trail,3040.3966947748354,2996.312526714705
2025-04-07 18:30:00,short,2969.705,open,,2987.099232075894,2939.663843867185
2025-04-07 19:00:00,short,2965.915,close,eod,2981.9729858205415,2939.663843867185
2025-04-09 11:15:00,long,3045.785,open,,3035.388661306716,3063.387342713247
2025-04-09 11:30:00,long,3063.387342713247,close,tp,3035.388661306716,3063.387342713247
2025-04-10 01:45:00,long,3088.285,open,,3074.0040205981336,3112.7404639532665
2025-04-10 02:00:00,long,3112.7404639532665,close,tp,3074.0040205981336,3112.7404639532665
2025-04-10 11:00:00,long,3120.375,open,,3109.5422330210326,3138.7410922131926
2025-04-10 13:30:00,long,3121.162561039078,close,trail,3121.327561039078,3138.7410922131926
2025-04-11 04:30:00,long,3216.415,open,,3205.5156512136095,3235.035110376183
2025-04-11 05:00:00,long,3205.8668370158157,close,trail,3206.031837015816,3235.035110376183
2025-04-11 09:45:00,long,3222.525,open,,3208.622757745779,3246.4276739448865
2025-04-11 10:30:00,long,3220.782632954269,close,trail,3220.947632954269,3246.4276739448865
2025-04-16 11:45:00,long,3303.275,open,,3292.6758591377998,3321.34224650885
2025-04-16 13:15:00,long,3301.9986316335567,close,trail,3302.1636316335566,3321.34224650885
2025-04-16 14:00:00,long,3311.755,open,,3300.311982749223,3331.3265301888605
2025-04-16 16:15:00,long,3331.3265301888605,close,tp,3314.1912986480756,3331.3265301888605
2025-04-21 18:30:00,long,3425.115,open,,3413.8398617996572,3444.3102418506
2025-04-21 19:00:00,long,3426.265,close,eod,3415.916666551745,3444.3102418506
2025-04-23 08:15:00,short,3306.455,open,,3324.6342995385503,3274.7649758075368
2025-04-23 09:00:00,short,3323.975264608672,close,trail,3323.810264608672,3274.7649758075368
2025-04-23 18:30:00,short,3280.175,open,,3296.942596277384,3251.2854565145785
2025-04-23 19:00:00,short,3283.0149999999994,close,eod,3295.6795600554997,3251.2854565145785
2025-04-24 10:00:00,long,3335.985,open,,3323.7231747208575,3356.9894442385
2025-04-24 13:00:00,long,3330.7499559648163,close,trail,3330.9149559648163,3356.9894442385
2025-04-25 12:15:00,short,3292.915,open,,3304.1625165749647,3273.768095993812
2025-04-25 13:15:00,short,3273.7680959938116,close,tp,3295.687154854684,3273.768095993812
2025-04-25 14:45:00,short,3282.065,open,,3295.908613803956,3258.2924258430767
2025-04-25 15:45:00,short,3285.5123366267912,close,trail,3285.347336626791,3258.2924258430767
2025-04-29 15:45:00,short,3306.085,open,,3316.8083372143456,3288.0204098748954
2025-04-29 16:15:00,short,3316.9733372143455,close,sl,3316.8083372143456,3288.0204098748954
2025-05-01 09:15:00,short,3230.105,open,,3239.52142124633,3214.080012818922
2025-05-01 10:15:00,short,3214.080012818922,close,tp,3224.7689655928893,3214.080012818922
2025-05-01 11:30:00,short,3222.995,open,,3232.1949342291914,3207.3488650989148
2025-05-01 11:45:00,short,3207.3488650989148,close,tp,3232.1949342291914,3207.3488650989148
2025-05-01 15:00:00,short,3218.965,open,,3232.5152004900337,3195.705899142441
2025-05-01 16:45:00,short,3219.942791718879,close,trail,3219.777791718879,3195.705899142441
2025-05-02 07:00:00,long,3253.095,open,,3244.6706815488005,3267.3838072895987
2025-05-02 10:30:00,long,3257.8661415595584,close,trail,3258.031141559558,3267.3838072895987
2025-05-06 11:00:00,long,3383.755,open,,3374.1666280814347,3400.0809008574897
2025-05-06 11:30:00,long,3374.584643600829,close,trail,3374.749643600829,3400.0809008574897
2025-05-09 04:00:00,short,3308.17,open,,3322.342199392708,3283.3961510627605
2025-05-09 04:45:00,short,3321.2981221085206,close,trail,3321.1331221085206,3283.3961510627605
2025-05-13 08:45:00,long,3254.555,open,,3245.469395028637,3270.221058699885
2025-05-13 12:00:00,long,3248.5928541640747,close,trail,3248.7578541640746,3270.221058699885
2025-05-14 16:45:00,short,3179.57,open,,3190.9320110281606,3159.658980700719
2025-05-14 17:15:00,short,3186.825,close,eod,3190.9320110281606,3159.658980700719
2025-05-14 22:15:00,short,3180.7,open,,3188.8630705478636,3166.442126541239
2025-05-15 00:45:00,short,3187.724100229808,close,trail,3187.559100229808,3166.442126541239
2025-05-19 06:00:00,long,3224.275,open,,3213.907623648972,3241.936658614299
2025-05-19 08:45:00,long,3241.936658614299,close,tp,3228.7840063959466,3241.936658614299
2025-05-19 10:00:00,long,3242.15,open,,3232.4606431411953,3258.7763745029088
2025-05-19 12:45:00,long,3237.6185562461847,close,trail,3237.783556246185,3258.7763745029088
2025-05-19 16:45:00,long,3232.205,open,,3222.060345644566,3249.5043951220096
2025-05-19 17:15:00,long,3229.855,close,eod,3222.752823540468,3249.5043951220096
2025-05-21 00:15:00,long,3294.875,open,,3287.5435668091145,3307.25125808405
2025-05-21 01:00:00,long,3307.2512580840494,close,tp,3295.6960737170643,3307.25125808405
2025-05-21 07:30:00,long,3312.815,open,,3303.2768917295616,3329.0529394732675
2025-05-21 11:30:00,long,3307.929489271986,close,trail,3308.094489271986,3329.0529394732675
2025-05-23 00:45:00,short,3302.795,open,,3309.696499545954,3291.19862579458
2025-05-23 02:45:00,short,3291.1986257945796,close,tp,3302.997805390537,3291.19862579458
2025-05-23 11:30:00,long,3331.545,open,,3324.409125786315,3343.579029873949
2025-05-23 11:45:00,long,3343.579029873949,close,tp,3324.409125786315,3343.579029873949
2025-05-23 18:15:00,long,3365.325,open,,3355.6534750008764,3381.796418748466
2025-05-23 18:45:00,long,3364.835,close,eod,3356.5162616078987,3381.796418748466
2025-05-26 14:30:00,short,3336.565,open,,3343.2389499973833,3325.394337504579
2025-05-26 16:30:00,short,3342.0531949245856,close,trail,3341.8881949245856,3325.394337504579
2025-05-27 14:00:00,short,3294.8450000000003,open,,3304.6539189890614,3279.0131417691423
2025-05-27 17:15:00,short,3299.6930896228578,close,trail,3299.528089622858,3279.0131417691423
2025-05-27 17:45:00,short,3303.4449999999997,close,manual,,
2025-05-28 01:00:00,short,3308.375,open,,3313.819555631793,3299.493277644363
2025-05-28 01:45:00,short,3299.4932776443634,close,tp,3307.4321879457175,3299.493277644363
2025-05-29 17:45:00,long,3323.165,open,,3314.2658141374213,3338.367325259513
2025-05-29 18:15:00,long,3321.3549999999996,close,eod,3314.7857274960415,3338.367325259513
2025-05-30 01:15:00,long,3316.305,open,,3310.8032443063357,3325.6168224639127
2025-05-30 01:30:00,long,3310.6382443063358,close,sl,3310.8032443063357,3325.6168224639127
2025-05-30 17:30:00,short,3291.515,open,,3302.424379565067,3272.8498357611334
2025-05-30 18:00:00,short,3291.1549999999997,close,eod,3301.1897456453894,3272.8498357611334
2025-06-03 00:00:00,long,3387.575,open,,3381.5460888647644,3397.7543444866624
2025-06-03 00:15:00,long,3381.3810888647645,close,sl,3381.5460888647644,3397.7543444866624
2025-06-03 01:30:00,long,3368.735,open,,3361.4446279806943,3381.2869010337845
2025-06-03 02:30:00,long,3367.010107110491,close,trail,3367.175107110491,3381.2869010337845
2025-06-03 16:30:00,short,3348.985,open,,3357.860250462845,3334.017061690021
2025-06-03 17:15:00,short,3351.1650000000004,close,eod,3356.3493295433204,3334.017061690021
2025-06-08 22:45:00,short,3312.145,open,,3319.763150862726,3299.12948599023
2025-06-09 00:45:00,short,3299.1294859902305,close,tp,3310.5603417149664,3299.12948599023
2025-06-09 03:30:00,short,3304.24,open,,3313.3260932494427,3288.586836813475
2025-06-09 04:15:00,short,3312.906833771511,close,trail,3312.7418337715108,3288.586836813475
2025-06-12 06:45:00,long,3372.265,open,,3365.6188139205824,3383.469575638981
2025-06-12 07:30:00,long,3365.689181390706,close,trail,3365.854181390706,3383.469575638981
2025-06-13 10:30:00,long,3422.315,open,,3412.723285172509,3438.5917509481096
2025-06-13 10:45:00,long,3412.558285172509,close,sl,3412.723285172509,3438.5917509481096
2025-06-13 14:45:00,long,3436.465,open,,3425.4993187497653,3454.898692187911
2025-06-13 15:00:00,long,3425.3343187497653,close,sl,3425.4993187497653,3454.898692187911
2025-06-16 23:45:00,short,3393.925,open,,3400.298437084516,3383.2802351020973
2025-06-17 00:00:00,short,3402.96,close,sl,3400.298437084516,3383.2802351020973
2025-06-17 06:00:00,short,3392.385,open,,3399.9667993228277,3379.790601185052
2025-06-17 07:00:00,short,3389.3594052887215,close,trail,3389.1944052887216,3379.790601185052
2025-06-24 10:00:00,short,3318.58,open,,3327.237976360695,3303.621041368784
2025-06-24 10:30:00,short,3327.229862270191,close,trail,3327.064862270191,3303.621041368784
2025-06-27 10:00:00,short,3282.635,open,,3290.392973159906,3269.512296970165
2025-06-27 10:15:00,short,3290.557973159906,close,sl,3290.392973159906,3269.512296970165
2025-06-27 11:15:00,short,3283.925,open,,3291.978941649054,3270.2568521141557
2025-06-27 12:45:00,short,3270.2568521141557,close,tp,3279.925287036562,3270.2568521141557
2025-06-27 16:45:00,short,3274.655,open,,3284.2079642338613,3258.5285625907427
2025-06-27 17:15:00,short,3276.4049999999997,close,eod,3283.700515079197,3258.5285625907427
2025-06-29 22:15:00,short,3265.665,open,,3272.2026738069967,3254.6778208377555
2025-06-29 22:30:00,short,3249.6549999999997,close,tp,3272.2026738069967,3254.6778208377555
2025-06-30 00:45:00,short,3264.775,open,,3273.4121508045487,3250.1412360920394
2025-06-30 01:15:00,short,3273.1809106426977,close,trail,3273.015910642698,3250.1412360920394
2025-07-01 02:45:00,long,3318.235,open,,3313.0112981605,3327.115228219125
2025-07-01 05:00:00,long,3327.115228219125,close,tp,3318.2113310621785,3327.115228219125
2025-07-04 02:45:00,short,3329.665,open,,3334.077751305829,3322.341435214799
2025-07-04 03:30:00,short,3333.8362498504343,close,trail,3333.6712498504344,3322.341435214799
2025-07-07 08:45:00,short,3310.225,open,,3317.4775235449915,3297.9868337962644
2025-07-07 10:30:00,short,3297.9868337962644,close,tp,3313.6119722177227,3297.9868337962644
2025-07-08 06:30:00,long,3334.855,open,,3329.900024403456,3343.099957293952
2025-07-08 07:15:00,long,3333.0752327311925,close,trail,3333.240232731193,3343.099957293952
2025-07-08 22:30:00,short,3301.665,open,,3307.2577444747153,3292.331447169248
2025-07-09 00:00:00,short,3303.2846695187463,close,trail,3303.119669518747,3292.331447169248
2025-07-09 07:30:00,short,3290.635,open,,3296.9838319160363,3279.923294146937
2025-07-09 10:00:00,short,3291.393189926565,close,trail,3291.228189926565,3279.923294146937
2025-07-11 17:45:00,long,3352.3849999999998,open,,3345.425654154041,3364.0826052304287
2025-07-11 18:15:00,long,3354.9549999999995,close,eod,3348.7526558777186,3364.0826052304287
2025-07-14 02:30:00,long,3359.185,open,,3352.486754589441,3370.4256794684793
2025-07-14 05:15:00,long,3353.9579497378754,close,trail,3354.122949737875,3370.4256794684793
2025-07-16 01:00:00,short,3330.355,open,,3334.6298362466705,3323.3277865683267
2025-07-16 01:30:00,short,3334.647613906568,close,trail,3334.482613906568,3323.3277865683267
2025-07-16 02:45:00,short,3328.205,open,,3332.55565889624,3321.04509693158
2025-07-16 03:15:00,short,3332.66393547686,close,trail,3332.49893547686,3321.04509693158
2025-07-21 19:00:00,long,3395.665,open,,3390.8752252955583,3403.5108557327726
2025-07-21 19:30:00,long,3398.185,close,eod,3393.878178953823,3403.5108557327726
2025-07-22 05:00:00,long,3391.315,open,,3386.4721009627933,3399.171323315112
2025-07-22 05:30:00,long,3386.410510524041,close,trail,3386.575510524041,3399.171323315112
2025-07-23 00:15:00,long,3433.015,open,,3428.3681047863465,3440.7483166238935
2025-07-23 01:00:00,long,3428.203104786347,close,sl,3428.3681047863465,3440.7483166238935
2025-07-23 02:45:00,long,3421.775,open,,3415.671537098377,3432.02981007784
2025-07-23 04:00:00,long,3422.1901920572645,close,trail,3422.3551920572645,3432.02981007784
2025-07-23 06:45:00,long,3423.9049999999997,open,,3418.394377682534,3432.902339055566
2025-07-23 07:30:00,long,3423.058545042593,close,trail,3423.223545042593,3432.902339055566
2025-07-24 01:15:00,short,3389.995,open,,3394.886322772463,3381.9164351481904
2025-07-24 02:00:00,short,3381.91643514819,close,tp,3393.0839800040453,3381.9164351481904
2025-07-24 04:45:00,short,3383.035,open,,3389.33820473008,3372.4306417223597
2025-07-24 06:15:00,short,3372.4306417223593,close,tp,3381.5851303911677,3372.4306417223597
2025-07-24 11:00:00,short,3364.145,open,,3370.1000787616717,3354.2048621670747
2025-07-24 12:45:00,short,3354.204862167074,close,tp,3366.792743891125,3354.2048621670747
2025-07-28 00:30:00,short,3332.285,open,,3337.9060561534716,3322.8744017314248
2025-07-28 01:00:00,short,3338.071056153471,close,sl,3337.9060561534716,3322.8744017314248
2025-07-28 02:45:00,short,3332.525,open,,3339.0801068260016,3321.672313054497
2025-07-28 03:15:00,short,3338.99,close,trail,3338.851112518338,3321.672313054497
2025-07-29 00:15:00,short,3310.835,open,,3315.0676040164203,3303.8541929712637
2025-07-29 01:15:00,short,3313.4527299937504,close,trail,3313.2877299937504,3303.8541929712637
2025-07-30 23:15:00,short,3278.45,open,,3285.8825617174402,3265.66301699448
2025-07-30 23:45:00,short,3285.3744792359557,close,trail,3285.2094792359558,3265.66301699448
2025-07-31 05:15:00,short,3296.055,open,,3301.9492620001843,3286.193791499677
2025-07-31 05:45:00,short,3301.5855371328116,close,trail,3301.4205371328117,3286.193791499677
2025-08-04 06:45:00,long,3360.415,open,,3355.32692220855,3368.8653861350376
2025-08-04 07:15:00,long,3355.8916574145155,close,trail,3356.0566574145155,3368.8653861350376
2025-08-04 10:45:00,long,3358.295,open,,3352.8916938671928,3367.297035732413
2025-08-04 11:15:00,long,3367.297035732413,close,tp,3358.985695222222,3367.297035732413
2025-08-11 12:15:00,short,3353.515,open,,3361.146120734229,3340.641788715099
2025-08-11 13:30:00,short,3358.54,close,trail,3358.4339946712394,3340.641788715099
2025-08-11 14:30:00,short,3351.675,open,,3360.5943596203747,3336.657370664344
2025-08-11 17:15:00,short,3343.2949999999996,close,eod,3350.619453069619,3336.657370664344
2025-08-11 23:30:00,short,3346.755,open,,3352.4804856180835,3337.189150168354
2025-08-12 00:15:00,short,3352.0445269325546,close,trail,3351.8795269325547,3337.189150168354
2025-08-21 01:15:00,long,3344.115,open,,3340.7241472347155,3349.5952423392473
2025-08-21 02:15:00,long,3341.15092287075,close,trail,3341.31592287075,3349.5952423392473
2025-08-25 06:15:00,long,3367.925,open,,3364.5444910664664,3373.3871406336843
2025-08-25 08:00:00,long,3365.461638753367,close,trail,3365.626638753367,3373.3871406336843
2025-08-25 09:30:00,long,3362.745,open,,3359.35281970328,3368.3375655192594
2025-08-25 10:00:00,long,3368.337565519259,close,tp,3363.9832220910935,3368.3375655192594
2025-08-28 23:00:00,long,3416.79,open,,3413.3228164109014,3422.8575712809225
2025-08-29 00:15:00,long,3414.3017092927294,close,trail,3414.4667092927293,3422.8575712809225
2025-09-01 00:00:00,long,3447.92,open,,3442.805684191116,3457.0350526655466
2025-09-01 00:15:00,long,3442.7600000000007,close,sl,3442.805684191116,3457.0350526655466
2025-09-01 14:15:00,long,3478.195,open,,3471.6567598603096,3489.183170244459
2025-09-01 17:15:00,long,3476.9249999999997,close,eod,3473.261597650661,3489.183170244459
2025-09-03 00:00:00,long,3530.165,open,,3524.53772342646,3539.5589840036946
2025-09-03 00:15:00,long,3539.5589840036946,close,tp,3524.53772342646,3539.5589840036946
2025-09-03 06:15:00,long,3533.225,open,,3526.4685709256287,3544.5950008801497
2025-09-03 07:15:00,long,3530.2953239103635,close,trail,3530.4603239103635,3544.5950008801497
2025-09-03 10:30:00,long,3536.985,open,,3530.800997258191,3547.3532547981667
2025-09-03 11:00:00,long,3547.3532547981667,close,tp,3534.055681309358,3547.3532547981667
2025-09-03 12:30:00,long,3547.395,open,,3540.6787824382727,3558.749630733023
2025-09-03 13:15:00,long,3558.7496307330234,close,tp,3550.367514583413,3558.749630733023
2025-09-07 22:30:00,long,3593.715,open,,3586.1012543856177,3606.5853048251693
2025-09-08 01:00:00,long,3587.43550340247,close,trail,3587.60050340247,3606.5853048251693
2025-09-08 02:30:00,long,3590.335,open,,3582.2435826673213,3604.0412303321878
2025-09-08 04:00:00,long,3582.9562774911856,close,trail,3583.1212774911855,3604.0412303321878
2025-09-08 23:15:00,long,3630.735,open,,3625.2793970090543,3639.8285552341554
2025-09-09 00:15:00,long,3639.8285552341554,close,tp,3631.895307110985,3639.8285552341554
2025-09-16 00:15:00,long,3679.665,open,,3675.2859275087253,3686.8196268597308
2025-09-16 00:45:00,long,3686.8196268597308,close,tp,3679.8969732090536,3686.8196268597308
2025-09-16 04:45:00,long,3682.805,open,,3677.924583704499,3690.891978517126
2025-09-16 06:45:00,long,3690.8919785171265,close,tp,3685.453980043887,3690.891978517126
2025-09-16 08:15:00,long,3696.105,open,,3690.6310808623075,3705.340608490962
2025-09-16 10:45:00,long,3693.013933688346,close,trail,3693.1789336883453,3705.340608490962
2025-09-16 11:45:00,long,3696.715,open,,3691.5556797967733,3705.2900603556473
2025-09-16 12:15:00,long,3691.3906797967734,close,sl,3691.5556797967733,3705.2900603556473
2025-09-22 00:15:00,long,3690.6549999999997,open,,3685.7128400924853,3698.905029838151
2025-09-22 01:15:00,long,3689.749768088335,close,trail,3689.9147680883348,3698.905029838151
2025-09-22 03:15:00,long,3690.275,open,,3684.023996852952,3700.8705055073337
2025-09-22 06:15:00,long,3700.8705055073333,close,tp,3695.3590567088354,3700.8705055073337
2025-09-22 13:00:00,long,3721.845,open,,3714.7082923402377,3733.6879884045843
2025-09-22 13:45:00,long,3715.7591653341847,close,trail,3715.9241653341846,3733.6879884045843
2025-09-23 00:30:00,long,3749.105,open,,3743.8151947432807,3757.9359091992583
2025-09-23 01:15:00,long,3749.2598078903015,close,trail,3749.4248078903015,3757.9359091992583
2025-09-23 01:45:00,short,3757.2650000000003,close,manual,,
2025-09-23 04:30:00,long,3746.235,open,,3738.6396626468945,3759.073090367935
2025-09-23 07:00:00,long,3750.373118135586,close,trail,3750.538118135586,3759.073090367935
2025-09-29 00:15:00,long,3774.315,open,,3767.2971742075392,3786.1424451368066
2025-09-29 00:45:00,long,3786.1424451368066,close,tp,3775.4087369442555,3786.1424451368066
2025-09-29 08:15:00,long,3816.195,open,,3805.8334570229404,3833.6814502098546
2025-09-29 09:30:00,long,3808.961103731739,close,trail,3809.1261037317386,3833.6814502098546
2025-09-29 11:00:00,long,3818.1349999999998,open,,3809.004939811336,3833.713855330161
2025-09-29 12:15:00,long,3820.211465950427,close,trail,3820.3764659504263,3833.713855330161
2025-09-29 13:15:00,long,3817.305,open,,3807.823448687919,3833.553964796141
2025-09-29 16:15:00,long,3833.553964796141,close,tp,3820.455984785379,3833.553964796141
2025-10-01 06:30:00,long,3862.015,open,,3854.7240201253053,3874.3204647807156
2025-10-01 07:45:00,long,3874.320464780715,close,tp,3862.587233022669,3874.3204647807156
2025-10-06 11:30:00,long,3938.775,open,,3928.4709851064945,3956.353276063635
2025-10-06 12:15:00,long,3929.798613075426,close,trail,3929.9636130754257,3956.353276063635
2025-10-06 12:45:00,long,3931.685,open,,3920.854773519117,3950.4591463415454
2025-10-06 14:30:00,long,3950.459146341546,close,tp,3937.1578112044403,3950.4591463415454
2025-10-07 01:45:00,long,3959.88,open,,3950.137571260593,3976.9842502939623
2025-10-07 04:45:00,long,3976.9842502939623,close,tp,3965.6976835048226,3976.9842502939623
2025-10-07 06:00:00,long,3964.995,open,,3955.8110514156233,3980.4756600226597
2025-10-07 06:30:00,long,3956.0134320879606,close,trail,3956.1784320879606,3980.4756600226597
2025-10-08 17:45:00,long,4049.9049999999997,open,,4038.9861231741543,4068.5592844452294
2025-10-08 18:15:00,long,4039.293621512408,close,trail,4039.458621512408,4068.5592844452294
2025-10-08 18:45:00,short,4048.095,close,manual,,
2025-10-10 06:15:00,short,3970.765,open,,3983.2884007833522,3949.6052986291334
2025-10-10 07:45:00,short,3971.1628954022626,close,trail,3970.997895402263,3949.6052986291334
2025-10-13 00:30:00,long,4040.715,open,,4022.5969672092288,4071.9678073838504
2025-10-13 05:15:00,long,4071.96780738385,close,tp,4050.4105162274614,4071.9678073838504
2025-10-13 14:30:00,long,4095.375,open,,4083.783006646018,4113.942238369469
2025-10-13 16:00:00,long,4113.942238369469,close,tp,4094.2554136863223,4113.942238369469
2025-10-16 13:15:00,long,4246.035,open,,4233.644702168718,4267.181771204743
2025-10-16 14:30:00,long,4267.181771204743,close,tp,4251.5941078884,4267.181771204743
2025-10-17 06:45:00,long,4364.225,open,,4341.891668737756,4402.689579708927
2025-10-17 07:15:00,long,4341.983887840208,close,trail,4342.148887840208,4402.689579708927
2025-10-20 02:45:00,short,4260.765,open,,4281.548997390873,4224.846754565972
2025-10-20 06:30:00,short,4224.846754565972,close,tp,4243.374571662297,4224.846754565972
2025-10-20 08:45:00,short,4258.865,open,,4275.476061228426,4230.221892850255
2025-10-20 11:45:00,short,4266.352571392306,close,trail,4266.187571392306,4230.221892850255
2025-10-21 18:45:00,short,4113.635,open,,4144.271910552325,4060.4741565334325
2025-10-21 20:15:00,short,4121.035,close,eod,4130.118866152065,4060.4741565334325
2025-10-22 12:45:00,short,4045.045,open,,4077.7914650630028,3988.192436139745
2025-10-22 13:30:00,short,4077.397513243099,close,trail,4077.232513243099,3988.192436139745
2025-10-23 08:15:00,long,4111.495,open,,4093.4682255680964,4142.698105255831
2025-10-23 10:30:00,long,4107.39815004409,close,trail,4107.5631500440895,4142.698105255831
2025-10-23 15:30:00,long,4145.1449999999995,open,,4127.266184229296,4175.9791775987305
2025-10-23 16:30:00,long,4128.6189119838855,close,trail,4128.783911983885,4175.9791775987305
2025-10-27 22:15:00,short,3985.445,open,,4000.378909515498,3959.5719083478784
2025-10-27 23:30:00,short,3997.5084354467967,close,trail,3997.3434354467963,3959.5719083478784
2025-10-30 17:30:00,long,4002.615,open,,3985.568848546086,4032.047015044349
2025-10-30 18:00:00,long,4004.435,close,eod,3988.182910225962,4032.047015044349
2025-10-30 22:15:00,long,4022.26,open,,4009.2834845295483,4044.8864020732904
2025-10-30 22:45:00,long,4044.8864020732904,close,tp,4011.7064483953764,4044.8864020732904
2025-10-31 01:15:00,long,4032.985,open,,4019.033142738236,4056.892000208087
2025-10-31 01:45:00,long,4018.868142738236,close,sl,4019.033142738236,4056.892000208087
2025-11-05 16:30:00,long,3981.465,open,,3969.3353583150533,4002.2381229486573
2025-11-05 18:15:00,long,3983.415,close,eod,3976.0930702318105,4002.2381229486573
2025-11-05 19:30:00,long,3984.465,open,,3974.545325618752,4001.370680167184
2025-11-05 20:00:00,long,3987.7450000000003,close,eod,3978.3068623957606,4001.370680167184
2025-11-10 17:00:00,long,4095.265,open,,4084.242763300276,4113.935164224517
2025-11-10 18:15:00,long,4104.81,close,eod,4094.7330690226718,4113.935164224517
2025-11-13 00:30:00,long,4193.065,open,,4181.853031005923,4212.204695739635
2025-11-13 01:00:00,long,4194.152766530617,close,trail,4194.317766530617,4212.204695739635
2025-11-14 09:00:00,short,4175.965,open,,4190.350701380873,4151.2437725834725
2025-11-14 11:00:00,short,4151.2437725834725,close,tp,4178.488724892351,4151.2437725834725
2025-11-17 02:00:00,short,4091.105,open,,4107.57444633987,4062.737218905228
2025-11-17 05:15:00,short,4062.737218905228,close,tp,4085.0818117914628,4062.737218905228
2025-11-18 06:45:00,short,4011.035,open,,4025.1741921579214,3986.910163723638
2025-11-18 07:45:00,short,4015.9106287066156,close,trail,4015.7456287066157,3986.910163723638
2025-11-19 08:30:00,long,4088.175,open,,4076.9435663892127,4107.376258818878
2025-11-19 09:45:00,long,4107.376258818878,close,tp,4087.422559936615,4107.376258818878
2025-11-19 14:15:00,long,4117.865,open,,4105.703619330386,4138.666166171824
2025-11-19 14:30:00,long,4105.538619330386,close,sl,4105.703619330386,4138.666166171824
2025-11-25 07:00:00,long,4141.725,open,,4131.652975244087,4158.897293322848
2025-11-25 07:30:00,long,4131.912386817607,close,trail,4132.077386817607,4158.897293322848
2025-12-01 08:00:00,long,4245.455,open,,4233.828282358124,4265.458005873283
2025-12-01 12:00:00,long,4248.195628379578,close,trail,4248.360628379578,4265.458005873283
2025-12-01 13:15:00,long,4254.515,open,,4243.846830109751,4272.6480473079355
2025-12-01 13:45:00,long,4250.789154533408,close,trail,4250.954154533408,4272.6480473079355
2025-12-02 08:45:00,short,4212.3550000000005,open,,4222.150565251302,4195.639010810221
2025-12-02 09:15:00,short,4195.639010810221,close,tp,4217.210334323827,4195.639010810221
2025-12-02 13:15:00,short,4204.775,open,,4214.937812541002,4187.416328053247
2025-12-02 14:00:00,short,4215.102812541002,close,sl,4214.937812541002,4187.416328053247
2025-12-02 19:45:00,short,4194.915,open,,4207.538932209818,4173.276868632818
2025-12-02 20:15:00,short,4198.3949999999995,close,eod,4206.928900731935,4173.276868632818
2025-12-12 05:15:00,long,4269.455,open,,4262.063201604877,4281.9368971914655
2025-12-12 06:30:00,long,4281.9368971914655,close,tp,4273.932001283839,4281.9368971914655
2025-12-16 02:45:00,short,4309.215,open,,4318.840264782825,4292.824536630056
2025-12-16 03:00:00,short,4289.925,close,tp,4318.840264782825,4292.824536630056
2025-12-17 04:45:00,long,4329.915,open,,4321.515454688338,4344.160454295409
2025-12-17 06:30:00,long,4329.4388887795085,close,trail,4329.603888779508,4344.160454295409
2025-12-17 09:00:00,long,4319.345,open,,4309.608559694771,4336.067520534149
2025-12-17 10:30:00,long,4313.197906714539,close,trail,4313.362906714539,4336.067520534149
2025-12-22 08:30:00,long,4413.615,open,,4403.797113795616,4430.2600508576725
2025-12-22 12:00:00,long,4406.7556320889435,close,trail,4406.920632088943,4430.2600508576725
2025-12-22 19:00:00,long,4435.525,open,,4425.573872746448,4452.458222693717
2025-12-22 19:30:00,long,4432.725,close,eod,4425.696834153824,4452.458222693717
2025-12-23 05:45:00,long,4481.3949999999995,open,,4472.233009543675,4496.974733298568
2025-12-23 06:00:00,long,4472.068009543675,close,sl,4472.233009543675,4496.974733298568
2025-12-23 06:30:00,long,4476.315,open,,4466.409020396302,4493.141714306471
2025-12-23 08:45:00,long,4493.141714306471,close,tp,4483.601208276725,4493.141714306471
2025-12-23 10:15:00,long,4484.885,open,,4475.938586035842,4500.004974437276
2025-12-23 12:00:00,long,4485.76,close,trail,4485.877221280169,4500.004974437276
2025-12-29 11:45:00,short,4452.915,open,,4468.033449002214,4426.856464246126
2025-12-29 13:30:00,short,4426.856464246126,close,tp,4467.31142582438,4426.856464246126
2025-12-29 19:30:00,short,4330.575,open,,4351.647912052186,4293.876153908675
2025-12-29 20:00:00,short,4337.025,close,eod,4350.050980289895,4293.876153908675
2025-12-29 23:30:00,short,4333.635,open,,4349.720655052629,4305.911353657899
2025-12-30 00:15:00,short,4349.885655052629,close,sl,4349.720655052629,4305.911353657899
2025-12-30 00:45:00,short,4340.625,open,,4356.419000177485,4313.439249689402
2025-12-30 01:45:00,short,4350.477505255077,close,trail,4350.312505255077,4313.439249689402
2025-12-30 14:30:00,long,4390.865,open,,4376.964793201472,4414.406611897423
2025-12-30 14:45:00,long,4371.245,close,sl,4376.964793201472,4414.406611897423
2026-01-02 11:45:00,long,4395.235,open,,4386.1894413021355,4410.610977721262
2026-01-02 12:30:00,long,4386.614033571739,close,trail,4386.779033571739,4410.610977721262
2026-01-05 10:45:00,long,4435.205,open,,4425.011669461299,4452.589578442727
2026-01-05 11:15:00,long,4425.164730300814,close,trail,4425.329730300814,4452.589578442727
2026-01-06 00:15:00,long,4440.745,open,,4429.636334839452,4459.731414030959
2026-01-06 01:00:00,long,4430.2979876932,close,trail,4430.4629876932,4459.731414030959
2026-01-06 18:00:00,long,4489.3949999999995,open,,4477.049583364394,4511.23322911231
2026-01-06 18:30:00,long,4486.3550000000005,close,eod,4477.301528513176,4511.23322911231
2026-01-07 01:00:00,long,4492.315,open,,4483.926940968941,4506.182853304354
2026-01-07 01:15:00,long,4470.985,close,sl,4483.926940968941,4506.182853304354
2026-01-09 03:45:00,long,4464.115,open,,4453.680923702006,4481.920883521489
2026-01-09 08:00:00,long,4467.113851410194,close,trail,4467.278851410194,4481.920883521489
2026-01-12 07:45:00,long,4584.035,open,,4571.821335609889,4604.955162682694
2026-01-12 10:00:00,long,4586.14,close,trail,4586.261213300536,4604.955162682694
2026-01-12 14:45:00,long,4604.485,open,,4589.797678530407,4629.734062571786
2026-01-12 16:00:00,long,4629.734062571786,close,tp,4606.883644453558,4629.734062571786
2026-01-19 03:00:00,long,4662.635,open,,4644.018166473121,4694.760708672039
2026-01-19 07:15:00,long,4666.150898020339,close,trail,4666.315898020339,4694.760708672039
2026-01-19 09:15:00,long,4671.095,open,,4660.186725988022,4689.620729520962
2026-01-19 11:30:00,long,4661.506299056149,close,trail,4661.671299056149,4689.620729520962
2026-01-19 14:30:00,long,4668.295,open,,4659.4744694969795,4683.277178380286
2026-01-19 18:15:00,long,4675.325,close,eod,4669.341606169443,4683.277178380286
2026-01-20 13:45:00,long,4729.925,open,,4720.452595432187,4746.020457993673
2026-01-20 14:00:00,long,4746.020457993673,close,tp,4720.452595432187,4746.020457993673
2026-01-21 12:00:00,long,4867.105,open,,4852.1272880615215,4892.862245892336
2026-01-21 14:00:00,long,4864.315612193712,close,trail,4864.480612193712,4892.862245892336
2026-01-22 01:15:00,short,4791.325,open,,4817.963700931675,4745.07852336957
2026-01-22 05:00:00,short,4799.621521255574,close,trail,4799.456521255574,4745.07852336957
2026-01-23 04:30:00,long,4953.305,open,,4937.869807576186,4979.862836741676
2026-01-23 06:00:00,long,4948.99660471203,close,trail,4949.16160471203,4979.862836741676
2026-01-23 12:15:00,long,4934.1449999999995,open,,4919.152834724311,4959.927539232454
2026-01-23 13:15:00,long,4925.700206360919,close,trail,4925.865206360919,4959.927539232454
2026-01-23 14:45:00,long,4946.865,open,,4931.203193228605,4973.81941184994
2026-01-23 16:00:00,long,4973.81941184994,close,tp,4942.715517285261,4973.81941184994
2026-01-26 05:00:00,long,5070.505,open,,5052.717434877663,5101.17948896409
2026-01-26 05:15:00,long,5052.5524348776635,close,sl,5052.717434877663,5101.17948896409
2026-01-28 14:45:00,long,5279.455,open,,5257.261527853524,5317.784826256334
2026-01-28 15:00:00,long,5257.096527853524,close,sl,5257.261527853524,5317.784826256334
2026-01-30 11:45:00,short,5120.975,open,,5195.518492679877,4990.895137810214
2026-01-30 14:30:00,short,5088.570307675029,close,trail,5088.405307675029,4990.895137810214
2026-02-03 04:45:00,long,4820.825,open,,4768.860059336443,4911.2548961612265
2026-02-03 07:30:00,long,4911.2548961612265,close,tp,4857.055743931026,4911.2548961612265
2026-02-03 14:30:00,long,4925.055,open,,4891.499554036328,4983.295780436427
2026-02-03 16:30:00,long,4983.295780436427,close,tp,4937.163046029383,4983.295780436427
2026-02-04 02:00:00,long,5046.685,open,,5001.546563643243,5125.443513624326
2026-02-04 06:15:00,long,5054.466656498367,close,trail,5054.631656498367,5125.443513624326
2026-02-04 10:45:00,long,5060.085,open,,5033.470929119695,5106.205874040534
2026-02-04 11:15:00,long,5033.683709291982,close,trail,5033.848709291982,5106.205874040534
2026-02-05 11:45:00,short,4871.535,open,,4912.3440646313,4801.122886895224
2026-02-05 14:30:00,short,4862.03402826307,close,trail,4861.86902826307,4801.122886895224
2026-02-09 14:00:00,long,5007.275,open,,4984.71485707149,5046.329000124892
2026-02-09 15:30:00,long,5046.329000124892,close,tp,5015.489669739461,5046.329000124892
2026-02-17 23:30:00,short,4877.725,open,,4896.85102695044,4844.70820283673
2026-02-18 00:30:00,short,4879.354099768492,close,trail,4879.189099768492,4844.70820283673
2026-02-19 01:15:00,long,4966.065,open,,4951.666753268893,4990.8081817794355
2026-02-19 05:00:00,long,4990.8081817794355,close,tp,4973.380710208043,4990.8081817794355
2026-02-19 09:45:00,long,5003.595,open,,4991.866720629992,5023.968238897513
2026-02-19 10:00:00,long,4991.701720629992,close,sl,4991.866720629992,5023.968238897513
2026-02-23 14:15:00,long,5157.215,open,,5143.158834454599,5181.249539704452
2026-02-23 14:30:00,long,5181.249539704452,close,tp,5143.158834454599,5181.249539704452
2026-02-25 15:00:00,long,5191.485,open,,5176.993708472916,5216.446010172397
2026-02-25 15:15:00,long,5176.828708472916,close,sl,5176.993708472916,5216.446010172397
2026-02-25 19:15:00,long,5207.32,open,,5195.035792657738,5228.6523628489595
2026-02-25 19:45:00,long,5204.295,close,eod,5195.035792657738,5228.6523628489595
2026-03-02 05:30:00,long,5351.025,open,,5327.141379362571,5392.367586115501
2026-03-02 07:00:00,long,5392.367586115501,close,tp,5366.4894276632285,5392.367586115501
2026-03-05 19:30:00,short,5066.885,open,,5094.998913197677,5018.194401904064
2026-03-05 20:00:00,short,5066.105,close,eod,5092.391945563303,5018.194401904064
2026-03-10 00:45:00,long,5137.745,open,,5118.232602527587,5171.437945576723
2026-03-10 01:45:00,long,5171.437945576723,close,tp,5144.016347505998,5171.437945576723
2026-03-10 04:15:00,long,5164.585,open,,5144.508308621684,5199.265459912054
2026-03-10 07:15:00,long,5165.140788316903,close,trail,5165.305788316903,5199.265459912054
2026-03-10 07:45:00,long,5176.415,open,,5161.144735844677,5202.656712271815
2026-03-10 10:15:00,long,5175.535859688446,close,trail,5175.700859688446,5202.656712271815
2026-03-10 12:30:00,long,5179.875,open,,5163.784708300474,5207.57926047417
2026-03-10 13:15:00,long,5207.57926047417,close,tp,5184.925655661858,5207.57926047417
2026-03-11 00:00:00,long,5197.485,open,,5180.947587852249,5225.971721258564
2026-03-11 02:00:00,long,5198.836474547197,close,trail,5199.001474547197,5225.971721258564
2026-03-11 23:45:00,short,5146.835,open,,5164.030050983436,5117.1974107789865
2026-03-12 00:15:00,short,5156.597875592861,close,trail,5156.432875592861,5117.1974107789865
2026-03-12 02:30:00,short,5167.995,open,,5185.642092644532,5137.566337872069
2026-03-12 05:15:00,short,5137.566337872069,close,tp,5156.332464323065,5137.566337872069
2026-03-13 10:30:00,short,5089.215,open,,5104.925618517857,5062.17516759375
2026-03-13 11:45:00,short,5104.597446579173,close,trail,5104.432446579173,5062.17516759375
2026-03-18 23:45:00,short,4833.985,open,,4857.610209617828,4793.012133168801
2026-03-19 01:30:00,short,4854.23313106282,close,trail,4854.06813106282,4793.012133168801
2026-03-19 05:30:00,short,4846.565,open,,4861.43365664627,4821.026100869027
2026-03-19 06:15:00,short,4821.026100869027,close,tp,4842.568765169487,4821.026100869027
2026-03-20 18:15:00,short,4563.075,open,,4598.115843891829,4502.069773189298
2026-03-20 18:45:00,short,4526.175,close,eod,4561.274503151629,4502.069773189298
2026-03-22 22:45:00,short,4506.765,open,,4545.241650270789,4439.88461202612
2026-03-23 00:00:00,short,4439.88461202612,close,tp,4501.177426033409,4439.88461202612
2026-03-23 05:30:00,short,4356.235,open,,4400.4487691022205,4279.314654071113
2026-03-23 06:00:00,short,4279.314654071113,close,tp,4354.287739685078,4279.314654071113
2026-03-24 08:00:00,long,4417.485,open,,4378.025628026864,4486.002650952988
2026-03-24 11:00:00,long,4406.911456163362,close,trail,4407.076456163362,4486.002650952988
2026-03-24 23:00:00,long,4484.805,open,,4451.727344541418,4542.34714705252
2026-03-24 23:30:00,long,4542.34714705252,close,tp,4478.4799042219365,4542.34714705252
2026-03-25 12:45:00,long,4547.595,open,,4525.578207829786,4585.863136297874
2026-03-25 13:45:00,long,4543.551731997828,close,trail,4543.716731997828,4585.863136297874
2026-03-25 15:30:00,long,4560.865,open,,4534.462679941026,4606.615310103203
2026-03-25 17:15:00,long,4550.965,close,eod,4536.6049950803745,4606.615310103203
2026-03-26 03:30:00,short,4506.545,open,,4529.1647648438,4467.414161523349
2026-03-26 05:45:00,short,4467.414161523349,close,tp,4502.762526935239,4467.414161523349
2026-03-26 11:45:00,short,4440.585,open,,4466.421788987384,4395.824369272077
2026-03-26 13:45:00,short,4455.383920709111,close,trail,4455.218920709111,4395.824369272077
2026-03-26 17:30:00,short,4383.245,open,,4414.108428065446,4329.055250885471
2026-03-26 18:00:00,short,4381.605,close,eod,4411.759690525818,4329.055250885471
2026-03-31 13:15:00,long,4581.675,open,,4558.7053248622005,4621.390681491149
2026-03-31 14:00:00,long,4621.390681491149,close,tp,4583.803115423561,4621.390681491149
2026-04-01 01:30:00,long,4708.35,open,,4682.932655984604,4752.472852026944
2026-04-01 02:30:00,long,4683.038392663898,close,trail,4683.203392663898,4752.472852026944
2026-04-01 10:30:00,long,4728.705,open,,4708.235563288622,4763.8252642449115
2026-04-01 12:00:00,long,4741.219056373688,close,trail,4741.384056373688,4763.8252642449115
2026-04-01 14:15:00,long,4744.615,open,,4721.509594415748,4784.59570977244
2026-04-01 15:30:00,long,4784.59570977244,close,tp,4748.064849959106,4784.59570977244
2026-04-02 00:15:00,long,4792.795,open,,4774.289349765975,4824.7261379095435
2026-04-02 01:00:00,long,4774.124349765975,close,sl,4774.289349765975,4824.7261379095435
2026-04-05 23:15:00,short,4632.335,open,,4660.509755358536,4583.482928122563
2026-04-06 01:00:00,short,4631.58701002807,close,trail,4631.42201002807,4583.482928122563
2026-04-08 23:15:00,short,4708.435,open,,4728.145027022517,4674.396202710596
2026-04-09 01:00:00,short,4720.768961156551,close,trail,4720.603961156551,4674.396202710596
2026-04-09 01:30:00,short,4704.805,open,,4724.770138297472,4670.319757979425
2026-04-09 01:45:00,short,4724.935138297472,close,sl,4724.770138297472,4670.319757979425
2026-04-09 03:00:00,short,4718.975,open,,4737.678745162449,4686.697195965716
2026-04-09 07:00:00,short,4727.2443998397,close,trail,4727.0793998397,4686.697195965716
2026-04-09 07:30:00,short,4708.54,open,,4726.6585332539635,4676.832566805564
2026-04-09 08:15:00,short,4726.823533253963,close,sl,4726.6585332539635,4676.832566805564
2026-04-10 05:45:00,long,4765.135,open,,4752.8350557561125,4786.206152426804
2026-04-10 06:15:00,long,4753.139104197873,close,trail,4753.304104197873,4786.206152426804
2026-04-13 10:30:00,short,4712.345,open,,4725.805653381472,4689.242606582424
2026-04-13 11:00:00,short,4725.691379701371,close,trail,4725.526379701371,4689.242606582424
2026-04-14 02:45:00,long,4772.545,open,,4759.47232124357,4794.9684378237525
2026-04-14 05:00:00,long,4764.9055248217155,close,trail,4765.0705248217155,4794.9684378237525
2026-04-14 06:15:00,long,4766.075,open,,4754.85664607312,4785.308369372041
2026-04-14 07:00:00,long,4785.308369372041,close,tp,4771.266879162771,4785.308369372041
2026-04-14 10:15:00,long,4782.525,open,,4769.117897375894,4805.533679592184
2026-04-14 10:30:00,long,4768.952897375894,close,sl,4769.117897375894,4805.533679592184
2026-04-14 19:00:00,long,4835.955,open,,4819.9004935983685,4863.321636202854
2026-04-14 19:30:00,long,4840.645,close,eod,4825.9053490720635,4863.321636202854
2026-04-14 22:15:00,long,4844.915,open,,4833.397108677407,4864.617559814537
2026-04-14 22:45:00,long,4833.33,close,sl,4833.397108677407,4864.617559814537
2026-04-15 01:00:00,long,4835.735,open,,4823.919327840848,4855.958676278515
2026-04-15 01:15:00,long,4855.958676278515,close,tp,4823.919327840848,4855.958676278515
2026-04-15 03:30:00,long,4826.705,open,,4810.91146744607,4853.889931969377
2026-04-15 05:30:00,long,4814.475711188853,close,trail,4814.640711188853,4853.889931969377
2026-04-20 10:00:00,short,4791.335,open,,4803.3007773734125,4770.876139596528
2026-04-20 11:45:00,short,4799.365882922588,close,trail,4799.200882922588,4770.876139596528
2026-04-23 07:00:00,short,4712.825,open,,4726.406828954949,4689.510549328839
2026-04-23 07:45:00,short,4719.720250476461,close,trail,4719.555250476461,4689.510549328839
2026-04-23 08:15:00,short,4718.135,open,,4731.841623650432,4694.602158611745
2026-04-23 10:00:00,short,4694.602158611745,close,tp,4709.503957111526,4694.602158611745
2026-04-24 06:15:00,short,4681.655,open,,4695.375339439911,4658.098155980155
2026-04-24 07:30:00,short,4685.500913174011,close,trail,4685.335913174011,4658.098155980155
2026-04-29 22:45:00,short,4548.335,open,,4564.135596397645,4521.137706304122
2026-04-29 23:45:00,short,4561.902835373624,close,trail,4561.737835373624,4521.137706304122
2026-04-30 13:00:00,long,4639.765,open,,4624.531872958625,4665.9692223224065
2026-04-30 13:30:00,long,4624.366872958625,close,sl,4624.531872958625,4665.9692223224065
2026-05-01 01:45:00,long,4620.335,open,,4610.734860061472,4636.681494892424
2026-05-01 02:45:00,long,4621.714369134636,close,trail,4621.879369134636,4636.681494892424
2026-05-04 13:00:00,short,4568.295,open,,4584.95926965144,4539.58627810998
2026-05-04 14:15:00,short,4577.196309464977,close,trail,4577.031309464977,4539.58627810998
2026-05-05 00:30:00,short,4516.895,open,,4527.863358585811,4498.236622474832
2026-05-05 00:45:00,short,4528.028358585811,close,sl,4527.863358585811,4498.236622474832
2026-05-06 23:45:00,long,4693.795,open,,4683.20223655036,4711.878586036871
2026-05-07 00:30:00,long,4689.84363763781,close,trail,4690.00863763781,4711.878586036871
2026-05-07 02:45:00,long,4704.375,open,,4690.181696496288,4728.759531131496
2026-05-07 04:30:00,long,4694.39931696276,close,trail,4694.56431696276,4728.759531131496
2026-05-11 08:30:00,short,4671.275,open,,4685.838185073044,4647.068176122173
2026-05-11 11:00:00,short,4669.452004014112,close,trail,4669.287004014112,4647.068176122173
2026-05-12 02:45:00,long,4732.025,open,,4717.1073681542,4757.6771057301485
2026-05-12 03:45:00,long,4718.18,close,trail,4718.182577620057,4757.6771057301485
2026-05-15 04:30:00,short,4610.675,open,,4626.504258347648,4583.427547891617
2026-05-15 05:15:00,short,4583.427547891617,close,tp,4607.8741729554595,4583.427547891617
2026-05-15 11:30:00,short,4562.305,open,,4581.994192546961,4528.3026630428185
2026-05-15 13:30:00,short,4528.3026630428185,close,tp,4564.049976789194,4528.3026630428185
2026-05-19 17:30:00,short,4506.825,open,,4525.303107599799,4474.9145617003505
2026-05-19 18:00:00,short,4500.985,close,eod,4517.970536654929,4474.9145617003505
2026-05-20 01:00:00,short,4500.795,open,,4513.829935138905,4478.465113506917
2026-05-20 01:15:00,short,4478.465113506917,close,tp,4513.829935138905,4478.465113506917
2026-05-20 03:45:00,short,4460.545,open,,4478.907711269936,4428.864005277612
2026-05-20 05:30:00,short,4476.154487146636,close,trail,4475.989487146636,4428.864005277612
2026-05-21 04:15:00,long,4536.3949999999995,open,,4523.66253248252,4558.223068155588
2026-05-21 05:15:00,long,4526.652365036268,close,trail,4526.817365036268,4558.223068155588
2026-05-26 16:45:00,short,4506.3550000000005,open,,4519.994649041869,4482.939364176731
2026-05-26 17:15:00,short,4503.8949999999995,close,eod,4516.365309633039,4482.939364176731
2026-05-28 10:45:00,short,4389.015,open,,4402.614746016573,4365.669194470998
2026-05-28 12:30:00,short,4398.330190866169,close,trail,4398.165190866169,4365.669194470998
2026-05-29 00:00:00,long,4495.3949999999995,open,,4485.638175152535,4511.878193483064
2026-05-29 01:00:00,long,4511.878193483064,close,tp,4490.78424227774,4511.878193483064
2026-05-29 06:00:00,long,4515.135,open,,4504.920303555299,4532.556968778227
2026-05-29 07:15:00,long,4511.811746533811,close,trail,4511.976746533811,4532.556968778227
2026-05-29 07:45:00,long,4525.535,open,,4513.717653839207,4545.734105781387
2026-05-29 08:15:00,long,4513.552653839207,close,sl,4513.717653839207,4545.734105781387
2026-06-01 09:30:00,short,4496.305,open,,4507.9439984532,4476.418002706899
2026-06-01 10:30:00,short,4507.45,close,trail,4507.4456298110645,4476.418002706899
2026-06-01 13:00:00,short,4502.045,open,,4513.710116115029,4482.084796798698
2026-06-01 13:15:00,short,4482.084796798698,close,tp,4513.710116115029,4482.084796798698
2026-06-01 23:45:00,short,4483.305,open,,4492.013776143918,4468.518391748144
2026-06-02 00:15:00,short,4490.282822287358,close,trail,4490.117822287358,4468.518391748144
2026-06-02 09:15:00,long,4534.1449999999995,open,,4523.266781604396,4552.728132192306
2026-06-02 09:30:00,long,4523.101781604396,close,sl,4523.266781604396,4552.728132192306
2026-06-02 10:00:00,long,4530.065,open,,4518.840203784569,4549.254643377003
2026-06-02 12:15:00,long,4524.09,close,trail,4524.109959293019,4549.254643377003
2026-06-03 04:30:00,short,4476.795,open,,4487.836443014903,4458.366224723919
2026-06-03 05:45:00,short,4458.366224723919,close,tp,4472.848148272172,4458.366224723919
2026-06-03 07:30:00,short,4456.045,open,,4468.890862707257,4434.0184902623005
2026-06-03 09:00:00,short,4456.9087610588695,close,trail,4456.7437610588695,4434.0184902623005
2026-06-03 11:45:00,short,4460.115,open,,4475.4854273895535,4433.67050206828
2026-06-03 12:45:00,short,4467.16,close,trail,4467.1177583727585,4433.67050206828
2026-06-07 22:30:00,short,4316.555,open,,4334.282001508186,4285.986497360675
2026-06-07 23:15:00,short,4334.447001508186,close,sl,4334.282001508186,4285.986497360675
2026-06-08 04:45:00,short,4307.77,open,,4323.58363985708,4280.1786302501105
2026-06-08 05:30:00,short,4280.1786302501105,close,tp,4320.132781305339,4280.1786302501105
2026-06-08 07:45:00,short,4301.635,open,,4321.031384504545,4268.1175771170465
2026-06-08 09:30:00,short,4296.311199426755,close,trail,4296.146199426755,4268.1175771170465
2026-06-10 11:15:00,short,4168.405,open,,4185.666920201771,4138.732889646902
2026-06-10 12:00:00,short,4138.732889646902,close,tp,4166.333326779625,4138.732889646902
2026-06-10 17:15:00,short,4117.875,open,,4141.458058299161,4077.113397976469
2026-06-10 17:45:00,short,4102.515,close,eod,4125.708529859991,4077.113397976469
2026-06-11 10:30:00,short,4087.535,open,,4103.887864677408,4059.371236814535
2026-06-11 12:30:00,short,4059.371236814535,close,tp,4084.211685758292,4059.371236814535
2026-06-12 00:30:00,long,4220.585,open,,4198.327799249315,4259.081351313699
2026-06-12 01:00:00,long,4198.162799249315,close,sl,4198.327799249315,4259.081351313699
2026-06-12 11:45:00,long,4209.875,open,,4193.817001007404,4237.522748237044
2026-06-12 12:30:00,long,4198.232439644139,close,trail,4198.397439644139,4237.522748237044
2026-06-15 12:30:00,long,4337.765,open,,4326.685747483363,4356.507441904114
2026-06-15 13:30:00,long,4356.507441904114,close,tp,4341.451543337992,4356.507441904114
2026-06-18 05:45:00,short,4310.405,open,,4325.4505646658745,4284.529011834718
2026-06-18 08:00:00,short,4284.529011834718,close,tp,4303.489161677761,4284.529011834718
2026-06-18 14:00:00,short,4256.465,open,,4272.942687295007,4228.082797233737
2026-06-18 15:30:00,short,4228.082797233737,close,tp,4253.731123441036,4228.082797233737
2026-06-18 18:15:00,short,4228.255,open,,4243.84572433842,4201.397482407765
2026-06-18 18:45:00,short,4225.045,close,eod,4239.233634761189,4201.397482407765
2026-06-22 12:00:00,long,4207.655,open,,4196.793388381517,4226.209070332345
2026-06-22 12:45:00,long,4198.079478598466,close,trail,4198.244478598466,4226.209070332345
2026-06-23 22:30:00,short,4105.805,open,,4115.903310311779,4088.5867069543874
2026-06-23 23:30:00,short,4088.586706954388,close,tp,4108.421446033286,4088.5867069543874
2026-06-24 09:30:00,short,4069.205,open,,4083.7843694104936,4044.144853531636
2026-06-24 11:15:00,short,4044.1448535316363,close,tp,4059.620428022283,4044.144853531636
2026-06-25 01:15:00,short,3986.645,open,,4005.0881636852305,3954.7682135508467
2026-06-25 02:15:00,short,3988.7697399004023,close,trail,3988.604739900403,3954.7682135508467
2026-06-25 03:15:00,short,3970.515,open,,3992.187494567248,3933.0418845073154
2026-06-25 03:45:00,short,3992.3524945672484,close,sl,3992.187494567248,3933.0418845073154
2026-06-25 05:30:00,short,3994.155,open,,4014.245229943915,3959.2583475981487
2026-06-25 08:00:00,short,3993.223166687047,close,trail,3993.058166687047,3959.2583475981487
2026-06-25 09:45:00,short,3988.295,open,,4006.009553951668,3957.748280584581
2026-06-25 12:30:00,short,3990.9387497228904,close,trail,3990.7737497228904,3957.748280584581
2026-06-26 18:15:00,long,4077.015,open,,4062.798470543077,4101.440176549615
2026-06-26 18:45:00,long,4072.435,close,eod,4063.6714363356123,4101.440176549615
2026-06-29 12:30:00,short,4038.175,open,,4052.087111575248,4014.2825547433167
2026-06-29 14:00:00,short,4014.2825547433167,close,tp,4046.2814341123294,4014.2825547433167
2026-06-29 23:45:00,short,4015.035,open,,4024.7724146935357,3998.448274286312
2026-06-30 00:30:00,short,3998.448274286312,close,tp,4016.454701195954,3998.448274286312
2026-07-01 06:00:00,short,3973.8450000000003,open,,3984.7945792562746,3955.13698630152
2026-07-01 07:45:00,short,3972.811855245953,close,trail,3972.6468552459537,3955.13698630152
2026-07-01 10:15:00,short,3984.255,open,,3995.1950209307247,3965.096213371232
2026-07-01 10:45:00,short,3995.1825690678193,close,trail,3995.017569067819,3965.096213371232
2026-07-02 07:45:00,long,4074.735,open,,4061.5964341142894,4097.273740299994
2026-07-02 08:00:00,long,4061.4314341142895,close,sl,4061.5964341142894,4097.273740299994
2026-07-03 05:00:00,long,4179.025,open,,4166.88297146242,4199.819799940764
2026-07-03 06:00:00,long,4167.79013968766,close,trail,4167.9551396876595,4199.819799940764
2026-07-03 07:30:00,long,4175.575,open,,4163.9934598384425,4195.333945282727
2026-07-03 09:15:00,long,4173.309656407026,close,trail,4173.474656407026,4195.333945282727
2026-07-03 10:15:00,long,4179.975,open,,4169.559205597619,4197.748890204167
2026-07-03 12:15:00,long,4176.11220223828,close,trail,4176.27720223828,4197.748890204167
2026-07-03 16:30:00,long,4166.935,open,,4157.834936667176,4182.406360832442
2026-07-05 22:00:00,long,4183.905,close,tp,4166.290940289555,4182.406360832442
2026-07-08 12:00:00,short,4061.945,open,,4079.395660910963,4032.107593405814
2026-07-08 12:45:00,short,4079.560660910963,close,sl,4079.395660910963,4032.107593405814
2026-07-08 23:45:00,short,4075.015,open,,4086.299312899586,4055.721202425724
2026-07-09 00:00:00,short,4086.464312899586,close,sl,4086.299312899586,4055.721202425724
2026-07-09 02:45:00,short,4070.715,open,,4083.448186890445,4048.8856729417216
2026-07-09 05:00:00,short,4069.582989616647,close,trail,4069.4179896166474,4048.8856729417216
2026-07-09 11:15:00,long,4105.155,open,,4094.457667933931,4123.42158111562
2026-07-09 13:15:00,long,4123.42158111562,close,tp,4108.230853086458,4123.42158111562
2026-07-09 14:30:00,long,4124.995,open,,4110.755950812962,4149.3770860773175
2026-07-09 17:15:00,long,4127.385,close,eod,4121.710975738696,4149.3770860773175
2026-07-09 23:15:00,long,4123.925,open,,4116.835711940224,4135.877504104608
2026-07-10 00:15:00,long,4117.500413596542,close,trail,4117.665413596542,4135.877504104608
2026-07-10 00:45:00,long,4123.325,open,,4116.452729070487,4134.897724126647
2026-07-10 01:30:00,long,4117.4123786373075,close,trail,4117.577378637307,4134.897724126647
2026-07-13 05:30:00,short,4058.075,open,,4072.050440715909,4034.1267287471596
2026-07-13 07:45:00,short,4065.0731648051533,close,trail,4064.9081648051533,4034.1267287471596
2026-07-13 13:15:00,short,4061.765,open,,4073.9162441920976,4040.9265726638296
2026-07-13 14:00:00,short,4040.9265726638296,close,tp,4055.651539172754,4040.9265726638296
2026-07-14 01:15:00,short,3995.165,open,,4006.9709015720837,3974.9034222488535
2026-07-14 01:45:00,short,4007.1359015720836,close,sl,4006.9709015720837,3974.9034222488535
2026-07-14 07:45:00,short,4023.565,open,,4033.390117623132,4006.824794159519
2026-07-14 11:15:00,short,4025.1019305465275,close,trail,4024.936930546528,4006.824794159519
2026-07-14 23:30:00,long,4054.115,open,,4044.369662327126,4070.743090927529
2026-07-15 01:30:00,long,4049.76637491308,close,trail,4049.93137491308,4070.743090927529
2026-07-16 12:15:00,short,4031.655,open,,4041.2318776104653,4015.349214181686
2026-07-16 12:30:00,short,4015.349214181686,close,tp,4041.2318776104653,4015.349214181686
2026-07-16 22:45:00,short,3973.355,open,,3984.2569777207787,3954.6752889886375
2026-07-16 23:45:00,short,3983.131766469261,close,trail,3982.9667664692615,3954.6752889886375
2026-07-21 10:00:00,long,4066.1349999999998,open,,4056.614924528514,4082.3413820751
2026-07-21 11:00:00,long,4057.8713832637154,close,trail,4058.0363832637154,4082.3413820751
2026-07-21 14:00:00,long,4053.305,open,,4041.9978755427096,4072.8312178002584
2026-07-21 14:30:00,long,4072.831217800258,close,tp,4057.3955151363157,4072.8312178002584
2026-07-21 17:30:00,long,4072.34,open,,4062.2649812880773,4089.8337827458645
2026-07-21 18:00:00,long,4068.535,close,eod,4062.7251114167607,4089.8337827458645
2026-07-21 22:30:00,long,4082.995,open,,4075.024109016566,4096.49030922101
2026-07-22 00:15:00,long,4096.49030922101,close,tp,4085.5313258788537,4096.49030922101
2026-07-22 05:15:00,long,4128.725,open,,4119.366380673298,4144.648833821729
2026-07-22 06:15:00,long,4123.427210886671,close,trail,4123.592210886671,4144.648833821729
2026-07-22 07:15:00,long,4116.675,open,,4106.080777204954,4134.788639891332
2026-07-22 11:30:00,long,4112.812815111142,close,trail,4112.977815111142,4134.788639891332
2026-07-22 12:00:00,long,4122.815,open,,4113.680583017193,4138.34647971991
2026-07-22 12:45:00,long,4123.325553724008,close,trail,4123.490553724008,4138.34647971991
2026-07-22 17:30:00,long,4146.285,open,,4134.398739584036,4166.632205727937
2026-07-22 18:00:00,long,4142.225,close,eod,4134.75531627399,4166.632205727937
2026-07-23 11:15:00,short,4087.605,open,,4098.112746409301,4069.670193783724
2026-07-23 12:30:00,short,4069.670193783724,close,tp,4086.0366351400244,4069.670193783724
2026-07-23 17:15:00,short,4047.205,open,,4060.005891443728,4025.064689973476
2026-07-23 17:45:00,short,4043.045,close,eod,4055.0728604795413,4025.064689973476
2026-07-23 23:45:00,short,4048.165,open,,4054.8865258188957,4036.8560798169324
2026-07-24 00:15:00,short,4048.1100000000006,close,trail,4048.048126854048,4036.8560798169324
2026-07-24 04:45:00,short,4026.785,open,,4035.5090504540995,4011.9716617053255
2026-07-24 06:15:00,short,4032.0064079238823,close,trail,4031.8414079238823,4011.9716617053255
2026-07-28 05:00:00,short,4042.035,open,,4050.1760682298514,4028.2418805977595
2026-07-28 06:30:00,short,4049.5069941330116,close,trail,4049.3419941330117,4028.2418805977595
2026-07-28 08:15:00,short,4044.26,open,,4051.7514725256347,4031.5899230801397
2026-07-28 09:30:00,short,4031.5899230801397,close,tp,4048.7448069600105,4031.5899230801397
2026-07-28 13:30:00,short,4028.785,open,,4039.3454244157506,4010.758007272436
2026-07-28 14:00:00,short,4033.392687378887,close,trail,4033.227687378887,4010.758007272436
2026-07-28 18:30:00,short,4026.995,open,,4037.4597150102154,4009.272998732123
2026-07-28 19:00:00,short,4023.145,close,eod,4032.717841003706,4009.272998732123
2026-07-31 11:45:00,short,4051.935,open,,4060.8113309674036,4036.8551708070436
2026-07-31 13:00:00,short,4036.8551708070436,close,tp,4050.6091111755522,4036.8551708070436
2026-08-05 08:45:00,long,4166.41,open,,4153.458337903302,4188.662908669222
2026-08-05 09:45:00,long,4154.027654290653,close,trail,4154.192654290653,4188.662908669222
2026-08-06 02:15:00,long,4295.375,open,,4277.120076387349,4326.867366322139
2026-08-06 02:45:00,long,4276.955076387349,close,sl,4277.120076387349,4326.867366322139
2026-08-06 08:00:00,long,4262.8949999999995,open,,4248.733135710687,4287.224512506296
2026-08-06 10:00:00,long,4270.084906532757,close,trail,4270.2499065327565,4287.224512506296
2026-08-06 12:00:00,long,4263.535,open,,4251.461150636224,4284.210486386607
2026-08-06 12:45:00,long,4254.3918414532745,close,trail,4254.5568414532745,4284.210486386607
2026-08-10 00:15:00,long,4344.505,open,,4331.813571925633,4366.233749130141
2026-08-10 00:45:00,long,4331.648571925633,close,sl,4331.813571925633,4366.233749130141
2026-08-12 12:30:00,long,4427.115,open,,4417.307749854425,4443.6864377547545
2026-08-12 12:45:00,long,4417.142749854425,close,sl,4417.307749854425,4443.6864377547545
2026-08-13 17:30:00,short,4363.005,open,,4377.945644011486,4337.312622979899
2026-08-13 18:00:00,short,4356.155,close,eod,4370.605784887455,4337.312622979899
2026-08-13 23:45:00,short,4360.195,open,,4370.7466284004695,4341.9084002991785
2026-08-14 00:15:00,short,4341.9084002991785,close,tp,4362.6264295902,4341.9084002991785
2026-08-17 03:00:00,long,4393.335,open,,4380.989989806634,4414.48501783839
2026-08-17 05:00:00,long,4387.647150502178,close,trail,4387.812150502178,4414.48501783839
2026-08-17 05:30:00,long,4399.545,open,,4388.6506467485615,4418.156368190018
2026-08-17 08:00:00,long,4398.132175199064,close,trail,4398.2971751990635,4418.156368190018
2026-08-19 09:00:00,short,4355.455,open,,4367.03492270278,4335.643885270135
2026-08-19 10:15:00,short,4365.915936440329,close,trail,4365.750936440329,4335.643885270135
2026-08-19 18:45:00,long,4490.615,open,,4474.431760042662,4518.3169199253425
2026-08-19 19:15:00,long,4503.135,close,eod,4486.802742077601,4518.3169199253425
2026-08-20 00:15:00,long,4516.345,open,,4504.567081969392,4536.392606553564
2026-08-20 00:30:00,long,4504.402081969392,close,sl,4504.567081969392,4536.392606553564
2026-08-20 07:45:00,long,4491.445,open,,4480.993114612365,4509.254549428362
2026-08-20 09:45:00,long,4484.152374960409,close,trail,4484.317374960409,4509.254549428362
2026-08-20 10:15:00,long,4490.735,open,,4480.525466164842,4508.147934211525
2026-08-20 11:15:00,long,4481.18,close,trail,4481.207189690079,4508.147934211525
2026-08-21 01:15:00,long,4520.905,open,,4509.93190054215,4539.654174051237
2026-08-21 01:30:00,long,4539.654174051237,close,tp,4509.93190054215,4539.654174051237
2026-08-21 13:45:00,long,4588.085,open,,4572.477144388735,4615.082497319715
2026-08-21 14:30:00,long,4586.202748258765,close,trail,4586.367748258765,4615.082497319715
2026-08-23 22:15:00,long,4617.655,open,,4606.192564349877,4637.233012387714
2026-08-23 22:45:00,long,4606.04,close,sl,4606.192564349877,4637.233012387714
2026-08-24 06:00:00,long,4641.005,open,,4624.427162248359,4669.50746606537
2026-08-24 07:45:00,long,4632.816890901217,close,trail,4632.981890901217,4669.50746606537
2026-08-24 08:45:00,long,4645.445,open,,4628.105445674449,4675.335470069715
2026-08-24 12:30:00,long,4645.887749191863,close,trail,4646.052749191863,4675.335470069715
2026-08-26 18:30:00,short,4594.525,open,,4609.006065664766,4570.049385086661
2026-08-26 19:00:00,short,4594.045,close,eod,4607.3837760068645,4570.049385086661
2026-08-30 22:45:00,short,4457.665,open,,4479.128342884601,4420.5578999519485
2026-08-31 00:30:00,short,4466.5327806023015,close,trail,4466.3677806023015,4420.5578999519485
2026-08-31 01:00:00,short,4456.215,open,,4476.3072739687195,4421.424770554742
2026-08-31 02:00:00,short,4421.424770554742,close,tp,4461.773372990957,4421.424770554742
2026-08-31 03:30:00,short,4427.715,open,,4451.1299711181555,4387.192550543228
2026-08-31 05:15:00,short,4434.148376116043,close,trail,4433.9833761160435,4387.192550543228
2026-08-31 06:15:00,short,4431.965,open,,4450.1025236945625,4400.678083534516
2026-08-31 08:00:00,short,4448.153151363237,close,trail,4447.988151363237,4400.678083534516
2026-08-31 11:15:00,short,4453.525,open,,4465.49598504291,4432.974526174907
2026-08-31 13:30:00,short,4432.974526174907,close,tp,4448.280351575851,4432.974526174907
2026-09-01 12:00:00,short,4374.405,open,,4388.3932130233525,4350.434377209133
2026-09-01 13:00:00,short,4350.434377209133,close,tp,4371.3833399406485,4350.434377209133
2026-09-01 16:15:00,short,4362.265,open,,4379.721422694044,4332.252510285423
2026-09-01 17:15:00,short,4346.685,close,eod,4363.545127123194,4332.252510285423
2026-09-01 17:45:00,short,4343.825,open,,4360.265058590917,4315.646147465895
2026-09-01 18:15:00,short,4336.735,close,eod,4351.852805621759,4315.646147465895
2026-09-02 00:00:00,short,4324.445,open,,4334.478345096867,4307.202896080484
2026-09-02 01:00:00,short,4307.202896080484,close,tp,4327.717835909819,4307.202896080484
2026-09-02 04:30:00,short,4302.785,open,,4319.201505861638,4274.509864742133
2026-09-02 05:30:00,short,4316.958624633336,close,trail,4316.793624633336,4274.509864742133
2026-09-02 23:45:00,long,4385.375,open,,4376.819457674558,4399.920949069524
2026-09-03 01:00:00,long,4399.920949069524,close,tp,4387.005342488174,4399.920949069524
2026-09-03 05:45:00,long,4432.575,open,,4420.9874526051035,4452.399457941068
2026-09-03 06:15:00,long,4420.8224526051035,close,sl,4420.9874526051035,4452.399457941068
2026-09-03 17:15:00,long,4488.135,open,,4471.446737210607,4516.885709881438
2026-09-03 17:45:00,long,4491.775,close,eod,4476.2212172887375,4516.885709881438
2026-09-04 00:45:00,long,4482.485,open,,4473.444986854925,4497.87877300388
2026-09-04 01:15:00,long,4473.2799868549255,close,sl,4473.444986854925,4497.87877300388
2026-09-04 05:45:00,long,4471.355,open,,4461.795168714309,4487.630954749959
2026-09-04 06:45:00,long,4461.630168714309,close,sl,4461.795168714309,4487.630954749959
2026-09-06 23:00:00,short,4429.31,open,,4440.774123873969,4409.660283220554
2026-09-07 01:00:00,short,4409.660283220554,close,tp,4423.2934818397825,4409.660283220554
2026-09-07 04:30:00,short,4402.115,open,,4414.400789697115,4381.068618030047
2026-09-07 05:15:00,short,4409.641375715949,close,trail,4409.476375715949,4381.068618030047
2026-09-07 11:30:00,short,4389.465,open,,4401.030264224824,4369.6795376065575
2026-09-07 12:30:00,short,4396.839974672719,close,trail,4396.674974672719,4369.6795376065575
