datetime,open,high,low,close
2023-09-12 23:00:00,1912.98,1913.53,1912.65,1913.32
2023-09-13 01:00:00,1913.38,1913.74,1913.31,1913.49
2023-09-13 02:00:00,1913.5,1913.77,1912.49,1912.89
2023-09-13 03:00:00,1912.88,1913.72,1912.45,1912.56
2023-09-13 04:00:00,1912.56,1913.84,1910.71,1911.41
2023-09-13 05:00:00,1911.42,1911.85,1908.87,1909.07
2023-09-13 06:00:00,1909.05,1909.64,1908.2,1909.64
2023-09-13 07:00:00,1909.64,1911.96,1909.44,1911.62
2023-09-13 08:00:00,1911.63,1912.64,1909.26,1910.22
2023-09-13 09:00:00,1910.26,1910.51,1908.26,1909.94
2023-09-13 10:00:00,1909.85,1912.14,1909.29,1912.02
2023-09-13 11:00:00,1912.02,1912.56,1911.17,1912.19
2023-09-13 12:00:00,1912.18,1912.44,1910.76,1911.21
2023-09-13 13:00:00,1911.2,1912.59,1910.81,1912.57
2023-09-13 14:00:00,1912.61,1913.07,1911.37,1912.31
2023-09-13 15:00:00,1912.37,1914.44,1905.55,1912.31
2023-09-13 16:00:00,1912.31,1915.75,1909.36,1913.36
2023-09-13 17:00:00,1913.42,1914.75,1909.78,1912.68
2023-09-13 18:00:00,1912.66,1913.55,1909.24,1910.44
2023-09-13 19:00:00,1910.45,1911.69,1908.91,1909.41
2023-09-13 20:00:00,1909.41,1911.18,1908.17,1910.05
2023-09-13 21:00:00,1910.04,1910.37,1908.85,1909.37
2023-09-13 22:00:00,1909.35,1909.36,1908.46,1908.83
2023-09-13 23:00:00,1908.84,1908.93,1908.11,1908.12
2023-09-14 01:00:00,1909.13,1909.8,1908.74,1908.85
2023-09-14 02:00:00,1908.86,1909.6,1907.5,1909.22
2023-09-14 03:00:00,1909.19,1912.81,1908.95,1912.64
2023-09-14 04:00:00,1912.62,1912.88,1910.61,1911.15
2023-09-14 05:00:00,1911.12,1911.35,1908.87,1909.98
2023-09-14 06:00:00,1909.97,1910.6,1908.85,1909.69
2023-09-14 07:00:00,1909.7,1910.68,1909.17,1909.43
2023-09-14 08:00:00,1909.44,1911.06,1907.73,1908.04
2023-09-14 09:00:00,1908.05,1908.6,1907.0,1907.34
2023-09-14 10:00:00,1907.34,1907.51,1905.19,1905.85
2023-09-14 11:00:00,1905.83,1907.37,1905.52,1907.31
2023-09-14 12:00:00,1907.3,1907.54,1906.09,1906.31
2023-09-14 13:00:00,1906.31,1909.12,1906.23,1909.06
2023-09-14 14:00:00,1909.05,1909.1,1907.15,1907.47
2023-09-14 15:00:00,1907.5,1910.32,1901.16,1904.47
2023-09-14 16:00:00,1904.45,1907.6,1901.96,1903.17
2023-09-14 17:00:00,1903.16,1910.46,1900.97,1908.47
2023-09-14 18:00:00,1908.36,1911.39,1905.81,1907.98
2023-09-14 19:00:00,1907.99,1912.01,1907.99,1910.27
2023-09-14 20:00:00,1910.26,1911.44,1908.39,1908.73
2023-09-14 21:00:00,1908.74,1909.49,1908.09,1908.25
2023-09-14 22:00:00,1908.26,1909.52,1908.24,1909.5
2023-09-14 23:00:00,1909.46,1910.65,1909.22,1910.55
2023-09-15 01:00:00,1910.58,1910.94,1910.24,1910.38
2023-09-15 02:00:00,1910.37,1911.05,1909.79,1909.8
2023-09-15 03:00:00,1909.79,1911.54,1909.79,1911.23
2023-09-15 04:00:00,1911.24,1915.42,1910.43,1915.37
2023-09-15 05:00:00,1915.35,1916.0,1914.61,1915.51
2023-09-15 06:00:00,1915.49,1915.87,1914.59,1915.6
2023-09-15 07:00:00,1915.6,1916.82,1915.2,1916.2
2023-09-15 08:00:00,1916.19,1916.27,1914.93,1916.23
2023-09-15 09:00:00,1916.25,1919.55,1916.0,1918.64
2023-09-15 10:00:00,1918.64,1918.87,1915.46,1918.06
2023-09-15 11:00:00,1918.09,1918.45,1916.83,1918.02
2023-09-15 12:00:00,1918.02,1919.21,1917.76,1918.01
2023-09-15 13:00:00,1918.0,1918.24,1917.07,1917.13
2023-09-15 14:00:00,1917.12,1919.99,1916.74,1919.2
2023-09-15 15:00:00,1919.2,1920.57,1916.07,1917.13
2023-09-15 16:00:00,1917.14,1926.8,1916.92,1924.63
2023-09-15 17:00:00,1924.95,1930.39,1924.95,1928.52
2023-09-15 18:00:00,1928.52,1929.67,1924.72,1926.44
2023-09-15 19:00:00,1926.45,1927.88,1924.99,1925.36
2023-09-15 20:00:00,1925.39,1925.93,1923.91,1924.76
2023-09-15 21:00:00,1924.75,1925.0,1923.92,1924.04
2023-09-15 22:00:00,1924.03,1924.5,1922.37,1922.47
2023-09-15 23:00:00,1922.48,1923.9,1922.42,1923.54
2023-09-18 01:00:00,1924.08,1924.5,1923.49,1923.69
2023-09-18 02:00:00,1923.68,1923.68,1922.58,1923.26
2023-09-18 03:00:00,1923.3,1924.65,1923.21,1924.61
2023-09-18 04:00:00,1924.63,1926.63,1923.34,1925.2
2023-09-18 05:00:00,1925.21,1928.73,1925.15,1928.14
2023-09-18 06:00:00,1928.14,1929.46,1927.97,1928.82
2023-09-18 07:00:00,1928.67,1929.37,1927.74,1928.22
2023-09-18 08:00:00,1928.21,1930.65,1927.83,1929.87
2023-09-18 09:00:00,1929.86,1930.32,1928.13,1928.56
2023-09-18 10:00:00,1928.57,1929.18,1926.47,1926.5
2023-09-18 11:00:00,1926.49,1926.68,1925.12,1926.14
2023-09-18 12:00:00,1926.12,1926.99,1925.62,1926.94
2023-09-18 13:00:00,1926.95,1927.51,1926.39,1926.82
2023-09-18 14:00:00,1926.84,1928.18,1926.49,1926.82
2023-09-18 15:00:00,1926.82,1928.08,1923.56,1924.0
2023-09-18 16:00:00,1924.03,1928.51,1923.46,1924.03
2023-09-18 17:00:00,1924.05,1927.71,1922.8,1926.88
2023-09-18 18:00:00,1926.86,1929.38,1926.24,1929.0
2023-09-18 19:00:00,1929.07,1931.16,1927.71,1931.07
2023-09-18 20:00:00,1931.12,1933.48,1931.01,1932.17
2023-09-18 21:00:00,1932.14,1932.27,1931.11,1931.54
2023-09-18 22:00:00,1931.55,1933.6,1931.47,1933.31
2023-09-18 23:00:00,1933.33,1934.21,1933.06,1933.6
2023-09-19 01:00:00,1933.83,1933.89,1933.36,1933.68
2023-09-19 02:00:00,1933.67,1934.53,1933.31,1934.12
2023-09-19 03:00:00,1934.13,1934.61,1932.67,1932.76
2023-09-19 04:00:00,1932.77,1933.35,1931.79,1932.99
2023-09-19 05:00:00,1933.03,1933.43,1932.41,1932.89
2023-09-19 06:00:00,1932.88,1933.06,1932.13,1932.25
2023-09-19 07:00:00,1932.24,1932.54,1931.32,1931.32
2023-09-19 08:00:00,1931.33,1931.81,1930.29,1930.86
2023-09-19 09:00:00,1930.87,1931.35,1929.83,1930.48
2023-09-19 10:00:00,1930.53,1934.82,1930.53,1934.43
2023-09-19 11:00:00,1934.47,1934.97,1933.46,1933.77
2023-09-19 12:00:00,1933.78,1935.39,1933.62,1935.18
2023-09-19 13:00:00,1935.19,1936.8,1934.58,1935.29
2023-09-19 14:00:00,1935.29,1936.05,1934.47,1935.26
2023-09-19 15:00:00,1935.27,1937.37,1934.14,1935.81
2023-09-19 16:00:00,1935.84,1936.35,1932.81,1934.78
2023-09-19 17:00:00,1934.76,1935.22,1931.06,1934.86
2023-09-19 18:00:00,1934.87,1935.02,1932.05,1933.12
2023-09-19 19:00:00,1933.11,1933.74,1930.85,1930.91
2023-09-19 20:00:00,1930.91,1933.0,1930.63,1930.85
2023-09-19 21:00:00,1930.84,1931.23,1929.77,1930.81
2023-09-19 22:00:00,1930.8,1932.32,1930.71,1931.98
2023-09-19 23:00:00,1931.95,1931.95,1931.05,1931.34
2023-09-20 01:00:00,1932.38,1932.38,1931.69,1931.88
2023-09-20 02:00:00,1931.87,1931.87,1930.91,1931.4
2023-09-20 03:00:00,1931.39,1931.56,1930.31,1930.71
2023-09-20 04:00:00,1930.72,1930.77,1928.54,1929.99
2023-09-20 05:00:00,1929.99,1931.18,1929.93,1930.76
2023-09-20 06:00:00,1930.76,1931.44,1930.41,1930.61
2023-09-20 07:00:00,1930.6,1930.89,1929.69,1929.79
2023-09-20 08:00:00,1929.79,1931.7,1929.69,1931.17
2023-09-20 09:00:00,1931.0,1932.34,1929.9,1930.43
2023-09-20 10:00:00,1930.42,1930.56,1927.94,1928.74
2023-09-20 11:00:00,1928.69,1930.3,1928.69,1929.15
2023-09-20 12:00:00,1929.14,1931.81,1929.13,1931.77
2023-09-20 13:00:00,1931.78,1932.68,1931.6,1932.52
2023-09-20 14:00:00,1932.53,1932.66,1930.94,1932.06
2023-09-20 15:00:00,1932.03,1934.06,1930.92,1932.2
2023-09-20 16:00:00,1932.22,1943.47,1931.92,1940.67
2023-09-20 17:00:00,1940.66,1944.52,1940.37,1943.97
2023-09-20 18:00:00,1944.0,1945.81,1941.6,1941.86
2023-09-20 19:00:00,1941.82,1946.7,1941.67,1946.69
2023-09-20 20:00:00,1946.71,1947.42,1945.3,1946.11
2023-09-20 21:00:00,1946.11,1946.77,1939.39,1940.47
2023-09-20 22:00:00,1940.51,1941.24,1932.89,1933.03
2023-09-20 23:00:00,1933.03,1933.75,1929.19,1930.35
2023-09-21 01:00:00,1930.04,1931.47,1929.77,1931.17
2023-09-21 02:00:00,1931.16,1931.16,1929.27,1929.48
2023-09-21 03:00:00,1929.49,1929.68,1924.61,1924.95
2023-09-21 04:00:00,1924.98,1927.2,1924.22,1926.84
2023-09-21 05:00:00,1926.85,1927.57,1925.69,1926.7
2023-09-21 06:00:00,1926.69,1928.68,1926.69,1928.32
2023-09-21 07:00:00,1928.32,1928.57,1927.82,1927.97
2023-09-21 08:00:00,1927.95,1928.96,1926.96,1928.75
2023-09-21 09:00:00,1928.75,1930.49,1927.7,1928.19
2023-09-21 10:00:00,1928.23,1928.7,1926.38,1927.17
2023-09-21 11:00:00,1927.17,1927.42,1922.88,1923.07
2023-09-21 12:00:00,1923.04,1924.79,1922.52,1924.71
2023-09-21 13:00:00,1924.72,1926.1,1923.74,1925.23
2023-09-21 14:00:00,1925.18,1925.29,1920.23,1920.77
2023-09-21 15:00:00,1920.71,1920.71,1914.13,1916.49
2023-09-21 16:00:00,1916.53,1918.9,1913.93,1916.49
2023-09-21 17:00:00,1916.49,1923.8,1915.23,1920.16
2023-09-21 18:00:00,1920.17,1921.29,1917.21,1917.47
2023-09-21 19:00:00,1917.48,1919.92,1916.38,1919.51
2023-09-21 20:00:00,1919.5,1921.24,1918.7,1920.45
2023-09-21 21:00:00,1920.47,1921.23,1919.56,1919.88
2023-09-21 22:00:00,1919.89,1921.11,1919.3,1919.78
2023-09-21 23:00:00,1919.71,1920.29,1919.57,1920.0
2023-09-22 01:00:00,1919.84,1920.38,1919.84,1920.15
2023-09-22 02:00:00,1920.16,1921.57,1920.14,1921.4
2023-09-22 03:00:00,1921.39,1923.65,1921.21,1923.45
2023-09-22 04:00:00,1923.43,1924.22,1922.05,1923.99
2023-09-22 05:00:00,1924.03,1925.52,1923.48,1923.92
2023-09-22 06:00:00,1923.91,1924.57,1922.58,1923.8
2023-09-22 07:00:00,1923.8,1924.85,1923.4,1924.33
2023-09-22 08:00:00,1924.33,1925.1,1923.72,1924.7
2023-09-22 09:00:00,1924.71,1926.01,1924.31,1925.5
2023-09-22 10:00:00,1925.52,1928.69,1924.75,1928.0
2023-09-22 11:00:00,1927.98,1927.98,1926.33,1926.71
2023-09-22 12:00:00,1926.71,1927.64,1925.17,1925.39
2023-09-22 13:00:00,1925.38,1926.43,1924.31,1924.59
2023-09-22 14:00:00,1924.64,1926.77,1924.5,1925.53
2023-09-22 15:00:00,1925.54,1926.55,1924.18,1926.12
2023-09-22 16:00:00,1926.11,1928.45,1924.89,1926.07
2023-09-22 17:00:00,1926.05,1929.09,1925.64,1928.18
2023-09-22 18:00:00,1928.23,1928.8,1926.63,1927.71
2023-09-22 19:00:00,1927.71,1928.53,1924.91,1925.32
2023-09-22 20:00:00,1925.32,1926.37,1924.61,1925.53
2023-09-22 21:00:00,1925.54,1925.94,1924.32,1925.01
2023-09-22 22:00:00,1925.0,1925.64,1924.49,1925.42
2023-09-22 23:00:00,1925.33,1925.56,1924.67,1925.11
2023-09-25 01:00:00,1926.25,1926.31,1925.65,1925.76
2023-09-25 02:00:00,1925.77,1925.78,1924.46,1924.8
2023-09-25 03:00:00,1924.78,1925.11,1923.32,1924.87
2023-09-25 04:00:00,1924.89,1925.3,1922.9,1923.69
2023-09-25 05:00:00,1923.69,1923.91,1922.67,1923.73
2023-09-25 06:00:00,1923.75,1924.27,1922.83,1923.66
2023-09-25 07:00:00,1923.66,1923.66,1922.82,1923.15
2023-09-25 08:00:00,1923.15,1923.54,1921.71,1921.71
2023-09-25 09:00:00,1921.72,1924.8,1920.91,1924.08
2023-09-25 10:00:00,1924.07,1927.18,1922.47,1923.47
2023-09-25 11:00:00,1923.48,1923.85,1920.99,1921.73
2023-09-25 12:00:00,1921.72,1923.1,1921.61,1922.83
2023-09-25 13:00:00,1922.83,1924.94,1922.18,1924.87
2023-09-25 14:00:00,1924.88,1925.02,1923.69,1924.07
2023-09-25 15:00:00,1924.07,1926.84,1923.67,1925.9
2023-09-25 16:00:00,1925.87,1926.35,1922.27,1925.33
2023-09-25 17:00:00,1925.31,1925.52,1915.18,1916.87
2023-09-25 18:00:00,1916.88,1919.17,1915.89,1917.49
2023-09-25 19:00:00,1917.52,1918.28,1915.75,1916.74
2023-09-25 20:00:00,1916.75,1917.63,1915.51,1915.96
2023-09-25 21:00:00,1915.97,1917.21,1915.21,1915.62
2023-09-25 22:00:00,1915.63,1916.16,1915.46,1915.52
2023-09-25 23:00:00,1915.53,1916.08,1915.45,1915.8
2023-09-26 01:00:00,1916.21,1916.78,1916.04,1916.49
2023-09-26 02:00:00,1916.55,1916.71,1916.15,1916.26
2023-09-26 03:00:00,1916.26,1916.47,1914.77,1914.81
2023-09-26 04:00:00,1914.82,1915.8,1914.53,1914.81
2023-09-26 05:00:00,1914.82,1915.15,1913.24,1913.62
2023-09-26 06:00:00,1913.61,1914.05,1913.06,1913.61
2023-09-26 07:00:00,1913.62,1914.63,1913.24,1914.63
2023-09-26 08:00:00,1914.63,1915.12,1913.54,1913.55
2023-09-26 09:00:00,1913.56,1913.69,1910.44,1910.47
2023-09-26 10:00:00,1910.49,1913.76,1909.73,1913.65
2023-09-26 11:00:00,1913.68,1915.66,1913.12,1913.82
2023-09-26 12:00:00,1913.83,1913.9,1912.12,1913.0
2023-09-26 13:00:00,1912.98,1913.4,1911.32,1911.79
2023-09-26 14:00:00,1911.76,1913.64,1910.53,1911.57
2023-09-26 15:00:00,1911.56,1912.82,1905.28,1910.23
2023-09-26 16:00:00,1910.25,1910.25,1904.66,1906.81
2023-09-26 17:00:00,1906.81,1909.51,1905.63,1906.43
2023-09-26 18:00:00,1906.42,1906.49,1900.83,1902.39
2023-09-26 19:00:00,1902.4,1903.62,1900.79,1901.22
2023-09-26 20:00:00,1901.23,1902.29,1900.61,1900.97
2023-09-26 21:00:00,1901.01,1901.56,1899.15,1899.91
2023-09-26 22:00:00,1899.93,1901.07,1899.46,1900.55
2023-09-26 23:00:00,1900.46,1900.79,1900.25,1900.57
2023-09-27 01:00:00,1900.78,1901.31,1900.66,1900.94
2023-09-27 02:00:00,1900.95,1902.05,1900.95,1901.57
2023-09-27 03:00:00,1901.57,1902.47,1899.78,1900.67
2023-09-27 04:00:00,1900.62,1903.93,1899.91,1902.58
2023-09-27 05:00:00,1902.57,1902.57,1900.04,1900.83
2023-09-27 06:00:00,1900.83,1900.94,1899.5,1899.89
2023-09-27 07:00:00,1899.89,1899.89,1896.58,1897.71
2023-09-27 08:00:00,1897.7,1898.43,1895.64,1896.38
2023-09-27 09:00:00,1896.35,1898.79,1895.93,1898.12
2023-09-27 10:00:00,1898.11,1899.08,1896.46,1896.69
2023-09-27 11:00:00,1896.66,1897.88,1895.11,1896.63
2023-09-27 12:00:00,1896.66,1896.67,1894.63,1895.59
2023-09-27 13:00:00,1895.59,1896.37,1893.64,1893.87
2023-09-27 14:00:00,1893.87,1894.15,1892.51,1892.93
2023-09-27 15:00:00,1892.89,1893.14,1889.58,1891.79
2023-09-27 16:00:00,1891.77,1892.18,1884.51,1887.86
2023-09-27 17:00:00,1887.89,1889.01,1883.62,1883.62
2023-09-27 18:00:00,1883.69,1885.06,1879.82,1881.5
2023-09-27 19:00:00,1881.5,1881.6,1875.47,1875.9
2023-09-27 20:00:00,1875.95,1877.34,1872.66,1874.71
2023-09-27 21:00:00,1874.72,1877.51,1872.54,1876.04
2023-09-27 22:00:00,1876.03,1878.24,1875.26,1876.73
2023-09-27 23:00:00,1876.73,1876.91,1874.65,1875.02
2023-09-28 01:00:00,1876.68,1877.2,1875.92,1877.03
2023-09-28 02:00:00,1877.04,1877.75,1876.26,1877.62
2023-09-28 03:00:00,1877.64,1877.93,1876.12,1877.08
2023-09-28 04:00:00,1877.08,1877.47,1873.57,1874.11
2023-09-28 05:00:00,1874.1,1875.31,1873.88,1874.81
2023-09-28 06:00:00,1874.78,1875.26,1873.76,1874.66
2023-09-28 07:00:00,1874.66,1875.24,1873.71,1874.87
2023-09-28 08:00:00,1874.86,1877.25,1874.58,1877.05
2023-09-28 09:00:00,1877.04,1877.66,1873.95,1874.97
2023-09-28 10:00:00,1875.05,1878.24,1874.68,1875.73
2023-09-28 11:00:00,1875.74,1876.26,1873.69,1874.16
2023-09-28 12:00:00,1874.16,1877.23,1873.77,1875.88
2023-09-28 13:00:00,1875.89,1876.36,1874.49,1874.95
2023-09-28 14:00:00,1874.95,1876.82,1874.61,1876.05
2023-09-28 15:00:00,1876.05,1879.64,1871.8,1872.48
2023-09-28 16:00:00,1872.46,1877.09,1871.33,1873.04
2023-09-28 17:00:00,1872.98,1876.49,1865.3,1865.33
2023-09-28 18:00:00,1865.31,1866.02,1857.66,1864.8
2023-09-28 19:00:00,1864.86,1865.83,1862.35,1863.57
2023-09-28 20:00:00,1863.58,1864.28,1860.99,1861.94
2023-09-28 21:00:00,1861.95,1865.95,1861.61,1865.62
2023-09-28 22:00:00,1865.62,1867.3,1864.68,1867.16
2023-09-28 23:00:00,1867.16,1867.32,1864.49,1864.84
2023-09-29 01:00:00,1865.19,1866.29,1863.93,1864.35
2023-09-29 02:00:00,1864.34,1866.76,1863.79,1866.72
2023-09-29 03:00:00,1866.7,1867.24,1864.83,1865.37
2023-09-29 04:00:00,1865.36,1866.38,1864.48,1865.8
2023-09-29 05:00:00,1865.79,1867.03,1864.73,1864.89
2023-09-29 06:00:00,1864.89,1864.93,1862.95,1863.35
2023-09-29 07:00:00,1863.35,1865.65,1863.14,1865.02
2023-09-29 08:00:00,1865.04,1868.28,1864.45,1867.37
2023-09-29 09:00:00,1867.35,1870.5,1866.29,1870.11
2023-09-29 10:00:00,1870.05,1873.99,1869.53,1873.55
2023-09-29 11:00:00,1873.54,1873.78,1871.35,1871.64
2023-09-29 12:00:00,1871.69,1873.62,1870.99,1873.59
2023-09-29 13:00:00,1873.59,1873.59,1872.32,1872.32
2023-09-29 14:00:00,1872.32,1872.32,1867.56,1869.48
2023-09-29 15:00:00,1869.48,1874.08,1868.05,1873.88
2023-09-29 16:00:00,1873.9,1879.87,1870.22,1870.48
2023-09-29 17:00:00,1870.68,1871.75,1859.06,1860.89
2023-09-29 18:00:00,1860.9,1861.07,1852.24,1854.8
2023-09-29 19:00:00,1854.86,1856.47,1852.96,1853.69
2023-09-29 20:00:00,1853.69,1853.7,1849.69,1850.0
2023-09-29 21:00:00,1850.0,1850.93,1846.33,1848.91
2023-09-29 22:00:00,1848.9,1850.3,1848.0,1848.27
2023-09-29 23:00:00,1848.23,1849.87,1847.74,1849.11
2023-10-02 01:00:00,1847.38,1848.7,1845.74,1846.49
2023-10-02 02:00:00,1846.43,1848.48,1846.16,1848.38
2023-10-02 03:00:00,1848.44,1848.93,1845.13,1845.47
2023-10-02 04:00:00,1845.47,1847.4,1843.95,1843.95
2023-10-02 05:00:00,1843.94,1845.08,1842.85,1844.03
2023-10-02 06:00:00,1844.04,1844.88,1843.35,1843.48
2023-10-02 07:00:00,1843.47,1844.35,1842.41,1842.56
2023-10-02 08:00:00,1842.55,1843.11,1839.27,1839.66
2023-10-02 09:00:00,1839.66,1846.3,1839.45,1844.61
2023-10-02 10:00:00,1844.61,1846.04,1839.43,1839.81
2023-10-02 11:00:00,1839.8,1843.22,1839.51,1839.59
2023-10-02 12:00:00,1839.58,1839.67,1831.13,1834.3
2023-10-02 13:00:00,1834.28,1836.33,1832.85,1833.51
2023-10-02 14:00:00,1833.61,1838.24,1833.54,1837.32
2023-10-02 15:00:00,1837.3,1840.62,1834.05,1836.3
2023-10-02 16:00:00,1836.4,1838.46,1832.36,1833.86
2023-10-02 17:00:00,1833.24,1836.81,1827.19,1828.86
2023-10-02 18:00:00,1828.93,1834.64,1827.51,1832.63
2023-10-02 19:00:00,1832.69,1833.24,1830.49,1831.63
2023-10-02 20:00:00,1831.63,1833.59,1831.0,1831.92
2023-10-02 21:00:00,1831.92,1833.41,1830.27,1830.61
2023-10-02 22:00:00,1830.6,1830.63,1829.24,1829.38
2023-10-02 23:00:00,1829.31,1829.7,1827.57,1827.82
2023-10-03 01:00:00,1828.98,1829.14,1827.38,1828.19
2023-10-03 02:00:00,1828.18,1828.18,1820.44,1824.92
2023-10-03 03:00:00,1824.91,1825.25,1822.07,1824.73
2023-10-03 04:00:00,1824.75,1825.15,1822.64,1822.96
2023-10-03 05:00:00,1822.98,1823.26,1815.25,1817.44
2023-10-03 06:00:00,1817.38,1820.78,1817.0,1820.55
2023-10-03 07:00:00,1820.66,1821.79,1819.79,1820.68
2023-10-03 08:00:00,1820.68,1820.92,1818.18,1819.46
2023-10-03 09:00:00,1819.48,1824.66,1819.17,1823.91
2023-10-03 10:00:00,1823.89,1824.49,1820.72,1824.09
2023-10-03 11:00:00,1824.1,1829.14,1824.01,1826.26
2023-10-03 12:00:00,1826.26,1827.98,1823.79,1826.45
2023-10-03 13:00:00,1826.45,1827.36,1825.01,1825.8
2023-10-03 14:00:00,1825.79,1827.32,1823.67,1825.96
2023-10-03 15:00:00,1825.97,1829.78,1824.37,1824.82
2023-10-03 16:00:00,1824.84,1831.35,1823.29,1828.94
2023-10-03 17:00:00,1828.9,1833.37,1819.31,1826.45
2023-10-03 18:00:00,1826.39,1828.62,1822.01,1824.89
2023-10-03 19:00:00,1824.9,1828.1,1822.93,1823.93
2023-10-03 20:00:00,1823.95,1826.01,1822.93,1823.61
2023-10-03 21:00:00,1823.59,1825.51,1821.93,1823.81
2023-10-03 22:00:00,1823.81,1825.25,1823.4,1823.97
2023-10-03 23:00:00,1823.91,1825.05,1822.77,1822.93
2023-10-04 01:00:00,1823.76,1824.29,1822.13,1822.67
2023-10-04 02:00:00,1822.66,1824.96,1822.23,1823.37
2023-10-04 03:00:00,1823.35,1825.05,1821.87,1823.26
2023-10-04 04:00:00,1823.24,1824.36,1820.83,1822.75
2023-10-04 05:00:00,1822.75,1823.01,1820.04,1820.85
2023-10-04 06:00:00,1820.86,1822.14,1819.66,1820.77
2023-10-04 07:00:00,1820.78,1823.81,1820.78,1823.6
2023-10-04 08:00:00,1823.6,1823.73,1820.94,1821.24
2023-10-04 09:00:00,1821.31,1821.43,1816.73,1819.11
2023-10-04 10:00:00,1819.09,1823.16,1817.4,1823.13
2023-10-04 11:00:00,1823.11,1823.6,1820.29,1823.0
2023-10-04 12:00:00,1823.1,1824.53,1821.42,1822.13
2023-10-04 13:00:00,1822.13,1823.22,1821.09,1823.12
2023-10-04 14:00:00,1823.09,1827.2,1822.88,1824.97
2023-10-04 15:00:00,1824.94,1830.57,1823.69,1827.32
2023-10-04 16:00:00,1827.36,1827.44,1817.78,1820.36
2023-10-04 17:00:00,1818.64,1821.92,1817.11,1818.44
2023-10-04 18:00:00,1818.42,1826.38,1817.36,1823.8
2023-10-04 19:00:00,1823.82,1824.06,1820.98,1821.0
2023-10-04 20:00:00,1820.98,1821.33,1818.3,1818.35
2023-10-04 21:00:00,1818.34,1818.81,1816.65,1817.61
2023-10-04 22:00:00,1817.65,1823.67,1817.46,1823.32
2023-10-04 23:00:00,1823.34,1823.38,1820.46,1821.07
2023-10-05 01:00:00,1821.88,1822.4,1821.59,1822.37
2023-10-05 02:00:00,1822.38,1824.04,1822.34,1822.52
2023-10-05 03:00:00,1822.55,1825.68,1821.78,1825.65
2023-10-05 04:00:00,1825.65,1828.18,1825.63,1828.08
2023-10-05 05:00:00,1828.09,1828.4,1826.03,1826.18
2023-10-05 06:00:00,1826.17,1828.68,1825.87,1828.34
2023-10-05 07:00:00,1828.36,1829.19,1827.38,1827.65
2023-10-05 08:00:00,1827.63,1828.17,1826.29,1826.3
2023-10-05 09:00:00,1826.29,1826.59,1822.15,1822.27
2023-10-05 10:00:00,1822.23,1822.86,1819.91,1820.78
2023-10-05 11:00:00,1820.76,1822.48,1819.71,1819.87
2023-10-05 12:00:00,1819.87,1823.38,1819.68,1821.99
2023-10-05 13:00:00,1822.05,1824.02,1820.72,1823.22
2023-10-05 14:00:00,1823.21,1823.42,1820.26,1823.03
2023-10-05 15:00:00,1823.03,1823.92,1813.06,1815.7
2023-10-05 16:00:00,1815.72,1821.83,1814.19,1820.73
2023-10-05 17:00:00,1820.74,1821.11,1816.5,1819.92
2023-10-05 18:00:00,1819.93,1819.99,1814.4,1815.55
2023-10-05 19:00:00,1815.57,1818.35,1814.87,1818.13
2023-10-05 20:00:00,1818.14,1819.51,1815.85,1819.13
2023-10-05 21:00:00,1819.22,1820.64,1818.65,1820.22
2023-10-05 22:00:00,1820.21,1820.87,1819.77,1820.39
2023-10-05 23:00:00,1820.37,1820.66,1819.49,1820.17
2023-10-06 01:00:00,1820.73,1821.49,1820.63,1821.18
2023-10-06 02:00:00,1821.16,1823.2,1821.15,1821.31
2023-10-06 03:00:00,1821.31,1822.15,1820.2,1820.66
2023-10-06 04:00:00,1820.67,1823.27,1819.69,1822.81
2023-10-06 05:00:00,1822.85,1824.1,1822.43,1823.85
2023-10-06 06:00:00,1823.86,1824.45,1823.29,1824.0
2023-10-06 07:00:00,1823.98,1824.55,1822.61,1822.78
2023-10-06 08:00:00,1822.79,1822.91,1820.74,1821.37
2023-10-06 09:00:00,1821.35,1821.66,1818.62,1819.42
2023-10-06 10:00:00,1819.39,1821.62,1818.61,1821.4
2023-10-06 11:00:00,1821.39,1822.13,1819.31,1821.92
2023-10-06 12:00:00,1821.94,1822.32,1820.06,1820.49
2023-10-06 13:00:00,1820.48,1825.11,1820.48,1822.59
2023-10-06 14:00:00,1822.62,1822.78,1820.66,1821.27
2023-10-06 15:00:00,1821.26,1821.71,1810.44,1815.1
2023-10-06 16:00:00,1815.13,1826.03,1813.9,1821.3
2023-10-06 17:00:00,1821.33,1831.53,1820.97,1823.61
2023-10-06 18:00:00,1823.6,1834.87,1823.59,1832.61
2023-10-06 19:00:00,1832.6,1833.47,1829.01,1829.22
2023-10-06 20:00:00,1829.21,1832.25,1828.82,1831.8
2023-10-06 21:00:00,1831.83,1833.98,1831.45,1831.88
2023-10-06 22:00:00,1831.9,1831.97,1829.06,1829.45
2023-10-06 23:00:00,1829.46,1832.24,1828.97,1831.6
2023-10-09 01:00:00,1853.17,1854.53,1845.49,1849.85
2023-10-09 02:00:00,1849.87,1849.89,1846.53,1847.99
2023-10-09 03:00:00,1848.12,1852.51,1846.28,1852.4
2023-10-09 04:00:00,1852.53,1852.79,1847.35,1848.96
2023-10-09 05:00:00,1848.99,1852.76,1848.91,1850.47
2023-10-09 06:00:00,1850.53,1851.56,1848.78,1851.09
2023-10-09 07:00:00,1851.13,1853.3,1850.11,1850.51
2023-10-09 08:00:00,1850.52,1852.34,1848.07,1851.82
2023-10-09 09:00:00,1851.82,1854.4,1849.95,1850.04
2023-10-09 10:00:00,1850.02,1852.68,1848.08,1850.45
2023-10-09 11:00:00,1850.42,1850.96,1848.95,1850.44
2023-10-09 12:00:00,1850.46,1852.33,1849.99,1851.22
2023-10-09 13:00:00,1851.24,1852.01,1849.82,1850.12
2023-10-09 14:00:00,1850.13,1850.39,1849.08,1850.0
2023-10-09 15:00:00,1850.01,1850.01,1844.95,1848.0
2023-10-09 16:00:00,1847.98,1849.43,1844.17,1845.34
2023-10-09 17:00:00,1845.35,1852.47,1845.14,1852.12
2023-10-09 18:00:00,1852.09,1853.18,1850.53,1851.6
2023-10-09 19:00:00,1851.59,1851.81,1848.7,1850.06
2023-10-09 20:00:00,1850.06,1855.49,1849.96,1854.48
2023-10-09 21:00:00,1854.49,1857.71,1854.46,1857.11
2023-10-09 22:00:00,1857.1,1863.5,1857.0,1863.32
2023-10-09 23:00:00,1863.3,1863.3,1860.98,1861.34
2023-10-10 01:00:00,1861.15,1861.86,1860.57,1861.5
2023-10-10 02:00:00,1861.51,1862.75,1860.39,1862.58
2023-10-10 03:00:00,1862.66,1865.4,1861.4,1864.08
2023-10-10 04:00:00,1864.06,1865.23,1863.07,1863.76
2023-10-10 05:00:00,1863.82,1864.66,1862.34,1862.98
2023-10-10 06:00:00,1862.98,1863.74,1862.39,1862.46
2023-10-10 07:00:00,1862.49,1862.51,1860.81,1860.89
2023-10-10 08:00:00,1860.88,1862.19,1859.85,1860.8
2023-10-10 09:00:00,1860.77,1862.03,1855.19,1856.56
2023-10-10 10:00:00,1856.5,1857.99,1855.27,1857.39
2023-10-10 11:00:00,1857.4,1859.81,1855.38,1858.54
2023-10-10 12:00:00,1858.52,1859.58,1857.59,1858.31
2023-10-10 13:00:00,1858.31,1858.4,1856.36,1856.71
2023-10-10 14:00:00,1856.73,1857.44,1854.88,1857.17
2023-10-10 15:00:00,1857.2,1857.69,1853.0,1854.54
2023-10-10 16:00:00,1854.53,1857.58,1853.1,1857.49
2023-10-10 17:00:00,1857.49,1858.81,1853.37,1856.61
2023-10-10 18:00:00,1856.62,1862.31,1856.01,1861.29
2023-10-10 19:00:00,1861.31,1862.49,1858.39,1861.93
2023-10-10 20:00:00,1861.94,1862.8,1858.29,1858.5
2023-10-10 21:00:00,1858.5,1860.21,1858.13,1859.35
2023-10-10 22:00:00,1859.36,1860.4,1858.41,1860.19
2023-10-10 23:00:00,1860.2,1860.82,1859.63,1860.41
2023-10-11 01:00:00,1860.32,1860.47,1859.38,1859.83
2023-10-11 02:00:00,1859.8,1860.75,1859.64,1859.67
2023-10-11 03:00:00,1859.7,1862.13,1859.56,1860.98
2023-10-11 04:00:00,1860.95,1861.85,1860.3,1861.66
2023-10-11 05:00:00,1861.67,1862.03,1859.78,1861.48
2023-10-11 06:00:00,1861.46,1861.49,1859.78,1860.11
2023-10-11 07:00:00,1860.11,1860.68,1859.45,1859.73
2023-10-11 08:00:00,1859.72,1860.63,1858.62,1859.45
2023-10-11 09:00:00,1859.46,1863.73,1858.82,1862.53
2023-10-11 10:00:00,1862.54,1868.21,1862.42,1867.99
2023-10-11 11:00:00,1867.99,1869.86,1866.93,1869.58
2023-10-11 12:00:00,1869.59,1871.09,1869.07,1870.48
2023-10-11 13:00:00,1870.49,1874.78,1869.91,1874.0
2023-10-11 14:00:00,1873.97,1874.61,1870.9,1871.0
2023-10-11 15:00:00,1871.04,1873.05,1867.33,1872.91
2023-10-11 16:00:00,1872.97,1875.06,1868.18,1872.19
2023-10-11 17:00:00,1872.06,1872.45,1869.08,1871.2
2023-10-11 18:00:00,1871.21,1873.66,1869.53,1873.02
2023-10-11 19:00:00,1873.03,1877.22,1872.87,1874.33
2023-10-11 20:00:00,1874.34,1874.74,1870.82,1871.98
2023-10-11 21:00:00,1872.01,1873.38,1870.97,1872.45
2023-10-11 22:00:00,1872.44,1874.24,1872.4,1873.62
2023-10-11 23:00:00,1873.62,1874.55,1873.43,1874.26
2023-10-12 01:00:00,1874.47,1875.31,1874.01,1874.68
2023-10-12 02:00:00,1874.67,1875.76,1874.65,1875.3
2023-10-12 03:00:00,1875.35,1876.64,1874.77,1875.43
2023-10-12 04:00:00,1875.43,1878.8,1874.5,1877.47
2023-10-12 05:00:00,1877.46,1878.04,1875.64,1876.8
2023-10-12 06:00:00,1876.79,1878.13,1876.73,1877.67
2023-10-12 07:00:00,1877.68,1879.11,1876.78,1878.91
2023-10-12 08:00:00,1878.9,1880.11,1878.44,1880.11
2023-10-12 09:00:00,1880.09,1882.64,1878.59,1882.19
2023-10-12 10:00:00,1882.2,1882.64,1878.75,1878.86
2023-10-12 11:00:00,1878.86,1881.5,1878.65,1880.35
2023-10-12 12:00:00,1880.37,1882.11,1879.6,1880.95
2023-10-12 13:00:00,1880.96,1882.73,1880.62,1881.39
2023-10-12 14:00:00,1881.4,1884.51,1881.18,1883.56
2023-10-12 15:00:00,1883.61,1885.01,1875.36,1879.04
2023-10-12 16:00:00,1879.03,1880.06,1872.91,1873.89
2023-10-12 17:00:00,1873.9,1876.65,1871.17,1872.17
2023-10-12 18:00:00,1872.15,1873.38,1870.68,1872.33
2023-10-12 19:00:00,1872.37,1873.67,1870.99,1871.44
2023-10-12 20:00:00,1871.45,1872.05,1868.03,1868.98
2023-10-12 21:00:00,1868.99,1870.7,1867.9,1868.44
2023-10-12 22:00:00,1868.46,1870.11,1868.16,1868.4
2023-10-12 23:00:00,1868.39,1869.08,1868.37,1868.72
2023-10-13 01:00:00,1869.25,1871.16,1869.2,1869.72
2023-10-13 02:00:00,1869.7,1871.22,1869.7,1870.59
2023-10-13 03:00:00,1870.6,1872.62,1870.13,1872.57
2023-10-13 04:00:00,1872.57,1873.0,1871.34,1871.97
2023-10-13 05:00:00,1871.97,1873.59,1871.62,1873.39
2023-10-13 06:00:00,1873.39,1874.02,1872.64,1873.7
2023-10-13 07:00:00,1873.69,1876.81,1873.59,1876.34
2023-10-13 08:00:00,1876.33,1878.05,1876.01,1877.08
2023-10-13 09:00:00,1877.08,1878.05,1875.73,1876.99
2023-10-13 10:00:00,1876.95,1883.15,1876.79,1882.17
2023-10-13 11:00:00,1882.16,1884.96,1882.02,1883.82
2023-10-13 12:00:00,1883.8,1888.2,1882.48,1887.61
2023-10-13 13:00:00,1887.62,1889.93,1886.67,1887.61
2023-10-13 14:00:00,1887.57,1899.92,1887.42,1896.48
2023-10-13 15:00:00,1896.47,1919.15,1896.47,1913.37
2023-10-13 16:00:00,1913.42,1913.42,1905.59,1910.72
2023-10-13 17:00:00,1909.85,1921.02,1907.8,1920.86
2023-10-13 18:00:00,1920.89,1923.16,1917.19,1922.98
2023-10-13 19:00:00,1923.01,1927.49,1922.45,1927.15
2023-10-13 20:00:00,1927.16,1929.9,1926.85,1928.31
2023-10-13 21:00:00,1928.33,1930.77,1927.68,1928.72
2023-10-13 22:00:00,1928.71,1928.94,1927.79,1928.36
2023-10-13 23:00:00,1928.31,1930.37,1928.12,1929.96
2023-10-16 01:00:00,1927.64,1927.64,1921.23,1924.44
2023-10-16 02:00:00,1924.49,1926.49,1921.63,1925.88
2023-10-16 03:00:00,1925.88,1926.0,1921.41,1921.71
2023-10-16 04:00:00,1921.72,1923.51,1920.4,1920.5
2023-10-16 05:00:00,1920.53,1921.55,1918.44,1920.46
2023-10-16 06:00:00,1920.47,1920.49,1918.05,1920.05
2023-10-16 07:00:00,1920.04,1920.4,1919.15,1920.15
2023-10-16 08:00:00,1920.18,1920.18,1914.28,1915.0
2023-10-16 09:00:00,1915.1,1915.85,1909.22,1909.94
2023-10-16 10:00:00,1909.9,1912.42,1908.18,1911.49
2023-10-16 11:00:00,1911.48,1913.54,1909.94,1911.64
2023-10-16 12:00:00,1911.61,1916.59,1911.21,1916.16
2023-10-16 13:00:00,1916.15,1918.35,1914.49,1918.0
2023-10-16 14:00:00,1918.01,1918.27,1914.8,1915.62
2023-10-16 15:00:00,1915.62,1924.55,1914.61,1918.7
2023-10-16 16:00:00,1918.73,1921.22,1914.45,1917.99
2023-10-16 17:00:00,1917.99,1920.39,1916.25,1918.17
2023-10-16 18:00:00,1918.19,1922.33,1917.96,1921.5
2023-10-16 19:00:00,1921.51,1922.04,1920.35,1921.92
2023-10-16 20:00:00,1921.94,1922.77,1918.57,1919.16
2023-10-16 21:00:00,1919.17,1919.68,1918.72,1919.08
2023-10-16 22:00:00,1919.09,1920.72,1917.87,1918.99
2023-10-16 23:00:00,1918.99,1920.17,1918.99,1920.15
2023-10-17 01:00:00,1919.82,1920.99,1918.82,1918.89
2023-10-17 02:00:00,1918.88,1921.79,1918.79,1919.42
2023-10-17 03:00:00,1919.43,1920.02,1914.44,1916.59
2023-10-17 04:00:00,1916.58,1917.6,1913.32,1915.08
2023-10-17 05:00:00,1915.09,1915.19,1912.41,1914.76
2023-10-17 06:00:00,1914.77,1916.82,1914.31,1916.82
2023-10-17 07:00:00,1916.83,1916.99,1914.54,1914.68
2023-10-17 08:00:00,1914.77,1916.82,1914.24,1916.43
2023-10-17 09:00:00,1916.52,1918.08,1915.68,1917.38
2023-10-17 10:00:00,1917.39,1921.38,1917.15,1920.08
2023-10-17 11:00:00,1919.96,1920.56,1918.64,1919.27
2023-10-17 12:00:00,1919.26,1923.83,1918.87,1923.0
2023-10-17 13:00:00,1923.02,1926.58,1922.59,1923.48
2023-10-17 14:00:00,1923.49,1925.61,1922.18,1924.07
2023-10-17 15:00:00,1924.04,1929.06,1919.11,1926.02
2023-10-17 16:00:00,1926.05,1931.56,1920.87,1927.85
2023-10-17 17:00:00,1927.89,1930.95,1922.72,1924.06
2023-10-17 18:00:00,1924.07,1926.91,1923.09,1926.85
2023-10-17 19:00:00,1926.84,1926.84,1923.07,1924.12
2023-10-17 20:00:00,1924.11,1925.1,1919.73,1919.82
2023-10-17 21:00:00,1919.83,1922.11,1919.17,1922.02
2023-10-17 22:00:00,1922.03,1925.14,1921.88,1922.64
2023-10-17 23:00:00,1922.67,1923.28,1922.15,1923.06
2023-10-18 01:00:00,1923.32,1925.54,1923.3,1924.88
2023-10-18 02:00:00,1924.93,1925.53,1924.12,1924.74
2023-10-18 03:00:00,1924.84,1928.21,1923.8,1927.41
2023-10-18 04:00:00,1927.42,1940.34,1926.92,1939.05
2023-10-18 05:00:00,1939.13,1942.78,1935.81,1937.27
2023-10-18 06:00:00,1937.25,1938.07,1935.2,1937.46
2023-10-18 07:00:00,1937.45,1938.57,1936.71,1938.04
2023-10-18 08:00:00,1938.03,1939.68,1936.44,1937.07
2023-10-18 09:00:00,1937.07,1938.78,1935.14,1936.11
2023-10-18 10:00:00,1936.12,1940.06,1935.59,1939.65
2023-10-18 11:00:00,1939.64,1939.75,1937.29,1938.42
2023-10-18 12:00:00,1938.41,1946.16,1938.31,1944.31
2023-10-18 13:00:00,1944.34,1945.37,1942.66,1945.29
2023-10-18 14:00:00,1945.31,1947.5,1944.2,1946.2
2023-10-18 15:00:00,1946.21,1950.13,1944.79,1948.9
2023-10-18 16:00:00,1948.91,1962.63,1947.2,1957.1
2023-10-18 17:00:00,1957.09,1958.8,1943.65,1947.04
2023-10-18 18:00:00,1946.96,1947.43,1938.3,1945.22
2023-10-18 19:00:00,1945.24,1950.47,1944.65,1949.87
2023-10-18 20:00:00,1949.88,1956.63,1949.54,1954.06
2023-10-18 21:00:00,1954.07,1954.21,1948.83,1950.6
2023-10-18 22:00:00,1950.59,1951.67,1948.58,1950.39
2023-10-18 23:00:00,1950.45,1950.68,1947.27,1947.57
2023-10-19 01:00:00,1947.53,1951.0,1947.48,1949.74
2023-10-19 02:00:00,1949.77,1951.69,1949.77,1950.84
2023-10-19 03:00:00,1950.88,1953.32,1948.72,1950.22
2023-10-19 04:00:00,1950.22,1951.7,1946.29,1948.26
2023-10-19 05:00:00,1948.26,1950.04,1947.77,1949.6
2023-10-19 06:00:00,1949.57,1950.69,1945.24,1946.35
2023-10-19 07:00:00,1946.35,1948.9,1945.35,1948.19
2023-10-19 08:00:00,1948.18,1949.3,1945.93,1946.9
2023-10-19 09:00:00,1946.89,1948.57,1945.55,1948.02
2023-10-19 10:00:00,1948.12,1952.81,1947.75,1949.48
2023-10-19 11:00:00,1949.48,1954.49,1948.02,1949.73
2023-10-19 12:00:00,1949.71,1950.75,1947.89,1950.72
2023-10-19 13:00:00,1950.72,1951.44,1949.01,1950.98
2023-10-19 14:00:00,1950.98,1952.34,1949.62,1952.2
2023-10-19 15:00:00,1952.19,1957.12,1950.5,1954.86
2023-10-19 16:00:00,1954.85,1956.37,1950.0,1954.46
2023-10-19 17:00:00,1954.45,1955.14,1949.76,1950.37
2023-10-19 18:00:00,1950.36,1959.94,1950.02,1956.19
2023-10-19 19:00:00,1956.24,1962.13,1952.15,1962.01
2023-10-19 20:00:00,1962.07,1972.72,1960.89,1972.71
2023-10-19 21:00:00,1972.69,1975.1,1970.71,1973.14
2023-10-19 22:00:00,1973.16,1977.71,1973.14,1974.4
2023-10-19 23:00:00,1974.45,1975.3,1972.92,1974.33
2023-10-20 01:00:00,1973.1,1976.62,1972.5,1972.53
2023-10-20 02:00:00,1972.53,1982.28,1972.53,1977.21
2023-10-20 03:00:00,1977.18,1977.68,1974.08,1974.95
2023-10-20 04:00:00,1974.95,1978.01,1972.02,1977.84
2023-10-20 05:00:00,1977.81,1981.99,1976.5,1979.45
2023-10-20 06:00:00,1979.46,1980.46,1977.13,1977.76
2023-10-20 07:00:00,1977.77,1978.26,1976.6,1977.26
2023-10-20 08:00:00,1977.31,1979.95,1975.86,1977.64
2023-10-20 09:00:00,1977.64,1980.1,1974.08,1979.36
2023-10-20 10:00:00,1979.41,1982.18,1978.17,1980.17
2023-10-20 11:00:00,1980.21,1985.19,1980.02,1983.72
2023-10-20 12:00:00,1983.74,1985.31,1980.32,1982.6
2023-10-20 13:00:00,1982.58,1984.39,1982.32,1983.29
2023-10-20 14:00:00,1983.3,1985.93,1976.43,1977.23
2023-10-20 15:00:00,1977.3,1980.15,1973.26,1978.28
2023-10-20 16:00:00,1978.34,1987.99,1976.61,1987.13
2023-10-20 17:00:00,1987.2,1991.31,1984.14,1990.98
2023-10-20 18:00:00,1991.05,1997.18,1989.86,1991.6
2023-10-20 19:00:00,1991.63,1992.45,1981.19,1982.69
2023-10-20 20:00:00,1982.67,1986.72,1974.37,1982.52
2023-10-20 21:00:00,1982.55,1982.73,1976.11,1980.25
2023-10-20 22:00:00,1980.28,1982.13,1978.93,1979.73
2023-10-20 23:00:00,1979.69,1981.33,1978.95,1980.33
2023-10-23 01:00:00,1972.78,1978.55,1972.6,1976.32
2023-10-23 02:00:00,1976.54,1978.17,1970.1,1971.62
2023-10-23 03:00:00,1971.62,1973.29,1964.38,1966.28
2023-10-23 04:00:00,1966.29,1968.26,1964.45,1966.66
2023-10-23 05:00:00,1966.6,1974.31,1966.5,1972.66
2023-10-23 06:00:00,1972.65,1974.78,1971.72,1973.64
2023-10-23 07:00:00,1973.65,1974.73,1972.74,1973.76
2023-10-23 08:00:00,1973.72,1976.74,1972.78,1975.74
2023-10-23 09:00:00,1975.81,1977.55,1975.16,1975.75
2023-10-23 10:00:00,1975.71,1979.78,1974.45,1979.47
2023-10-23 11:00:00,1979.45,1981.97,1979.08,1981.48
2023-10-23 12:00:00,1981.49,1982.81,1976.93,1977.65
2023-10-23 13:00:00,1977.69,1978.49,1975.32,1977.5
2023-10-23 14:00:00,1977.49,1979.87,1976.01,1979.37
2023-10-23 15:00:00,1979.38,1982.0,1976.02,1977.57
2023-10-23 16:00:00,1977.56,1980.05,1970.14,1974.79
2023-10-23 17:00:00,1974.9,1978.62,1972.46,1976.24
2023-10-23 18:00:00,1976.24,1978.87,1973.59,1975.35
2023-10-23 19:00:00,1975.38,1979.36,1973.72,1974.49
2023-10-23 20:00:00,1974.5,1977.7,1972.38,1976.18
2023-10-23 21:00:00,1976.2,1978.14,1975.75,1977.54
2023-10-23 22:00:00,1977.56,1977.77,1971.14,1973.21
2023-10-23 23:00:00,1973.19,1973.45,1971.55,1972.73
2023-10-24 01:00:00,1973.37,1973.76,1973.03,1973.05
2023-10-24 02:00:00,1973.01,1973.84,1971.44,1973.58
2023-10-24 03:00:00,1973.6,1975.92,1972.43,1973.85
2023-10-24 04:00:00,1973.95,1978.73,1973.95,1976.58
2023-10-24 05:00:00,1976.62,1980.87,1975.71,1977.66
2023-10-24 06:00:00,1977.68,1978.23,1975.4,1976.9
2023-10-24 07:00:00,1976.9,1977.42,1975.34,1976.18
2023-10-24 08:00:00,1976.22,1976.67,1974.51,1976.53
2023-10-24 09:00:00,1976.53,1978.13,1975.72,1977.56
2023-10-24 10:00:00,1977.64,1979.2,1974.9,1975.35
2023-10-24 11:00:00,1975.53,1975.98,1970.03,1972.27
2023-10-24 12:00:00,1972.24,1972.52,1964.92,1966.59
2023-10-24 13:00:00,1966.52,1967.43,1960.99,1961.87
2023-10-24 14:00:00,1961.88,1964.26,1953.68,1963.74
2023-10-24 15:00:00,1963.74,1966.83,1960.74,1964.91
2023-10-24 16:00:00,1964.92,1966.21,1958.96,1964.54
2023-10-24 17:00:00,1964.55,1965.86,1961.75,1963.83
2023-10-24 18:00:00,1963.83,1970.1,1961.29,1969.8
2023-10-24 19:00:00,1969.77,1975.99,1968.91,1974.33
2023-10-24 20:00:00,1974.31,1977.6,1973.68,1975.91
2023-10-24 21:00:00,1975.91,1976.25,1971.84,1973.75
2023-10-24 22:00:00,1973.64,1973.96,1971.11,1972.71
2023-10-24 23:00:00,1972.72,1973.14,1970.82,1971.01
2023-10-25 01:00:00,1969.99,1971.02,1969.99,1970.52
2023-10-25 02:00:00,1970.51,1973.43,1970.37,1972.85
2023-10-25 03:00:00,1972.87,1975.28,1972.03,1974.48
2023-10-25 04:00:00,1974.51,1977.0,1972.75,1975.98
2023-10-25 05:00:00,1975.97,1976.86,1971.3,1972.69
2023-10-25 06:00:00,1972.72,1973.34,1970.87,1973.24
2023-10-25 07:00:00,1973.23,1974.52,1971.88,1972.49
2023-10-25 08:00:00,1972.47,1973.46,1970.77,1972.87
2023-10-25 09:00:00,1972.87,1975.99,1971.24,1971.36
2023-10-25 10:00:00,1971.35,1973.29,1968.33,1971.21
2023-10-25 11:00:00,1971.2,1974.97,1970.64,1971.42
2023-10-25 12:00:00,1971.38,1971.95,1969.47,1969.53
2023-10-25 13:00:00,1969.54,1974.04,1969.48,1973.09
2023-10-25 14:00:00,1973.08,1976.5,1972.48,1974.73
2023-10-25 15:00:00,1974.76,1976.9,1972.41,1975.16
2023-10-25 16:00:00,1975.17,1987.27,1974.87,1985.16
2023-10-25 17:00:00,1985.15,1985.85,1974.86,1977.09
2023-10-25 18:00:00,1977.08,1984.69,1963.12,1981.27
2023-10-25 19:00:00,1981.23,1983.68,1977.56,1978.17
2023-10-25 20:00:00,1978.22,1985.66,1976.57,1983.16
2023-10-25 21:00:00,1983.23,1984.4,1980.8,1981.57
2023-10-25 22:00:00,1981.57,1982.68,1980.42,1980.81
2023-10-25 23:00:00,1980.82,1980.86,1977.69,1979.52
2023-10-26 01:00:00,1980.82,1984.09,1980.52,1982.11
2023-10-26 02:00:00,1982.1,1983.86,1981.48,1982.98
2023-10-26 03:00:00,1982.99,1984.78,1982.43,1983.42
2023-10-26 04:00:00,1983.43,1986.64,1983.26,1985.01
2023-10-26 05:00:00,1985.03,1986.87,1984.54,1984.88
2023-10-26 06:00:00,1984.86,1987.37,1983.46,1987.2
2023-10-26 07:00:00,1987.21,1989.41,1987.17,1988.48
2023-10-26 08:00:00,1988.46,1989.59,1984.79,1985.8
2023-10-26 09:00:00,1985.76,1988.28,1983.98,1985.01
2023-10-26 10:00:00,1985.07,1990.14,1984.42,1990.13
2023-10-26 11:00:00,1990.12,1993.46,1988.67,1992.16
2023-10-26 12:00:00,1992.18,1992.2,1989.39,1990.67
2023-10-26 13:00:00,1990.66,1991.22,1986.03,1986.72
2023-10-26 14:00:00,1986.71,1987.6,1982.49,1984.63
2023-10-26 15:00:00,1984.63,1986.73,1974.74,1979.53
2023-10-26 16:00:00,1979.55,1981.85,1974.61,1978.95
2023-10-26 17:00:00,1978.82,1980.43,1971.79,1979.6
2023-10-26 18:00:00,1979.67,1981.33,1976.44,1980.28
2023-10-26 19:00:00,1980.24,1985.88,1979.75,1984.24
2023-10-26 20:00:00,1984.26,1989.35,1984.11,1986.95
2023-10-26 21:00:00,1986.96,1987.11,1984.82,1986.05
2023-10-26 22:00:00,1986.05,1986.89,1982.35,1984.43
2023-10-26 23:00:00,1984.4,1985.58,1983.93,1984.88
2023-10-27 01:00:00,1983.93,1985.6,1983.88,1985.27
2023-10-27 02:00:00,1985.47,1986.8,1983.43,1984.4
2023-10-27 03:00:00,1984.38,1984.87,1982.89,1983.51
2023-10-27 04:00:00,1983.5,1986.77,1983.23,1985.53
2023-10-27 05:00:00,1985.54,1988.85,1985.54,1986.69
2023-10-27 06:00:00,1986.68,1988.25,1986.42,1987.86
2023-10-27 07:00:00,1987.87,1989.98,1987.87,1989.53
2023-10-27 08:00:00,1989.55,1989.61,1986.45,1988.96
2023-10-27 09:00:00,1988.92,1989.73,1986.23,1987.51
2023-10-27 10:00:00,1987.54,1989.14,1985.83,1987.39
2023-10-27 11:00:00,1987.37,1987.51,1985.53,1986.92
2023-10-27 12:00:00,1986.94,1987.94,1985.24,1985.88
2023-10-27 13:00:00,1985.87,1986.16,1980.61,1980.64
2023-10-27 14:00:00,1980.64,1983.01,1979.98,1981.82
2023-10-27 15:00:00,1981.95,1986.2,1977.04,1980.43
2023-10-27 16:00:00,1980.41,1985.13,1976.85,1983.08
2023-10-27 17:00:00,1982.86,1985.7,1980.88,1982.13
2023-10-27 18:00:00,1982.11,1983.5,1978.65,1979.91
2023-10-27 19:00:00,1979.92,1983.81,1979.2,1983.7
2023-10-27 20:00:00,1983.71,1997.0,1983.04,1996.74
2023-10-27 21:00:00,1996.73,2008.62,1995.9,2005.41
2023-10-27 22:00:00,2005.39,2009.48,2004.83,2007.0
2023-10-27 23:00:00,2006.95,2007.2,2004.33,2005.72
2023-10-30 01:00:00,2003.02,2004.81,1997.0,2001.38
2023-10-30 02:00:00,2001.42,2003.75,2000.61,2002.82
2023-10-30 03:00:00,2002.77,2006.74,2002.32,2004.71
2023-10-30 04:00:00,2004.64,2005.73,2002.56,2004.73
2023-10-30 05:00:00,2004.64,2004.78,2001.97,2002.88
2023-10-30 06:00:00,2002.87,2003.52,2001.54,2002.1
2023-10-30 07:00:00,2002.09,2002.73,2000.22,2001.53
2023-10-30 08:00:00,2001.5,2002.61,1999.55,1999.65
2023-10-30 09:00:00,1999.67,2000.81,1995.06,1995.62
2023-10-30 10:00:00,1995.6,1997.78,1993.38,1993.64
2023-10-30 11:00:00,1993.65,1994.86,1990.97,1993.76
2023-10-30 12:00:00,1993.82,1997.12,1991.63,1996.62
2023-10-30 13:00:00,1996.67,1997.41,1994.12,1994.4
2023-10-30 14:00:00,1994.45,1995.79,1992.62,1995.79
2023-10-30 15:00:00,1995.89,2000.07,1993.83,1998.01
2023-10-30 16:00:00,1997.97,2002.61,1996.03,1998.54
2023-10-30 17:00:00,1998.52,2002.5,1992.09,1997.1
2023-10-30 18:00:00,1997.08,2000.45,1996.28,1999.19
2023-10-30 19:00:00,1999.26,2000.65,1997.63,1998.97
2023-10-30 20:00:00,1999.03,1999.73,1994.7,1997.94
2023-10-30 21:00:00,1997.93,1999.9,1997.38,1997.87
2023-10-30 22:00:00,1997.85,1998.73,1994.73,1995.9
2023-10-30 23:00:00,1995.89,1996.65,1995.23,1996.15
2023-10-31 01:00:00,1996.3,1996.3,1994.91,1995.09
2023-10-31 02:00:00,1995.03,1996.21,1994.01,1995.55
2023-10-31 03:00:00,1995.56,1996.29,1994.33,1995.66
2023-10-31 04:00:00,1995.64,1997.3,1994.78,1996.41
2023-10-31 05:00:00,1996.42,1997.14,1994.36,1994.55
2023-10-31 06:00:00,1994.54,1995.06,1991.71,1992.19
2023-10-31 07:00:00,1992.17,1993.12,1990.58,1992.74
2023-10-31 08:00:00,1992.77,1995.1,1992.64,1993.03
2023-10-31 09:00:00,1993.03,1995.23,1992.39,1994.95
2023-10-31 10:00:00,1994.96,1997.62,1994.71,1996.25
2023-10-31 11:00:00,1996.26,1999.23,1995.14,1997.02
2023-10-31 12:00:00,1997.03,1998.52,1996.21,1997.48
2023-10-31 13:00:00,1997.54,2000.05,1996.51,2000.05
2023-10-31 14:00:00,2000.04,2000.39,1997.69,1999.94
2023-10-31 15:00:00,1999.88,2001.52,1994.87,1995.62
2023-10-31 16:00:00,1995.55,2004.1,1994.61,2002.54
2023-10-31 17:00:00,2002.53,2007.93,1998.85,1999.16
2023-10-31 18:00:00,1999.15,1999.39,1992.37,1994.26
2023-10-31 19:00:00,1994.25,1994.8,1986.68,1990.79
2023-10-31 20:00:00,1990.82,1991.28,1983.36,1984.18
2023-10-31 21:00:00,1984.18,1985.06,1978.86,1984.58
2023-10-31 22:00:00,1984.57,1986.78,1984.18,1984.87
2023-10-31 23:00:00,1984.88,1985.19,1983.26,1983.96
2023-11-01 01:00:00,1983.72,1986.19,1983.72,1984.7
2023-11-01 02:00:00,1984.8,1985.3,1983.18,1983.69
2023-11-01 03:00:00,1983.68,1984.01,1978.81,1979.97
2023-11-01 04:00:00,1980.0,1981.46,1978.0,1979.54
2023-11-01 05:00:00,1979.55,1980.98,1978.29,1978.35
2023-11-01 06:00:00,1978.34,1979.06,1976.92,1977.11
2023-11-01 07:00:00,1977.12,1978.35,1975.24,1977.66
2023-11-01 08:00:00,1977.66,1979.39,1976.35,1979.05
2023-11-01 09:00:00,1979.11,1981.07,1979.08,1980.29
2023-11-01 10:00:00,1980.25,1980.62,1976.5,1977.12
2023-11-01 11:00:00,1977.11,1983.01,1977.09,1982.48
2023-11-01 12:00:00,1982.49,1983.74,1980.52,1982.73
2023-11-01 13:00:00,1982.8,1984.14,1982.06,1983.24
2023-11-01 14:00:00,1983.24,1985.19,1982.4,1983.44
2023-11-01 15:00:00,1983.44,1988.57,1983.3,1986.61
2023-11-01 16:00:00,1986.65,1987.29,1981.11,1985.72
2023-11-01 17:00:00,1986.72,1992.05,1986.04,1986.58
2023-11-01 18:00:00,1986.65,1987.19,1978.35,1979.22
2023-11-01 19:00:00,1979.25,1980.43,1974.52,1977.84
2023-11-01 20:00:00,1977.88,1979.89,1977.41,1977.89
2023-11-01 21:00:00,1977.88,1982.4,1969.88,1974.93
2023-11-01 22:00:00,1974.94,1982.32,1974.79,1978.56
2023-11-01 23:00:00,1978.55,1982.92,1977.12,1982.7
2023-11-02 01:00:00,1982.32,1984.13,1981.28,1983.85
2023-11-02 02:00:00,1983.8,1985.73,1983.54,1985.12
2023-11-02 03:00:00,1985.11,1986.17,1983.95,1984.69
2023-11-02 04:00:00,1984.69,1988.23,1984.29,1986.3
2023-11-02 05:00:00,1986.29,1986.56,1983.45,1983.77
2023-11-02 06:00:00,1983.74,1985.53,1983.35,1985.4
2023-11-02 07:00:00,1985.41,1986.58,1984.25,1986.12
2023-11-02 08:00:00,1986.1,1986.69,1984.26,1985.42
2023-11-02 09:00:00,1985.37,1986.15,1984.4,1985.77
2023-11-02 10:00:00,1985.76,1986.45,1983.69,1985.46
2023-11-02 11:00:00,1985.45,1988.44,1984.5,1986.84
2023-11-02 12:00:00,1986.85,1989.62,1986.66,1988.21
2023-11-02 13:00:00,1988.2,1989.45,1985.77,1988.9
2023-11-02 14:00:00,1988.91,1990.42,1987.5,1988.53
2023-11-02 15:00:00,1988.56,1990.97,1986.91,1990.32
2023-11-02 16:00:00,1990.32,1990.99,1982.01,1984.41
2023-11-02 17:00:00,1984.27,1985.26,1980.65,1984.35
2023-11-02 18:00:00,1984.33,1985.06,1978.83,1981.17
2023-11-02 19:00:00,1981.18,1983.42,1979.03,1981.86
2023-11-02 20:00:00,1981.87,1986.67,1981.52,1985.05
2023-11-02 21:00:00,1985.05,1986.28,1984.49,1985.95
2023-11-02 22:00:00,1985.92,1986.37,1983.7,1985.43
2023-11-02 23:00:00,1985.45,1985.86,1984.56,1985.85
2023-11-03 01:00:00,1986.04,1986.5,1984.57,1984.94
2023-11-03 02:00:00,1984.95,1986.34,1984.37,1984.98
2023-11-03 03:00:00,1985.0,1986.28,1984.96,1985.61
2023-11-03 04:00:00,1985.62,1985.77,1983.24,1983.91
2023-11-03 05:00:00,1983.92,1987.84,1983.83,1987.41
2023-11-03 06:00:00,1987.44,1987.54,1985.45,1985.83
2023-11-03 07:00:00,1985.82,1986.85,1985.51,1985.79
2023-11-03 08:00:00,1985.8,1987.31,1985.76,1987.12
2023-11-03 09:00:00,1987.12,1988.37,1985.98,1987.69
2023-11-03 10:00:00,1987.66,1989.16,1984.46,1986.57
2023-11-03 11:00:00,1986.56,1989.14,1986.18,1988.62
2023-11-03 12:00:00,1988.58,1990.34,1988.35,1989.11
2023-11-03 13:00:00,1989.11,1989.79,1987.07,1988.27
2023-11-03 14:00:00,1988.27,1988.68,1987.0,1987.62
2023-11-03 15:00:00,1987.65,2004.1,1985.72,2000.22
2023-11-03 16:00:00,2000.27,2001.76,1986.57,1995.26
2023-11-03 17:00:00,1995.4,1999.1,1988.64,1994.48
2023-11-03 18:00:00,1994.52,1995.81,1990.92,1991.72
2023-11-03 19:00:00,1991.8,1993.26,1989.32,1990.36
2023-11-03 20:00:00,1990.36,1993.61,1989.9,1993.11
2023-11-03 21:00:00,1993.14,1995.1,1992.83,1995.08
2023-11-03 22:00:00,1995.11,1995.14,1991.57,1992.74
2023-11-03 23:00:00,1992.72,1992.94,1992.02,1992.46
2023-11-06 01:00:00,1991.5,1991.55,1987.15,1988.51
2023-11-06 02:00:00,1988.52,1991.82,1987.05,1991.11
2023-11-06 03:00:00,1991.11,1993.13,1989.69,1992.12
2023-11-06 04:00:00,1992.14,1992.97,1986.8,1987.06
2023-11-06 05:00:00,1987.05,1988.28,1982.01,1985.21
2023-11-06 06:00:00,1985.17,1985.17,1983.19,1983.76
2023-11-06 07:00:00,1983.75,1985.29,1982.32,1983.91
2023-11-06 08:00:00,1983.92,1985.38,1983.62,1984.29
2023-11-06 09:00:00,1984.34,1984.98,1982.31,1983.44
2023-11-06 10:00:00,1983.48,1987.95,1982.86,1985.98
2023-11-06 11:00:00,1985.99,1987.29,1985.49,1986.81
2023-11-06 12:00:00,1986.8,1988.36,1986.22,1987.27
2023-11-06 13:00:00,1987.29,1987.73,1986.4,1987.73
2023-11-06 14:00:00,1987.73,1988.19,1983.44,1984.42
2023-11-06 15:00:00,1984.51,1989.07,1983.43,1986.32
2023-11-06 16:00:00,1986.39,1988.22,1984.09,1984.83
2023-11-06 17:00:00,1984.78,1985.93,1981.09,1981.11
2023-11-06 18:00:00,1981.14,1984.16,1979.94,1983.51
2023-11-06 19:00:00,1983.51,1984.5,1983.01,1983.74
2023-11-06 20:00:00,1983.78,1983.78,1980.54,1981.32
2023-11-06 21:00:00,1981.37,1981.52,1979.24,1980.37
2023-11-06 22:00:00,1980.39,1980.39,1977.44,1977.59
2023-11-06 23:00:00,1977.64,1978.76,1977.4,1977.8
2023-11-07 01:00:00,1978.27,1978.28,1975.81,1976.69
2023-11-07 02:00:00,1976.7,1977.05,1975.51,1975.97
2023-11-07 03:00:00,1975.94,1976.7,1974.78,1975.79
2023-11-07 04:00:00,1975.77,1976.17,1972.89,1972.92
2023-11-07 05:00:00,1972.93,1973.65,1972.32,1972.62
2023-11-07 06:00:00,1972.62,1973.29,1971.02,1971.4
2023-11-07 07:00:00,1971.42,1974.22,1971.11,1973.74
2023-11-07 08:00:00,1973.72,1973.93,1971.08,1971.11
2023-11-07 09:00:00,1971.1,1971.2,1967.3,1969.38
2023-11-07 10:00:00,1969.39,1970.25,1966.06,1966.75
2023-11-07 11:00:00,1966.52,1968.92,1964.22,1966.35
2023-11-07 12:00:00,1966.34,1968.03,1965.53,1966.13
2023-11-07 13:00:00,1966.13,1966.22,1962.69,1963.91
2023-11-07 14:00:00,1963.9,1964.36,1957.22,1958.81
2023-11-07 15:00:00,1958.79,1966.84,1956.71,1966.55
2023-11-07 16:00:00,1966.58,1967.27,1960.18,1960.42
2023-11-07 17:00:00,1960.43,1965.58,1960.35,1963.38
2023-11-07 18:00:00,1963.39,1966.6,1963.26,1964.71
2023-11-07 19:00:00,1964.73,1964.91,1961.81,1964.0
2023-11-07 20:00:00,1964.03,1969.87,1963.69,1969.4
2023-11-07 21:00:00,1969.41,1969.86,1967.22,1967.44
2023-11-07 22:00:00,1967.45,1969.11,1966.95,1968.97
2023-11-07 23:00:00,1968.91,1969.39,1968.31,1969.1
2023-11-08 01:00:00,1969.23,1969.37,1968.22,1968.99
2023-11-08 02:00:00,1968.98,1970.04,1967.89,1968.14
2023-11-08 03:00:00,1968.16,1969.91,1967.54,1968.67
2023-11-08 04:00:00,1968.69,1971.02,1967.36,1968.74
2023-11-08 05:00:00,1968.71,1968.94,1967.62,1967.83
2023-11-08 06:00:00,1967.82,1967.91,1967.51,1967.61
2023-11-08 07:00:00,1967.66,1967.92,1965.0,1965.6
2023-11-08 08:00:00,1965.65,1969.17,1965.14,1967.31
2023-11-08 09:00:00,1967.29,1968.55,1965.54,1967.69
2023-11-08 10:00:00,1967.71,1969.05,1966.99,1968.24
2023-11-08 11:00:00,1968.25,1968.31,1965.47,1965.48
2023-11-08 12:00:00,1965.48,1965.48,1959.57,1962.02
2023-11-08 13:00:00,1961.98,1965.01,1961.74,1964.53
2023-11-08 14:00:00,1964.52,1964.59,1961.99,1962.82
2023-11-08 15:00:00,1962.86,1966.69,1962.8,1964.85
2023-11-08 16:00:00,1964.86,1966.37,1959.82,1960.24
2023-11-08 17:00:00,1960.2,1960.62,1950.98,1955.44
2023-11-08 18:00:00,1955.43,1957.98,1952.29,1954.85
2023-11-08 19:00:00,1954.89,1956.7,1951.99,1953.75
2023-11-08 20:00:00,1953.77,1954.76,1950.93,1951.99
2023-11-08 21:00:00,1952.0,1952.03,1947.53,1948.19
2023-11-08 22:00:00,1948.19,1950.25,1947.49,1949.68
2023-11-08 23:00:00,1949.68,1950.61,1949.43,1950.2
2023-11-09 01:00:00,1950.94,1951.94,1949.96,1950.85
2023-11-09 02:00:00,1950.85,1952.07,1948.92,1952.07
2023-11-09 03:00:00,1952.03,1954.64,1951.44,1953.37
2023-11-09 04:00:00,1953.35,1953.35,1948.96,1950.04
2023-11-09 05:00:00,1950.03,1950.48,1947.79,1949.31
2023-11-09 06:00:00,1949.31,1949.84,1948.52,1949.52
2023-11-09 07:00:00,1949.52,1950.23,1948.11,1950.2
2023-11-09 08:00:00,1950.13,1950.45,1949.07,1949.3
2023-11-09 09:00:00,1949.32,1950.52,1948.73,1949.35
2023-11-09 10:00:00,1949.31,1949.71,1944.72,1948.46
2023-11-09 11:00:00,1948.46,1949.76,1946.42,1946.88
2023-11-09 12:00:00,1946.88,1948.43,1945.28,1947.07
2023-11-09 13:00:00,1947.06,1949.31,1946.13,1948.84
2023-11-09 14:00:00,1948.83,1948.96,1945.13,1945.8
2023-11-09 15:00:00,1945.82,1951.38,1944.82,1950.54
2023-11-09 16:00:00,1950.56,1958.83,1948.6,1958.16
2023-11-09 17:00:00,1958.15,1964.95,1955.46,1962.98
2023-11-09 18:00:00,1962.99,1963.74,1959.82,1960.61
2023-11-09 19:00:00,1960.63,1964.17,1960.16,1961.92
2023-11-09 20:00:00,1961.92,1965.6,1958.39,1963.08
2023-11-09 21:00:00,1963.08,1963.08,1956.2,1958.44
2023-11-09 22:00:00,1958.44,1960.11,1957.04,1957.3
2023-11-09 23:00:00,1957.28,1958.66,1956.94,1958.5
2023-11-10 01:00:00,1958.16,1959.88,1957.93,1959.13
2023-11-10 02:00:00,1959.11,1960.66,1958.56,1960.55
2023-11-10 03:00:00,1960.54,1960.83,1958.8,1959.12
2023-11-10 04:00:00,1959.1,1960.01,1956.43,1958.33
2023-11-10 05:00:00,1958.28,1960.48,1957.73,1959.49
2023-11-10 06:00:00,1959.48,1959.56,1957.54,1957.76
2023-11-10 07:00:00,1957.76,1957.82,1956.35,1957.29
2023-11-10 08:00:00,1957.29,1958.25,1955.71,1957.02
2023-11-10 09:00:00,1957.02,1957.16,1953.75,1955.39
2023-11-10 10:00:00,1955.4,1957.22,1954.64,1954.94
2023-11-10 11:00:00,1954.9,1955.32,1953.54,1953.94
2023-11-10 12:00:00,1953.93,1954.44,1951.51,1954.09
2023-11-10 13:00:00,1954.08,1954.08,1947.2,1948.25
2023-11-10 14:00:00,1948.26,1949.2,1943.55,1947.39
2023-11-10 15:00:00,1947.36,1948.67,1943.19,1946.13
2023-11-10 16:00:00,1946.14,1947.65,1941.24,1942.6
2023-11-10 17:00:00,1941.98,1946.89,1939.76,1942.07
2023-11-10 18:00:00,1942.1,1943.47,1937.19,1939.53
2023-11-10 19:00:00,1939.53,1940.11,1936.61,1936.79
2023-11-10 20:00:00,1936.78,1937.71,1933.12,1935.96
2023-11-10 21:00:00,1935.99,1937.33,1935.02,1935.43
2023-11-10 22:00:00,1935.44,1936.62,1934.57,1936.1
2023-11-10 23:00:00,1936.11,1937.85,1935.81,1937.82
2023-11-13 01:00:00,1938.47,1941.13,1936.28,1940.4
2023-11-13 02:00:00,1940.35,1941.92,1939.36,1939.37
2023-11-13 03:00:00,1939.35,1940.83,1938.02,1940.34
2023-11-13 04:00:00,1940.34,1941.31,1937.56,1937.58
2023-11-13 05:00:00,1937.64,1937.99,1934.06,1935.33
2023-11-13 06:00:00,1935.32,1935.79,1934.23,1935.74
2023-11-13 07:00:00,1935.74,1939.77,1935.7,1939.18
2023-11-13 08:00:00,1939.19,1940.07,1938.56,1938.72
2023-11-13 09:00:00,1938.72,1941.24,1937.74,1938.82
2023-11-13 10:00:00,1938.84,1939.33,1936.0,1936.62
2023-11-13 11:00:00,1936.62,1940.54,1936.09,1938.2
2023-11-13 12:00:00,1938.19,1939.63,1937.09,1939.54
2023-11-13 13:00:00,1939.54,1939.72,1937.2,1938.02
2023-11-13 14:00:00,1938.01,1938.45,1935.43,1936.25
2023-11-13 15:00:00,1936.21,1938.04,1934.05,1936.01
2023-11-13 16:00:00,1936.02,1936.16,1932.5,1932.65
2023-11-13 17:00:00,1932.66,1938.9,1931.7,1938.49
2023-11-13 18:00:00,1938.47,1946.56,1938.2,1945.82
2023-11-13 19:00:00,1945.81,1949.23,1944.89,1945.76
2023-11-13 20:00:00,1945.77,1947.89,1944.82,1947.89
2023-11-13 21:00:00,1947.9,1948.08,1945.79,1946.26
2023-11-13 22:00:00,1946.24,1946.8,1945.23,1946.69
2023-11-13 23:00:00,1946.65,1946.69,1945.93,1946.2
2023-11-14 01:00:00,1946.17,1946.56,1945.62,1946.51
2023-11-14 02:00:00,1946.53,1947.3,1945.88,1946.85
2023-11-14 03:00:00,1946.91,1948.41,1945.44,1945.69
2023-11-14 04:00:00,1945.69,1946.7,1944.43,1945.83
2023-11-14 05:00:00,1945.7,1945.98,1944.67,1944.78
2023-11-14 06:00:00,1944.7,1945.5,1943.9,1944.75
2023-11-14 07:00:00,1944.75,1945.24,1943.77,1944.44
2023-11-14 08:00:00,1944.42,1945.98,1944.19,1944.63
2023-11-14 09:00:00,1944.64,1946.53,1944.33,1945.61
2023-11-14 10:00:00,1945.65,1946.04,1944.33,1945.42
2023-11-14 11:00:00,1945.41,1947.98,1945.3,1947.19
2023-11-14 12:00:00,1947.21,1948.16,1946.21,1946.88
2023-11-14 13:00:00,1946.86,1947.24,1945.2,1945.95
2023-11-14 14:00:00,1945.97,1946.65,1944.78,1945.16
2023-11-14 15:00:00,1945.17,1958.94,1944.36,1954.36
2023-11-14 16:00:00,1954.36,1970.89,1953.7,1967.78
2023-11-14 17:00:00,1967.65,1969.21,1962.34,1964.43
2023-11-14 18:00:00,1964.44,1966.57,1963.24,1964.2
2023-11-14 19:00:00,1964.17,1965.11,1961.87,1962.22
2023-11-14 20:00:00,1962.22,1964.37,1961.68,1962.74
2023-11-14 21:00:00,1962.76,1963.86,1962.3,1963.72
2023-11-14 22:00:00,1963.75,1964.48,1962.96,1963.81
2023-11-14 23:00:00,1963.88,1964.01,1962.6,1963.1
2023-11-15 01:00:00,1962.68,1963.13,1962.2,1962.51
2023-11-15 02:00:00,1962.54,1963.79,1961.57,1963.62
2023-11-15 03:00:00,1963.63,1964.01,1961.58,1962.68
2023-11-15 04:00:00,1962.7,1964.59,1962.57,1964.44
2023-11-15 05:00:00,1964.46,1967.03,1964.42,1966.91
2023-11-15 06:00:00,1966.88,1967.98,1966.48,1967.54
2023-11-15 07:00:00,1967.55,1967.68,1965.88,1966.98
2023-11-15 08:00:00,1966.97,1970.52,1966.86,1969.62
2023-11-15 09:00:00,1969.73,1971.03,1967.28,1970.34
2023-11-15 10:00:00,1970.42,1972.62,1969.82,1971.56
2023-11-15 11:00:00,1971.55,1972.22,1970.04,1971.51
2023-11-15 12:00:00,1971.5,1974.07,1971.28,1973.14
2023-11-15 13:00:00,1973.15,1973.53,1971.88,1972.98
2023-11-15 14:00:00,1972.99,1973.36,1970.32,1971.61
2023-11-15 15:00:00,1971.57,1975.14,1963.54,1965.64
2023-11-15 16:00:00,1965.6,1966.69,1955.47,1957.47
2023-11-15 17:00:00,1957.47,1964.49,1957.19,1963.17
2023-11-15 18:00:00,1963.19,1963.74,1959.19,1962.35
2023-11-15 19:00:00,1962.35,1963.2,1960.48,1961.45
2023-11-15 20:00:00,1961.44,1962.09,1959.18,1960.48
2023-11-15 21:00:00,1960.48,1962.18,1960.39,1961.78
2023-11-15 22:00:00,1961.76,1962.24,1959.03,1959.49
2023-11-15 23:00:00,1959.42,1960.43,1959.13,1959.27
2023-11-16 01:00:00,1960.5,1961.0,1959.63,1960.34
2023-11-16 02:00:00,1960.33,1961.39,1958.88,1959.6
2023-11-16 03:00:00,1959.61,1959.86,1957.67,1958.42
2023-11-16 04:00:00,1958.42,1961.08,1956.46,1960.77
2023-11-16 05:00:00,1960.77,1962.17,1960.4,1961.42
2023-11-16 06:00:00,1961.42,1962.6,1960.83,1962.6
2023-11-16 07:00:00,1962.59,1963.88,1962.17,1962.91
2023-11-16 08:00:00,1962.9,1967.33,1962.81,1967.0
2023-11-16 09:00:00,1966.99,1967.84,1965.75,1966.52
2023-11-16 10:00:00,1966.5,1967.54,1964.86,1967.52
2023-11-16 11:00:00,1967.49,1968.58,1965.91,1966.24
2023-11-16 12:00:00,1966.25,1966.73,1964.69,1965.1
2023-11-16 13:00:00,1965.1,1966.43,1964.82,1965.57
2023-11-16 14:00:00,1965.61,1965.67,1962.11,1964.36
2023-11-16 15:00:00,1964.38,1972.95,1964.25,1972.13
2023-11-16 16:00:00,1972.14,1982.73,1971.53,1979.77
2023-11-16 17:00:00,1979.72,1986.51,1979.19,1984.96
2023-11-16 18:00:00,1984.94,1987.99,1980.15,1982.05
2023-11-16 19:00:00,1982.04,1983.68,1980.81,1983.34
2023-11-16 20:00:00,1983.39,1985.22,1983.21,1984.21
2023-11-16 21:00:00,1984.19,1984.41,1982.99,1983.34
2023-11-16 22:00:00,1983.34,1984.12,1980.82,1980.86
2023-11-16 23:00:00,1980.98,1981.37,1980.64,1981.25
2023-11-17 01:00:00,1981.26,1983.04,1980.98,1982.68
2023-11-17 02:00:00,1982.68,1984.96,1981.77,1984.95
2023-11-17 03:00:00,1984.96,1986.97,1982.73,1983.47
2023-11-17 04:00:00,1983.46,1985.8,1983.22,1985.36
2023-11-17 05:00:00,1985.34,1986.83,1985.24,1986.72
2023-11-17 06:00:00,1986.72,1987.14,1985.34,1986.11
2023-11-17 07:00:00,1986.1,1986.1,1984.28,1984.41
2023-11-17 08:00:00,1984.42,1984.73,1982.7,1983.62
2023-11-17 09:00:00,1983.58,1987.69,1982.89,1987.69
2023-11-17 10:00:00,1987.7,1989.13,1984.65,1988.74
2023-11-17 11:00:00,1988.76,1992.4,1988.24,1991.3
2023-11-17 12:00:00,1991.31,1993.4,1990.62,1991.81
2023-11-17 13:00:00,1991.83,1991.83,1987.4,1988.86
2023-11-17 14:00:00,1988.86,1990.79,1987.68,1988.7
2023-11-17 15:00:00,1988.76,1991.64,1983.59,1984.82
2023-11-17 16:00:00,1984.82,1986.72,1979.4,1980.4
2023-11-17 17:00:00,1980.41,1984.31,1979.99,1983.5
2023-11-17 18:00:00,1983.56,1985.32,1979.46,1981.18
2023-11-17 19:00:00,1981.19,1981.19,1978.62,1981.11
2023-11-17 20:00:00,1981.11,1982.79,1980.56,1981.99
2023-11-17 21:00:00,1982.01,1982.01,1979.73,1980.39
2023-11-17 22:00:00,1980.37,1981.1,1979.04,1980.81
2023-11-17 23:00:00,1980.8,1980.8,1979.97,1980.42
2023-11-20 01:00:00,1977.62,1978.67,1974.26,1974.55
2023-11-20 02:00:00,1974.59,1977.68,1973.41,1977.51
2023-11-20 03:00:00,1977.53,1983.08,1977.39,1981.11
2023-11-20 04:00:00,1981.12,1985.19,1979.7,1982.87
2023-11-20 05:00:00,1982.84,1983.13,1980.23,1982.32
2023-11-20 06:00:00,1982.33,1983.44,1980.97,1981.41
2023-11-20 07:00:00,1981.39,1983.4,1979.62,1980.67
2023-11-20 08:00:00,1980.68,1981.97,1978.9,1980.28
2023-11-20 09:00:00,1980.3,1981.12,1978.17,1978.63
2023-11-20 10:00:00,1978.66,1980.0,1975.92,1976.97
2023-11-20 11:00:00,1976.95,1980.51,1976.26,1979.36
2023-11-20 12:00:00,1979.39,1979.53,1975.09,1975.88
2023-11-20 13:00:00,1975.86,1976.29,1972.31,1973.39
2023-11-20 14:00:00,1973.38,1973.39,1970.58,1972.52
2023-11-20 15:00:00,1972.5,1973.25,1965.71,1968.3
2023-11-20 16:00:00,1968.35,1972.99,1965.51,1970.2
2023-11-20 17:00:00,1970.17,1973.11,1968.84,1971.97
2023-11-20 18:00:00,1971.98,1975.14,1971.29,1974.61
2023-11-20 19:00:00,1974.65,1976.27,1972.51,1973.83
2023-11-20 20:00:00,1973.82,1978.96,1973.49,1977.42
2023-11-20 21:00:00,1977.43,1978.97,1975.71,1978.47
2023-11-20 22:00:00,1978.48,1978.88,1976.94,1977.82
2023-11-20 23:00:00,1977.87,1978.05,1977.02,1977.67
2023-11-21 01:00:00,1978.65,1981.59,1978.4,1981.28
2023-11-21 02:00:00,1981.27,1986.85,1980.83,1986.43
2023-11-21 03:00:00,1986.4,1990.4,1984.01,1990.05
2023-11-21 04:00:00,1990.05,1992.72,1988.83,1990.73
2023-11-21 05:00:00,1990.74,1994.27,1989.84,1993.28
2023-11-21 06:00:00,1993.26,1994.09,1991.22,1992.19
2023-11-21 07:00:00,1992.16,1993.35,1991.03,1991.74
2023-11-21 08:00:00,1991.74,1992.51,1989.69,1990.78
2023-11-21 09:00:00,1990.85,1993.67,1990.46,1992.44
2023-11-21 10:00:00,1992.44,1994.32,1986.62,1987.87
2023-11-21 11:00:00,1987.86,1988.64,1984.33,1985.41
2023-11-21 12:00:00,1985.42,1989.97,1985.33,1988.65
2023-11-21 13:00:00,1988.64,1989.03,1986.1,1987.28
2023-11-21 14:00:00,1987.3,1989.42,1986.65,1989.14
2023-11-21 15:00:00,1989.14,2000.22,1989.14,1997.64
2023-11-21 16:00:00,1997.71,2007.31,1997.36,2005.43
2023-11-21 17:00:00,2005.41,2007.6,2003.01,2004.29
2023-11-21 18:00:00,2004.31,2005.35,1998.73,2001.11
2023-11-21 19:00:00,2001.19,2001.65,1999.13,2001.51
2023-11-21 20:00:00,2001.5,2001.88,1997.84,1998.66
2023-11-21 21:00:00,1998.71,2000.67,1996.23,2000.13
2023-11-21 22:00:00,2000.13,2000.21,1998.4,1999.07
2023-11-21 23:00:00,1999.06,1999.1,1997.84,1998.28
2023-11-22 01:00:00,1998.48,1999.88,1998.41,1999.35
2023-11-22 02:00:00,1999.34,1999.34,1996.94,1997.45
2023-11-22 03:00:00,1997.48,1998.82,1995.87,1996.19
2023-11-22 04:00:00,1996.19,1997.69,1995.52,1996.76
2023-11-22 05:00:00,1996.75,1997.95,1995.97,1996.52
2023-11-22 06:00:00,1996.52,2000.35,1996.2,1999.32
2023-11-22 07:00:00,1999.32,1999.71,1996.72,1998.86
2023-11-22 08:00:00,1998.9,2001.34,1998.27,2000.9
2023-11-22 09:00:00,2000.89,2004.06,2000.18,2003.74
2023-11-22 10:00:00,2003.76,2006.38,1999.38,1999.69
2023-11-22 11:00:00,1999.68,2003.61,1999.1,2002.18
2023-11-22 12:00:00,2002.16,2002.84,1999.57,2001.11
2023-11-22 13:00:00,2001.13,2003.35,2000.44,2000.65
2023-11-22 14:00:00,2000.63,2003.12,2000.11,2001.9
2023-11-22 15:00:00,2001.89,2003.18,1996.81,1999.1
2023-11-22 16:00:00,1999.13,2002.46,1998.58,2001.79
2023-11-22 17:00:00,2001.64,2001.64,1989.97,1994.98
2023-11-22 18:00:00,1995.01,1995.57,1990.09,1991.11
2023-11-22 19:00:00,1991.12,1992.49,1988.7,1991.62
2023-11-22 20:00:00,1991.55,1992.69,1986.92,1988.44
2023-11-22 21:00:00,1988.46,1991.23,1988.46,1990.72
2023-11-22 22:00:00,1990.73,1991.54,1989.48,1989.73
2023-11-22 23:00:00,1989.71,1990.15,1989.44,1989.86
2023-11-23 01:00:00,1989.9,1991.86,1989.59,1990.51
2023-11-23 02:00:00,1990.51,1992.17,1990.23,1992.02
2023-11-23 03:00:00,1991.99,1994.08,1991.23,1993.53
2023-11-23 04:00:00,1993.52,1995.0,1993.24,1994.29
2023-11-23 05:00:00,1994.36,1998.37,1993.14,1997.8
2023-11-23 06:00:00,1997.83,1997.91,1993.42,1995.23
2023-11-23 07:00:00,1995.22,1996.45,1994.35,1996.29
2023-11-23 08:00:00,1996.3,1997.57,1995.3,1996.21
2023-11-23 09:00:00,1996.2,1998.54,1994.31,1996.38
2023-11-23 10:00:00,1996.37,1996.44,1993.81,1995.03
2023-11-23 11:00:00,1995.03,1995.49,1992.19,1994.38
2023-11-23 12:00:00,1994.37,1994.85,1992.18,1993.58
2023-11-23 13:00:00,1993.59,1994.43,1992.97,1993.9
2023-11-23 14:00:00,1993.9,1994.21,1992.03,1992.45
2023-11-23 15:00:00,1992.43,1993.31,1991.94,1992.78
2023-11-23 16:00:00,1992.79,1994.91,1992.06,1993.85
2023-11-23 17:00:00,1993.84,1993.91,1991.82,1992.19
2023-11-23 18:00:00,1992.17,1992.19,1989.85,1990.58
2023-11-23 19:00:00,1990.59,1992.99,1990.58,1992.82
2023-11-23 20:00:00,1992.87,1993.04,1991.87,1992.12
2023-11-23 21:00:00,1992.11,1992.78,1991.8,1992.34
2023-11-24 01:00:00,1993.19,1994.39,1992.95,1994.12
2023-11-24 02:00:00,1994.15,1994.87,1993.12,1993.89
2023-11-24 03:00:00,1993.96,1994.92,1991.48,1992.85
2023-11-24 04:00:00,1992.85,1994.19,1991.94,1992.39
2023-11-24 05:00:00,1992.37,1993.66,1991.69,1993.62
2023-11-24 06:00:00,1993.63,1994.79,1991.49,1993.79
2023-11-24 07:00:00,1993.78,1994.47,1992.92,1994.27
2023-11-24 08:00:00,1994.26,1994.31,1992.5,1993.6
2023-11-24 09:00:00,1993.6,1994.18,1992.09,1993.51
2023-11-24 10:00:00,1993.55,1994.35,1992.27,1993.43
2023-11-24 11:00:00,1993.42,1994.92,1993.24,1994.56
2023-11-24 12:00:00,1994.55,1996.32,1994.38,1995.76
2023-11-24 13:00:00,1995.78,1996.21,1994.6,1995.19
2023-11-24 14:00:00,1995.24,1997.13,1994.91,1995.47
2023-11-24 15:00:00,1995.46,2001.94,1994.42,1999.61
2023-11-24 16:00:00,1999.67,2003.12,1999.51,2001.19
2023-11-24 17:00:00,2001.23,2003.62,1997.33,1998.4
2023-11-24 18:00:00,1998.39,2000.32,1997.18,1999.95
2023-11-24 19:00:00,1999.95,2002.37,1999.59,2001.01
2023-11-24 20:00:00,2000.99,2002.72,1999.78,2002.18
2023-11-27 01:00:00,2001.39,2003.26,2000.65,2002.44
2023-11-27 02:00:00,2002.42,2004.26,2001.83,2002.1
2023-11-27 03:00:00,2002.15,2018.11,2002.14,2012.03
2023-11-27 04:00:00,2012.02,2012.07,2007.45,2011.34
2023-11-27 05:00:00,2011.31,2011.89,2007.54,2009.6
2023-11-27 06:00:00,2009.59,2013.69,2008.49,2012.99
2023-11-27 07:00:00,2013.01,2013.75,2010.61,2010.68
2023-11-27 08:00:00,2010.71,2011.98,2008.77,2009.65
2023-11-27 09:00:00,2009.71,2011.33,2009.58,2010.97
2023-11-27 10:00:00,2010.96,2013.9,2010.54,2013.86
2023-11-27 11:00:00,2013.87,2015.49,2013.02,2013.39
2023-11-27 12:00:00,2013.43,2014.98,2011.78,2014.42
2023-11-27 13:00:00,2014.43,2014.97,2011.76,2012.59
2023-11-27 14:00:00,2012.6,2014.42,2011.57,2013.61
2023-11-27 15:00:00,2013.65,2016.44,2009.78,2011.33
2023-11-27 16:00:00,2011.36,2013.19,2010.7,2011.44
2023-11-27 17:00:00,2011.45,2014.9,2008.72,2010.36
2023-11-27 18:00:00,2010.36,2011.25,2005.78,2010.84
2023-11-27 19:00:00,2010.85,2011.14,2008.75,2009.97
2023-11-27 20:00:00,2009.99,2013.18,2009.51,2012.45
2023-11-27 21:00:00,2012.44,2013.6,2012.1,2012.85
2023-11-27 22:00:00,2012.86,2014.66,2012.03,2014.52
2023-11-27 23:00:00,2014.39,2014.58,2013.57,2014.21
2023-11-28 01:00:00,2013.45,2015.43,2013.24,2015.31
2023-11-28 02:00:00,2015.32,2018.09,2015.32,2017.19
2023-11-28 03:00:00,2017.23,2018.07,2013.94,2015.41
2023-11-28 04:00:00,2015.42,2017.68,2014.15,2015.27
2023-11-28 05:00:00,2015.26,2017.2,2014.87,2014.97
2023-11-28 06:00:00,2014.98,2016.89,2014.13,2015.21
2023-11-28 07:00:00,2015.21,2015.9,2014.29,2015.18
2023-11-28 08:00:00,2015.19,2016.89,2014.42,2015.96
2023-11-28 09:00:00,2015.93,2016.69,2011.99,2013.5
2023-11-28 10:00:00,2013.53,2015.8,2012.53,2015.41
2023-11-28 11:00:00,2015.42,2016.75,2014.41,2015.99
2023-11-28 12:00:00,2016.0,2016.19,2013.42,2014.6
2023-11-28 13:00:00,2014.63,2015.7,2014.43,2015.25
2023-11-28 14:00:00,2015.32,2015.96,2014.08,2014.37
2023-11-28 15:00:00,2014.38,2021.54,2011.52,2021.51
2023-11-28 16:00:00,2021.53,2028.44,2020.63,2026.17
2023-11-28 17:00:00,2026.18,2031.54,2023.76,2030.89
2023-11-28 18:00:00,2030.9,2040.52,2030.46,2039.72
2023-11-28 19:00:00,2039.74,2043.01,2038.78,2040.72
2023-11-28 20:00:00,2040.77,2041.42,2038.24,2039.46
2023-11-28 21:00:00,2039.46,2042.56,2039.45,2041.78
2023-11-28 22:00:00,2041.82,2041.84,2039.63,2041.23
2023-11-28 23:00:00,2041.22,2041.99,2040.03,2041.18
2023-11-29 01:00:00,2041.11,2044.53,2040.84,2044.45
2023-11-29 02:00:00,2044.5,2049.56,2042.81,2049.48
2023-11-29 03:00:00,2049.49,2051.98,2046.77,2048.86
2023-11-29 04:00:00,2048.85,2049.05,2045.99,2046.97
2023-11-29 05:00:00,2046.98,2047.51,2043.01,2044.05
2023-11-29 06:00:00,2044.02,2046.45,2043.32,2046.24
2023-11-29 07:00:00,2046.25,2049.0,2044.45,2045.98
2023-11-29 08:00:00,2045.96,2046.25,2043.15,2044.66
2023-11-29 09:00:00,2044.73,2044.84,2041.12,2042.42
2023-11-29 10:00:00,2042.57,2044.08,2041.32,2042.73
2023-11-29 11:00:00,2042.72,2043.39,2035.43,2038.42
2023-11-29 12:00:00,2038.45,2039.16,2036.73,2037.48
2023-11-29 13:00:00,2037.45,2040.15,2037.38,2040.1
2023-11-29 14:00:00,2040.1,2042.32,2039.08,2041.41
2023-11-29 15:00:00,2041.45,2043.01,2037.3,2039.14
2023-11-29 16:00:00,2039.14,2045.64,2037.09,2044.32
2023-11-29 17:00:00,2044.29,2046.98,2039.15,2043.02
2023-11-29 18:00:00,2043.01,2043.38,2039.58,2042.13
2023-11-29 19:00:00,2042.14,2045.79,2041.64,2045.03
2023-11-29 20:00:00,2045.06,2048.34,2044.34,2047.88
2023-11-29 21:00:00,2047.9,2049.56,2045.37,2046.34
2023-11-29 22:00:00,2046.35,2046.51,2042.83,2044.6
2023-11-29 23:00:00,2044.65,2044.88,2043.79,2044.18
2023-11-30 01:00:00,2044.77,2045.3,2044.12,2044.64
2023-11-30 02:00:00,2044.56,2046.83,2044.19,2046.66
2023-11-30 03:00:00,2046.68,2046.68,2043.13,2043.33
2023-11-30 04:00:00,2043.32,2046.42,2042.65,2045.96
2023-11-30 05:00:00,2045.95,2047.23,2044.23,2046.09
2023-11-30 06:00:00,2046.11,2046.65,2043.13,2044.59
2023-11-30 07:00:00,2044.58,2044.74,2041.44,2041.68
2023-11-30 08:00:00,2041.69,2045.87,2041.66,2045.87
2023-11-30 09:00:00,2045.89,2046.97,2042.38,2044.63
2023-11-30 10:00:00,2044.72,2045.75,2039.98,2040.6
2023-11-30 11:00:00,2040.6,2042.29,2038.78,2039.97
2023-11-30 12:00:00,2039.95,2040.62,2036.78,2038.41
2023-11-30 13:00:00,2038.41,2038.69,2036.0,2037.19
2023-11-30 14:00:00,2037.2,2039.13,2036.88,2038.32
2023-11-30 15:00:00,2038.38,2043.99,2034.06,2036.87
2023-11-30 16:00:00,2036.86,2039.89,2031.13,2036.6
2023-11-30 17:00:00,2036.56,2038.31,2032.45,2037.94
2023-11-30 18:00:00,2037.96,2040.37,2036.59,2039.66
2023-11-30 19:00:00,2039.67,2041.32,2036.84,2037.05
2023-11-30 20:00:00,2037.07,2038.73,2033.68,2034.94
2023-11-30 21:00:00,2034.96,2037.21,2034.66,2036.2
2023-11-30 22:00:00,2036.19,2036.52,2034.82,2036.24
2023-11-30 23:00:00,2036.22,2036.73,2034.83,2036.05
2023-12-01 01:00:00,2037.74,2040.62,2037.74,2040.16
2023-12-01 02:00:00,2040.24,2042.53,2039.96,2041.93
2023-12-01 03:00:00,2041.92,2043.46,2041.25,2041.76
2023-12-01 04:00:00,2041.73,2042.79,2039.98,2040.23
2023-12-01 05:00:00,2040.27,2042.73,2038.7,2039.52
2023-12-01 06:00:00,2039.51,2040.56,2038.88,2040.22
2023-12-01 07:00:00,2040.23,2041.54,2039.77,2041.0
2023-12-01 08:00:00,2040.98,2042.88,2039.76,2040.49
2023-12-01 09:00:00,2040.54,2042.03,2039.28,2039.54
2023-12-01 10:00:00,2039.67,2046.1,2039.32,2045.38
2023-12-01 11:00:00,2045.38,2049.86,2044.88,2046.4
2023-12-01 12:00:00,2046.41,2047.21,2043.25,2043.75
2023-12-01 13:00:00,2043.75,2044.19,2036.55,2037.04
2023-12-01 14:00:00,2037.05,2038.56,2033.94,2036.07
2023-12-01 15:00:00,2036.06,2039.38,2035.05,2037.71
2023-12-01 16:00:00,2037.72,2043.34,2035.23,2042.48
2023-12-01 17:00:00,2042.68,2053.29,2042.09,2049.35
2023-12-01 18:00:00,2049.36,2060.63,2044.82,2058.83
2023-12-01 19:00:00,2058.84,2067.67,2057.39,2067.31
2023-12-01 20:00:00,2067.32,2075.37,2065.8,2071.84
2023-12-01 21:00:00,2071.83,2072.25,2065.64,2067.04
2023-12-01 22:00:00,2067.03,2071.07,2066.54,2070.88
2023-12-01 23:00:00,2070.69,2072.1,2070.49,2071.46
2023-12-04 01:00:00,2074.54,2134.76,2071.65,2117.76
2023-12-04 02:00:00,2117.76,2120.78,2090.73,2095.68
2023-12-04 03:00:00,2095.75,2098.17,2083.2,2087.8
2023-12-04 04:00:00,2087.79,2088.77,2084.24,2088.21
2023-12-04 05:00:00,2088.13,2089.32,2084.54,2085.85
2023-12-04 06:00:00,2085.81,2086.05,2081.73,2085.48
2023-12-04 07:00:00,2085.47,2090.47,2083.89,2086.01
2023-12-04 08:00:00,2086.02,2087.93,2073.84,2076.54
2023-12-04 09:00:00,2076.68,2078.8,2061.73,2063.28
2023-12-04 10:00:00,2063.41,2070.06,2057.87,2069.79
2023-12-04 11:00:00,2069.8,2076.16,2068.29,2071.1
2023-12-04 12:00:00,2071.12,2071.12,2064.16,2068.35
2023-12-04 13:00:00,2068.34,2071.87,2066.01,2070.94
2023-12-04 14:00:00,2070.93,2071.3,2065.71,2069.83
2023-12-04 15:00:00,2069.84,2070.52,2055.94,2057.65
2023-12-04 16:00:00,2057.67,2057.98,2042.54,2050.16
2023-12-04 17:00:00,2050.31,2053.22,2020.13,2022.62
2023-12-04 18:00:00,2022.6,2028.13,2020.88,2025.98
2023-12-04 19:00:00,2026.1,2030.75,2023.74,2025.96
2023-12-04 20:00:00,2026.0,2026.09,2022.18,2024.41
2023-12-04 21:00:00,2024.42,2031.52,2023.89,2030.94
2023-12-04 22:00:00,2030.93,2032.29,2026.29,2026.37
2023-12-04 23:00:00,2026.84,2030.3,2026.84,2029.02
2023-12-05 01:00:00,2029.65,2034.14,2028.45,2034.0
2023-12-05 02:00:00,2033.95,2041.22,2032.63,2036.78
2023-12-05 03:00:00,2036.78,2038.45,2034.12,2035.67
2023-12-05 04:00:00,2035.65,2036.56,2033.56,2034.69
2023-12-05 05:00:00,2034.72,2037.84,2034.56,2037.4
2023-12-05 06:00:00,2037.4,2038.41,2030.51,2032.28
2023-12-05 07:00:00,2032.42,2033.89,2030.99,2032.2
2023-12-05 08:00:00,2032.22,2034.57,2031.75,2033.46
2023-12-05 09:00:00,2033.46,2034.99,2031.21,2032.7
2023-12-05 10:00:00,2032.67,2039.59,2032.65,2034.5
2023-12-05 11:00:00,2034.49,2034.53,2028.57,2028.99
2023-12-05 12:00:00,2028.99,2029.61,2023.05,2025.29
2023-12-05 13:00:00,2025.3,2027.56,2021.57,2024.79
2023-12-05 14:00:00,2024.68,2026.5,2022.37,2024.86
2023-12-05 15:00:00,2024.82,2030.88,2024.73,2029.5
2023-12-05 16:00:00,2029.52,2030.09,2015.47,2016.62
2023-12-05 17:00:00,2016.52,2026.9,2009.89,2016.31
2023-12-05 18:00:00,2016.28,2019.5,2012.19,2014.87
2023-12-05 19:00:00,2014.94,2020.6,2014.76,2017.24
2023-12-05 20:00:00,2017.25,2019.95,2016.74,2018.2
2023-12-05 21:00:00,2018.16,2020.35,2017.52,2019.84
2023-12-05 22:00:00,2019.75,2020.93,2018.43,2019.18
2023-12-05 23:00:00,2019.26,2019.89,2018.67,2019.34
2023-12-06 01:00:00,2019.39,2019.71,2017.3,2018.95
2023-12-06 02:00:00,2018.94,2022.4,2018.78,2021.84
2023-12-06 03:00:00,2021.79,2022.71,2019.04,2020.88
2023-12-06 04:00:00,2020.85,2022.19,2019.82,2021.24
2023-12-06 05:00:00,2021.22,2024.22,2020.87,2023.22
2023-12-06 06:00:00,2023.26,2023.87,2020.47,2022.01
2023-12-06 07:00:00,2021.98,2025.44,2021.17,2024.87
2023-12-06 08:00:00,2024.84,2027.13,2023.84,2026.32
2023-12-06 09:00:00,2026.31,2035.87,2026.11,2034.15
2023-12-06 10:00:00,2034.12,2034.91,2024.51,2025.38
2023-12-06 11:00:00,2025.39,2027.8,2020.22,2021.22
2023-12-06 12:00:00,2021.23,2023.79,2021.02,2022.85
2023-12-06 13:00:00,2022.86,2023.2,2020.2,2021.39
2023-12-06 14:00:00,2021.41,2027.52,2021.04,2026.24
2023-12-06 15:00:00,2026.12,2031.88,2024.3,2030.18
2023-12-06 16:00:00,2030.26,2033.03,2024.83,2025.15
2023-12-06 17:00:00,2025.21,2031.97,2022.68,2030.28
2023-12-06 18:00:00,2030.3,2031.34,2024.01,2030.03
2023-12-06 19:00:00,2029.97,2030.22,2026.62,2029.56
2023-12-06 20:00:00,2029.55,2031.27,2028.07,2030.63
2023-12-06 21:00:00,2030.63,2030.8,2028.78,2029.96
2023-12-06 22:00:00,2029.97,2029.97,2025.17,2026.6
2023-12-06 23:00:00,2026.58,2026.97,2024.45,2025.36
2023-12-07 01:00:00,2026.03,2027.87,2025.22,2027.14
2023-12-07 02:00:00,2027.09,2029.62,2026.68,2028.68
2023-12-07 03:00:00,2028.67,2029.58,2026.09,2026.2
2023-12-07 04:00:00,2026.24,2030.02,2026.21,2029.08
2023-12-07 05:00:00,2029.1,2029.92,2026.51,2026.89
2023-12-07 06:00:00,2026.84,2027.13,2025.43,2026.06
2023-12-07 07:00:00,2026.03,2027.37,2025.27,2026.81
2023-12-07 08:00:00,2026.86,2029.79,2026.33,2029.68
2023-12-07 09:00:00,2029.83,2030.83,2028.34,2029.65
2023-12-07 10:00:00,2029.7,2034.89,2028.82,2032.99
2023-12-07 11:00:00,2032.98,2034.73,2031.14,2034.15
2023-12-07 12:00:00,2034.16,2035.12,2032.53,2033.59
2023-12-07 13:00:00,2033.6,2034.46,2029.56,2032.62
2023-12-07 14:00:00,2032.62,2033.46,2030.45,2033.21
2023-12-07 15:00:00,2033.27,2039.94,2030.04,2037.21
2023-12-07 16:00:00,2037.21,2037.51,2025.25,2026.47
2023-12-07 17:00:00,2026.27,2031.32,2025.49,2029.31
2023-12-07 18:00:00,2029.32,2030.87,2025.58,2026.46
2023-12-07 19:00:00,2026.47,2031.31,2020.21,2028.87
2023-12-07 20:00:00,2028.88,2032.01,2027.69,2030.4
2023-12-07 21:00:00,2030.36,2031.05,2029.52,2029.96
2023-12-07 22:00:00,2029.97,2031.34,2028.71,2029.36
2023-12-07 23:00:00,2029.49,2029.54,2028.34,2028.53
2023-12-08 01:00:00,2028.83,2028.88,2026.87,2028.08
2023-12-08 02:00:00,2028.1,2033.13,2027.55,2031.09
2023-12-08 03:00:00,2031.14,2033.16,2028.79,2032.29
2023-12-08 04:00:00,2032.32,2033.66,2031.83,2032.55
2023-12-08 05:00:00,2032.56,2034.07,2030.95,2032.51
2023-12-08 06:00:00,2032.5,2032.5,2030.14,2031.48
2023-12-08 07:00:00,2031.5,2031.92,2029.35,2030.03
2023-12-08 08:00:00,2030.04,2031.15,2028.86,2030.42
2023-12-08 09:00:00,2030.43,2031.41,2029.13,2030.94
2023-12-08 10:00:00,2030.93,2031.03,2026.54,2028.25
2023-12-08 11:00:00,2028.24,2029.18,2026.68,2028.68
2023-12-08 12:00:00,2028.65,2032.39,2027.21,2029.8
2023-12-08 13:00:00,2029.8,2030.98,2028.87,2030.0
2023-12-08 14:00:00,2029.99,2030.13,2027.03,2027.59
2023-12-08 15:00:00,2027.62,2028.88,2014.45,2018.65
2023-12-08 16:00:00,2018.64,2019.34,2002.68,2008.83
2023-12-08 17:00:00,2011.49,2014.89,2006.23,2008.98
2023-12-08 18:00:00,2008.99,2009.7,2001.25,2002.24
2023-12-08 19:00:00,2002.24,2002.67,1994.7,1997.2
2023-12-08 20:00:00,1997.23,2000.85,1996.37,1999.4
2023-12-08 21:00:00,1999.46,2001.38,1999.31,2000.72
2023-12-08 22:00:00,2000.73,2003.53,2000.08,2002.85
2023-12-08 23:00:00,2003.02,2005.01,2002.66,2004.08
2023-12-11 01:00:00,2005.57,2007.61,2004.61,2007.12
2023-12-11 02:00:00,2007.1,2007.79,2004.58,2004.86
2023-12-11 03:00:00,2004.88,2005.0,2001.76,2002.18
2023-12-11 04:00:00,2002.14,2002.79,1996.63,1998.15
2023-12-11 05:00:00,1998.14,2000.32,1995.57,1996.92
2023-12-11 06:00:00,1996.93,1997.05,1994.81,1996.74
2023-12-11 07:00:00,1996.69,1999.98,1996.47,1998.87
2023-12-11 08:00:00,1998.88,1999.54,1997.66,1998.87
2023-12-11 09:00:00,1998.91,2000.6,1991.35,1992.83
2023-12-11 10:00:00,1992.82,1997.88,1991.99,1996.12
2023-12-11 11:00:00,1996.11,1997.05,1991.94,1993.4
2023-12-11 12:00:00,1993.44,1994.78,1991.25,1993.0
2023-12-11 13:00:00,1993.01,1996.42,1992.76,1996.27
2023-12-11 14:00:00,1996.3,1996.76,1993.88,1995.09
2023-12-11 15:00:00,1995.12,1995.79,1990.21,1993.91
2023-12-11 16:00:00,1993.9,1994.44,1986.55,1986.76
2023-12-11 17:00:00,1986.75,1988.19,1980.69,1982.4
2023-12-11 18:00:00,1982.42,1984.31,1980.15,1981.63
2023-12-11 19:00:00,1981.62,1982.79,1976.13,1976.74
2023-12-11 20:00:00,1976.77,1982.51,1975.88,1981.59
2023-12-11 21:00:00,1981.61,1983.08,1980.45,1981.59
2023-12-11 22:00:00,1981.61,1982.17,1980.38,1980.84
2023-12-11 23:00:00,1980.86,1981.85,1980.75,1981.78
2023-12-12 01:00:00,1982.41,1984.28,1981.75,1982.98
2023-12-12 02:00:00,1982.99,1989.56,1982.38,1985.71
2023-12-12 03:00:00,1985.65,1986.29,1982.88,1983.27
2023-12-12 04:00:00,1983.27,1983.68,1981.99,1982.24
2023-12-12 05:00:00,1982.25,1986.36,1982.12,1985.53
2023-12-12 06:00:00,1985.52,1986.48,1984.75,1985.68
2023-12-12 07:00:00,1985.67,1987.95,1984.81,1987.58
2023-12-12 08:00:00,1987.55,1988.78,1987.25,1987.75
2023-12-12 09:00:00,1987.73,1989.07,1985.6,1988.14
2023-12-12 10:00:00,1988.12,1988.31,1983.74,1983.78
2023-12-12 11:00:00,1983.77,1986.06,1982.76,1985.89
2023-12-12 12:00:00,1985.89,1988.24,1985.17,1986.24
2023-12-12 13:00:00,1986.23,1988.44,1985.94,1988.37
2023-12-12 14:00:00,1988.44,1989.1,1986.81,1988.32
2023-12-12 15:00:00,1988.34,1996.77,1982.73,1984.51
2023-12-12 16:00:00,1984.58,1989.8,1980.13,1981.84
2023-12-12 17:00:00,1981.93,1984.57,1980.49,1981.66
2023-12-12 18:00:00,1981.74,1983.71,1979.24,1981.0
2023-12-12 19:00:00,1981.06,1981.39,1977.23,1977.76
2023-12-12 20:00:00,1977.75,1980.73,1977.52,1979.04
2023-12-12 21:00:00,1979.05,1981.1,1979.04,1980.27
2023-12-12 22:00:00,1980.25,1980.51,1979.35,1979.54
2023-12-12 23:00:00,1979.53,1980.03,1979.09,1979.42
2023-12-13 01:00:00,1979.93,1982.8,1979.88,1982.52
2023-12-13 02:00:00,1982.55,1982.57,1980.09,1980.8
2023-12-13 03:00:00,1980.82,1981.66,1979.78,1980.11
2023-12-13 04:00:00,1980.19,1980.39,1977.94,1979.4
2023-12-13 05:00:00,1979.41,1980.17,1977.84,1978.02
2023-12-13 06:00:00,1977.99,1980.03,1977.67,1978.28
2023-12-13 07:00:00,1978.3,1979.72,1978.3,1978.77
2023-12-13 08:00:00,1978.79,1978.91,1973.09,1974.41
2023-12-13 09:00:00,1974.42,1980.51,1973.42,1979.26
2023-12-13 10:00:00,1979.28,1982.31,1978.58,1980.31
2023-12-13 11:00:00,1980.29,1982.65,1979.59,1982.58
2023-12-13 12:00:00,1982.55,1983.29,1981.15,1983.26
2023-12-13 13:00:00,1983.24,1983.61,1982.22,1982.87
2023-12-13 14:00:00,1982.86,1982.95,1980.83,1981.43
2023-12-13 15:00:00,1981.45,1986.78,1979.69,1984.49
2023-12-13 16:00:00,1984.5,1986.18,1981.3,1981.96
2023-12-13 17:00:00,1981.95,1983.0,1978.45,1981.91
2023-12-13 18:00:00,1981.9,1983.77,1980.43,1981.4
2023-12-13 19:00:00,1981.5,1983.59,1981.17,1982.14
2023-12-13 20:00:00,1982.18,1982.94,1979.71,1982.04
2023-12-13 21:00:00,1981.93,2017.44,1981.87,2013.69
2023-12-13 22:00:00,2013.76,2024.38,2012.66,2023.92
2023-12-13 23:00:00,2023.94,2027.79,2021.59,2027.31
2023-12-14 01:00:00,2024.9,2033.1,2024.51,2032.79
2023-12-14 02:00:00,2032.75,2039.29,2030.48,2038.03
2023-12-14 03:00:00,2038.29,2038.29,2029.98,2032.46
2023-12-14 04:00:00,2032.49,2034.75,2030.6,2032.75
2023-12-14 05:00:00,2032.73,2034.9,2030.36,2031.04
2023-12-14 06:00:00,2031.03,2032.09,2030.13,2031.28
2023-12-14 07:00:00,2031.24,2036.05,2030.37,2035.27
2023-12-14 08:00:00,2035.31,2037.46,2034.11,2035.44
2023-12-14 09:00:00,2035.46,2036.75,2029.26,2032.77
2023-12-14 10:00:00,2032.77,2040.35,2032.07,2036.52
2023-12-14 11:00:00,2036.53,2038.86,2034.81,2036.69
2023-12-14 12:00:00,2036.69,2036.77,2032.34,2034.02
2023-12-14 13:00:00,2034.03,2035.26,2033.08,2035.03
2023-12-14 14:00:00,2035.12,2039.22,2033.7,2038.87
2023-12-14 15:00:00,2038.98,2039.22,2027.61,2037.24
2023-12-14 16:00:00,2037.25,2047.88,2034.94,2043.15
2023-12-14 17:00:00,2043.26,2046.9,2036.48,2040.33
2023-12-14 18:00:00,2040.33,2041.55,2037.98,2039.49
2023-12-14 19:00:00,2039.47,2039.64,2034.75,2036.2
2023-12-14 20:00:00,2036.17,2036.19,2029.11,2031.17
2023-12-14 21:00:00,2031.18,2033.8,2029.94,2033.28
2023-12-14 22:00:00,2033.29,2036.72,2032.79,2036.37
2023-12-14 23:00:00,2036.35,2036.68,2035.42,2036.39
2023-12-15 01:00:00,2036.49,2038.62,2035.52,2035.55
2023-12-15 02:00:00,2035.61,2036.33,2031.32,2032.77
2023-12-15 03:00:00,2032.84,2033.77,2031.85,2032.24
2023-12-15 04:00:00,2032.18,2037.5,2031.87,2036.13
2023-12-15 05:00:00,2036.11,2036.6,2034.07,2035.8
2023-12-15 06:00:00,2035.81,2037.39,2035.33,2036.65
2023-12-15 07:00:00,2036.65,2037.23,2035.09,2035.29
2023-12-15 08:00:00,2035.32,2036.32,2034.31,2036.08
2023-12-15 09:00:00,2036.13,2039.11,2035.8,2037.88
2023-12-15 10:00:00,2037.9,2040.54,2037.04,2040.09
2023-12-15 11:00:00,2040.07,2044.2,2040.05,2042.64
2023-12-15 12:00:00,2042.63,2044.35,2041.13,2042.58
2023-12-15 13:00:00,2042.57,2043.48,2040.04,2041.68
2023-12-15 14:00:00,2041.77,2044.89,2040.88,2041.08
2023-12-15 15:00:00,2041.11,2044.04,2026.96,2031.44
2023-12-15 16:00:00,2031.43,2036.44,2031.39,2033.32
2023-12-15 17:00:00,2033.21,2038.61,2031.99,2035.15
2023-12-15 18:00:00,2035.14,2036.42,2033.04,2033.9
2023-12-15 19:00:00,2033.89,2034.5,2032.0,2032.78
2023-12-15 20:00:00,2032.81,2033.79,2019.63,2019.7
2023-12-15 21:00:00,2019.69,2020.07,2015.65,2019.18
2023-12-15 22:00:00,2019.12,2021.62,2017.42,2018.04
2023-12-15 23:00:00,2017.98,2019.77,2017.9,2018.47
2023-12-18 01:00:00,2019.58,2020.03,2016.03,2017.42
2023-12-18 02:00:00,2017.46,2020.52,2016.09,2020.07
2023-12-18 03:00:00,2020.08,2023.48,2018.74,2019.32
2023-12-18 04:00:00,2019.31,2023.37,2019.02,2021.87
2023-12-18 05:00:00,2021.89,2024.15,2021.37,2022.85
2023-12-18 06:00:00,2022.82,2023.31,2021.57,2023.17
2023-12-18 07:00:00,2023.16,2024.6,2022.44,2023.14
2023-12-18 08:00:00,2023.15,2024.82,2021.58,2023.24
2023-12-18 09:00:00,2023.26,2024.37,2022.59,2023.16
2023-12-18 10:00:00,2023.16,2026.22,2021.75,2024.43
2023-12-18 11:00:00,2024.42,2027.32,2022.0,2022.98
2023-12-18 12:00:00,2022.97,2024.9,2019.11,2019.3
2023-12-18 13:00:00,2019.29,2022.63,2018.8,2022.01
2023-12-18 14:00:00,2022.01,2024.16,2021.83,2023.59
2023-12-18 15:00:00,2023.51,2026.23,2022.77,2025.91
2023-12-18 16:00:00,2025.85,2026.94,2020.9,2024.27
2023-12-18 17:00:00,2024.25,2025.23,2020.36,2022.34
2023-12-18 18:00:00,2022.35,2024.64,2021.25,2022.3
2023-12-18 19:00:00,2022.31,2033.55,2021.24,2033.55
2023-12-18 20:00:00,2033.6,2033.7,2024.98,2026.54
2023-12-18 21:00:00,2026.52,2027.83,2025.74,2026.31
2023-12-18 22:00:00,2026.33,2026.98,2025.58,2026.51
2023-12-18 23:00:00,2026.49,2027.41,2026.28,2027.19
2023-12-19 01:00:00,2027.84,2027.84,2025.68,2027.66
2023-12-19 02:00:00,2027.73,2029.38,2026.47,2027.24
2023-12-19 03:00:00,2027.25,2028.09,2025.9,2026.11
2023-12-19 04:00:00,2026.09,2026.54,2023.21,2024.57
2023-12-19 05:00:00,2024.58,2025.67,2022.72,2023.34
2023-12-19 06:00:00,2023.24,2024.38,2021.72,2024.2
2023-12-19 07:00:00,2024.19,2025.24,2022.52,2024.12
2023-12-19 08:00:00,2024.13,2026.5,2023.48,2024.86
2023-12-19 09:00:00,2024.88,2026.4,2022.98,2024.84
2023-12-19 10:00:00,2024.83,2028.45,2023.85,2027.1
2023-12-19 11:00:00,2027.11,2027.46,2025.67,2026.3
2023-12-19 12:00:00,2026.29,2027.02,2024.27,2025.66
2023-12-19 13:00:00,2025.67,2027.24,2025.4,2026.52
2023-12-19 14:00:00,2026.53,2030.07,2026.21,2029.49
2023-12-19 15:00:00,2029.48,2032.65,2028.46,2030.02
2023-12-19 16:00:00,2030.06,2042.22,2028.95,2041.45
2023-12-19 17:00:00,2041.44,2045.45,2039.12,2041.83
2023-12-19 18:00:00,2041.86,2046.97,2041.23,2044.4
2023-12-19 19:00:00,2044.44,2045.5,2040.24,2040.4
2023-12-19 20:00:00,2040.44,2040.92,2036.75,2039.03
2023-12-19 21:00:00,2039.01,2039.67,2038.48,2039.55
2023-12-19 22:00:00,2039.6,2040.44,2038.73,2040.23
2023-12-19 23:00:00,2040.3,2040.61,2039.61,2040.19
2023-12-20 01:00:00,2039.95,2041.57,2038.77,2040.89
2023-12-20 02:00:00,2040.85,2041.03,2038.79,2039.26
2023-12-20 03:00:00,2039.31,2039.94,2037.66,2038.18
2023-12-20 04:00:00,2038.19,2040.42,2036.77,2040.02
2023-12-20 05:00:00,2039.98,2040.95,2038.99,2040.47
2023-12-20 06:00:00,2040.46,2041.08,2039.89,2040.54
2023-12-20 07:00:00,2040.56,2041.4,2039.42,2041.27
2023-12-20 08:00:00,2041.28,2042.42,2040.56,2041.12
2023-12-20 09:00:00,2041.14,2043.49,2040.73,2042.29
2023-12-20 10:00:00,2042.31,2042.31,2039.78,2041.04
2023-12-20 11:00:00,2041.06,2042.51,2039.64,2039.98
2023-12-20 12:00:00,2039.95,2040.39,2035.63,2035.97
2023-12-20 13:00:00,2035.96,2035.96,2031.79,2033.57
2023-12-20 14:00:00,2033.51,2036.38,2033.18,2034.0
2023-12-20 15:00:00,2034.01,2036.53,2029.61,2036.42
2023-12-20 16:00:00,2036.5,2039.86,2034.12,2038.11
2023-12-20 17:00:00,2038.05,2038.79,2030.52,2032.53
2023-12-20 18:00:00,2032.57,2035.35,2032.54,2034.8
2023-12-20 19:00:00,2034.79,2035.3,2032.04,2034.74
2023-12-20 20:00:00,2034.73,2036.67,2034.06,2036.28
2023-12-20 21:00:00,2036.28,2037.16,2030.2,2032.4
2023-12-20 22:00:00,2032.41,2033.89,2029.59,2029.67
2023-12-20 23:00:00,2029.77,2032.0,2027.49,2031.34
2023-12-21 01:00:00,2032.28,2033.24,2031.49,2032.21
2023-12-21 02:00:00,2032.2,2034.14,2032.01,2033.69
2023-12-21 03:00:00,2033.7,2035.99,2033.44,2035.49
2023-12-21 04:00:00,2035.47,2037.47,2034.93,2037.0
2023-12-21 05:00:00,2036.97,2037.7,2035.56,2037.45
2023-12-21 06:00:00,2037.46,2037.91,2036.17,2036.31
2023-12-21 07:00:00,2036.29,2038.23,2034.97,2036.17
2023-12-21 08:00:00,2036.16,2037.11,2034.42,2036.93
2023-12-21 09:00:00,2036.94,2037.39,2033.99,2035.0
2023-12-21 10:00:00,2035.0,2037.25,2034.9,2036.46
2023-12-21 11:00:00,2036.51,2037.11,2034.76,2035.44
2023-12-21 12:00:00,2035.44,2036.14,2033.09,2034.11
2023-12-21 13:00:00,2034.1,2035.42,2033.91,2034.08
2023-12-21 14:00:00,2034.14,2039.44,2033.32,2037.98
2023-12-21 15:00:00,2038.0,2046.01,2031.8,2041.37
2023-12-21 16:00:00,2041.49,2046.02,2037.02,2042.09
2023-12-21 17:00:00,2042.05,2042.92,2036.7,2041.55
2023-12-21 18:00:00,2041.56,2044.74,2041.06,2041.7
2023-12-21 19:00:00,2041.72,2043.89,2040.39,2041.03
2023-12-21 20:00:00,2041.04,2041.74,2037.54,2039.08
2023-12-21 21:00:00,2039.11,2045.1,2039.11,2043.9
2023-12-21 22:00:00,2043.91,2045.16,2043.13,2044.15
2023-12-21 23:00:00,2044.16,2045.98,2043.94,2045.77
2023-12-22 01:00:00,2047.39,2055.06,2047.39,2052.83
2023-12-22 02:00:00,2052.82,2053.93,2047.08,2048.13
2023-12-22 03:00:00,2048.19,2051.34,2046.85,2048.75
2023-12-22 04:00:00,2048.87,2050.88,2048.01,2050.23
2023-12-22 05:00:00,2050.22,2051.28,2047.23,2048.28
2023-12-22 06:00:00,2048.3,2050.76,2048.16,2049.61
2023-12-22 07:00:00,2049.67,2049.74,2047.68,2048.36
2023-12-22 08:00:00,2048.34,2049.12,2047.11,2047.73
2023-12-22 09:00:00,2047.72,2050.87,2047.54,2050.02
2023-12-22 10:00:00,2050.06,2052.12,2049.68,2051.47
2023-12-22 11:00:00,2051.49,2054.59,2051.49,2053.49
2023-12-22 12:00:00,2053.48,2057.23,2053.46,2055.78
2023-12-22 13:00:00,2055.76,2062.98,2055.27,2060.69
2023-12-22 14:00:00,2060.7,2066.11,2059.44,2060.22
2023-12-22 15:00:00,2060.19,2069.3,2057.73,2067.18
2023-12-22 16:00:00,2067.26,2070.06,2064.07,2068.49
2023-12-22 17:00:00,2068.47,2070.65,2059.46,2060.83
2023-12-22 18:00:00,2060.85,2062.24,2051.14,2053.37
2023-12-22 19:00:00,2053.35,2055.79,2052.31,2055.5
2023-12-22 20:00:00,2055.51,2058.11,2054.8,2057.26
2023-12-22 21:00:00,2057.27,2057.34,2051.77,2054.01
2023-12-22 22:00:00,2054.02,2054.07,2052.15,2053.26
2023-12-22 23:00:00,2053.29,2053.73,2052.49,2052.95
2023-12-26 01:00:00,2057.78,2057.9,2053.83,2054.88
2023-12-26 02:00:00,2054.92,2055.25,2053.49,2054.99
2023-12-26 03:00:00,2054.98,2064.04,2054.85,2063.45
2023-12-26 04:00:00,2063.46,2065.17,2062.09,2064.77
2023-12-26 05:00:00,2064.78,2064.99,2063.62,2063.97
2023-12-26 06:00:00,2063.96,2064.6,2063.6,2064.09
2023-12-26 07:00:00,2064.11,2064.48,2061.38,2062.84
2023-12-26 08:00:00,2062.85,2065.08,2062.23,2064.05
2023-12-26 09:00:00,2064.07,2064.74,2062.9,2064.3
2023-12-26 10:00:00,2064.3,2064.7,2061.27,2061.43
2023-12-26 11:00:00,2061.42,2063.09,2060.59,2061.92
2023-12-26 12:00:00,2061.91,2063.85,2061.9,2063.84
2023-12-26 13:00:00,2063.85,2064.14,2062.93,2063.61
2023-12-26 14:00:00,2063.62,2063.68,2061.27,2061.84
2023-12-26 15:00:00,2061.72,2063.91,2058.75,2058.75
2023-12-26 16:00:00,2058.74,2061.92,2054.52,2057.13
2023-12-26 17:00:00,2057.12,2059.93,2056.2,2056.82
2023-12-26 18:00:00,2056.84,2059.86,2056.57,2059.52
2023-12-26 19:00:00,2059.54,2059.66,2057.08,2057.71
2023-12-26 20:00:00,2057.73,2059.96,2057.35,2058.35
2023-12-26 21:00:00,2058.37,2062.12,2058.36,2061.72
2023-12-26 22:00:00,2061.73,2068.63,2061.63,2068.4
2023-12-26 23:00:00,2068.38,2069.06,2066.12,2067.57
2023-12-27 01:00:00,2067.76,2068.54,2066.09,2066.22
2023-12-27 02:00:00,2066.24,2066.52,2063.97,2065.66
2023-12-27 03:00:00,2065.64,2067.87,2064.98,2066.7
2023-12-27 04:00:00,2066.72,2067.25,2064.77,2065.36
2023-12-27 05:00:00,2065.31,2066.55,2064.41,2064.57
2023-12-27 06:00:00,2064.56,2065.99,2064.13,2065.86
2023-12-27 07:00:00,2065.85,2066.24,2064.43,2064.68
2023-12-27 08:00:00,2064.67,2067.44,2064.42,2065.07
2023-12-27 09:00:00,2065.05,2066.44,2064.8,2066.02
2023-12-27 10:00:00,2066.11,2068.36,2065.8,2067.38
2023-12-27 11:00:00,2067.37,2069.32,2067.28,2068.33
2023-12-27 12:00:00,2068.34,2068.67,2061.46,2064.74
2023-12-27 13:00:00,2064.72,2068.82,2064.63,2068.16
2023-12-27 14:00:00,2068.18,2070.29,2064.39,2067.68
2023-12-27 15:00:00,2067.63,2069.71,2066.14,2068.31
2023-12-27 16:00:00,2068.31,2071.63,2066.64,2070.27
2023-12-27 17:00:00,2070.25,2081.91,2068.96,2078.9
2023-12-27 18:00:00,2078.93,2082.42,2076.61,2081.68
2023-12-27 19:00:00,2081.68,2082.52,2079.52,2081.89
2023-12-27 20:00:00,2081.87,2084.46,2075.92,2078.46
2023-12-27 21:00:00,2078.46,2078.8,2076.09,2077.51
2023-12-27 22:00:00,2077.53,2078.22,2076.4,2078.15
2023-12-27 23:00:00,2078.14,2078.5,2076.78,2077.65
2023-12-28 01:00:00,2077.6,2079.91,2077.24,2079.57
2023-12-28 02:00:00,2079.58,2081.13,2079.28,2079.8
2023-12-28 03:00:00,2079.77,2087.81,2079.67,2087.04
2023-12-28 04:00:00,2087.06,2088.47,2085.53,2088.05
2023-12-28 05:00:00,2088.02,2088.46,2085.97,2087.31
2023-12-28 06:00:00,2087.29,2087.32,2085.88,2086.58
2023-12-28 07:00:00,2086.57,2087.59,2084.67,2085.83
2023-12-28 08:00:00,2085.84,2086.88,2084.31,2085.81
2023-12-28 09:00:00,2085.82,2087.55,2084.05,2086.16
2023-12-28 10:00:00,2086.18,2086.47,2076.64,2077.45
2023-12-28 11:00:00,2077.5,2078.18,2072.86,2077.01
2023-12-28 12:00:00,2076.99,2079.31,2074.78,2077.23
2023-12-28 13:00:00,2077.27,2078.54,2075.05,2075.52
2023-12-28 14:00:00,2075.51,2076.79,2071.33,2076.54
2023-12-28 15:00:00,2076.55,2079.03,2072.01,2073.02
2023-12-28 16:00:00,2073.03,2079.42,2072.12,2078.94
2023-12-28 17:00:00,2078.96,2081.14,2075.67,2077.28
2023-12-28 18:00:00,2077.24,2077.37,2073.14,2074.24
2023-12-28 19:00:00,2074.35,2076.13,2072.1,2074.82
2023-12-28 20:00:00,2074.83,2075.5,2071.42,2072.76
2023-12-28 21:00:00,2072.79,2073.17,2066.02,2068.11
2023-12-28 22:00:00,2068.09,2068.91,2065.97,2066.47
2023-12-28 23:00:00,2066.5,2067.02,2064.68,2065.43
2023-12-29 01:00:00,2066.86,2067.1,2065.76,2066.79
2023-12-29 02:00:00,2066.8,2067.88,2066.07,2066.88
2023-12-29 03:00:00,2066.87,2071.42,2066.71,2070.78
2023-12-29 04:00:00,2070.77,2071.33,2068.32,2068.68
2023-12-29 05:00:00,2068.69,2070.53,2067.73,2069.53
2023-12-29 06:00:00,2069.51,2070.69,2068.91,2070.03
2023-12-29 07:00:00,2070.01,2072.31,2069.8,2072.27
2023-12-29 08:00:00,2072.28,2073.15,2071.81,2072.77
2023-12-29 09:00:00,2072.78,2074.79,2071.85,2071.92
2023-12-29 10:00:00,2071.97,2073.45,2068.71,2068.74
2023-12-29 11:00:00,2068.73,2069.78,2065.44,2065.59
2023-12-29 12:00:00,2065.56,2065.82,2061.83,2064.8
2023-12-29 13:00:00,2064.8,2068.35,2064.77,2067.77
2023-12-29 14:00:00,2067.84,2068.87,2064.52,2065.42
2023-12-29 15:00:00,2065.39,2066.29,2058.24,2059.18
2023-12-29 16:00:00,2059.17,2065.3,2058.52,2063.01
2023-12-29 17:00:00,2063.0,2066.09,2061.76,2064.88
2023-12-29 18:00:00,2064.86,2067.99,2063.44,2066.17
2023-12-29 19:00:00,2066.12,2068.12,2064.5,2066.57
2023-12-29 20:00:00,2066.56,2066.57,2061.16,2064.86
2023-12-29 21:00:00,2064.9,2067.82,2064.08,2067.36
2023-12-29 22:00:00,2067.33,2067.42,2062.64,2063.18
2023-12-29 23:00:00,2063.15,2063.63,2062.48,2062.68
2024-01-02 01:00:00,2065.46,2066.49,2063.23,2063.7
2024-01-02 02:00:00,2063.72,2065.9,2062.29,2065.49
2024-01-02 03:00:00,2065.43,2069.9,2064.92,2066.59
2024-01-02 04:00:00,2066.58,2068.45,2063.99,2067.91
2024-01-02 05:00:00,2067.92,2070.37,2066.51,2069.69
2024-01-02 06:00:00,2069.73,2070.69,2068.95,2069.69
2024-01-02 07:00:00,2069.72,2074.96,2069.55,2074.54
2024-01-02 08:00:00,2074.61,2076.83,2072.98,2074.21
2024-01-02 09:00:00,2074.14,2076.43,2073.18,2073.18
2024-01-02 10:00:00,2073.21,2074.56,2071.84,2073.33
2024-01-02 11:00:00,2073.34,2078.91,2073.29,2077.05
2024-01-02 12:00:00,2077.06,2077.79,2073.53,2076.03
2024-01-02 13:00:00,2076.03,2076.2,2068.3,2069.26
2024-01-02 14:00:00,2069.25,2069.49,2065.08,2067.93
2024-01-02 15:00:00,2067.93,2071.08,2064.86,2066.29
2024-01-02 16:00:00,2066.34,2070.47,2062.2,2070.43
2024-01-02 17:00:00,2070.44,2070.7,2055.94,2059.34
2024-01-02 18:00:00,2059.36,2067.61,2059.16,2066.1
2024-01-02 19:00:00,2066.14,2066.98,2061.84,2062.68
2024-01-02 20:00:00,2062.75,2064.95,2060.58,2061.18
2024-01-02 21:00:00,2061.19,2062.18,2060.46,2060.91
2024-01-02 22:00:00,2060.98,2061.63,2057.99,2058.2
2024-01-02 23:00:00,2058.25,2059.29,2058.08,2058.97
2024-01-03 01:00:00,2058.92,2060.01,2058.76,2059.59
2024-01-03 02:00:00,2059.58,2062.18,2059.2,2060.2
2024-01-03 03:00:00,2060.23,2062.6,2059.56,2062.45
2024-01-03 04:00:00,2062.5,2065.18,2061.65,2064.77
2024-01-03 05:00:00,2064.77,2065.58,2063.3,2065.18
2024-01-03 06:00:00,2065.16,2065.6,2064.45,2064.82
2024-01-03 07:00:00,2064.8,2065.99,2063.49,2064.15
2024-01-03 08:00:00,2064.13,2065.45,2063.43,2064.37
2024-01-03 09:00:00,2064.35,2064.35,2060.88,2062.99
2024-01-03 10:00:00,2062.97,2064.34,2058.95,2060.06
2024-01-03 11:00:00,2060.12,2060.58,2054.33,2056.83
2024-01-03 12:00:00,2056.84,2057.17,2052.71,2054.92
2024-01-03 13:00:00,2054.9,2055.64,2046.78,2047.57
2024-01-03 14:00:00,2047.58,2048.4,2041.86,2045.73
2024-01-03 15:00:00,2045.73,2047.99,2038.74,2041.05
2024-01-03 16:00:00,2041.08,2042.34,2031.78,2037.63
2024-01-03 17:00:00,2037.63,2048.8,2031.88,2032.56
2024-01-03 18:00:00,2032.59,2036.08,2031.41,2032.43
2024-01-03 19:00:00,2032.49,2033.81,2030.71,2033.38
2024-01-03 20:00:00,2033.39,2036.32,2032.94,2035.79
2024-01-03 21:00:00,2035.67,2042.34,2030.63,2036.64
2024-01-03 22:00:00,2036.65,2042.32,2036.52,2040.99
2024-01-03 23:00:00,2041.07,2041.83,2040.35,2041.4
2024-01-04 01:00:00,2042.27,2043.89,2042.18,2043.0
2024-01-04 02:00:00,2042.98,2043.21,2041.58,2042.16
2024-01-04 03:00:00,2042.17,2043.29,2040.11,2042.24
2024-01-04 04:00:00,2042.22,2044.75,2042.22,2044.65
2024-01-04 05:00:00,2044.66,2046.94,2044.18,2044.68
2024-01-04 06:00:00,2044.63,2044.63,2042.44,2043.09
2024-01-04 07:00:00,2043.08,2044.33,2042.42,2043.82
2024-01-04 08:00:00,2043.82,2048.64,2043.67,2047.31
2024-01-04 09:00:00,2047.31,2049.53,2046.51,2047.65
2024-01-04 10:00:00,2047.7,2048.71,2045.46,2046.77
2024-01-04 11:00:00,2046.73,2050.93,2046.31,2048.05
2024-01-04 12:00:00,2048.03,2050.88,2046.65,2047.99
2024-01-04 13:00:00,2047.97,2048.44,2044.95,2045.16
2024-01-04 14:00:00,2045.16,2046.25,2043.33,2046.02
2024-01-04 15:00:00,2046.03,2047.27,2038.85,2040.26
2024-01-04 16:00:00,2040.25,2042.59,2036.26,2039.38
2024-01-04 17:00:00,2039.39,2047.75,2039.11,2045.11
2024-01-04 18:00:00,2045.19,2046.74,2044.13,2044.73
2024-01-04 19:00:00,2044.77,2045.02,2040.85,2043.27
2024-01-04 20:00:00,2043.27,2044.04,2041.54,2043.15
2024-01-04 21:00:00,2043.15,2044.87,2042.48,2044.36
2024-01-04 22:00:00,2044.36,2044.83,2043.08,2043.09
2024-01-04 23:00:00,2043.12,2044.34,2043.1,2043.37
2024-01-05 01:00:00,2043.05,2044.76,2042.78,2044.25
2024-01-05 02:00:00,2044.25,2044.73,2043.29,2044.34
2024-01-05 03:00:00,2044.35,2048.27,2044.05,2046.16
2024-01-05 04:00:00,2046.15,2047.86,2045.71,2046.14
2024-01-05 05:00:00,2046.15,2046.45,2044.81,2045.36
2024-01-05 06:00:00,2045.37,2046.41,2044.54,2044.64
2024-01-05 07:00:00,2044.66,2045.23,2043.17,2044.51
2024-01-05 08:00:00,2044.52,2045.13,2040.88,2042.52
2024-01-05 09:00:00,2042.51,2047.02,2042.11,2043.17
2024-01-05 10:00:00,2043.16,2044.43,2041.43,2042.47
2024-01-05 11:00:00,2042.44,2043.73,2038.47,2038.91
2024-01-05 12:00:00,2038.94,2040.28,2037.4,2040.03
2024-01-05 13:00:00,2040.04,2040.35,2037.14,2039.26
2024-01-05 14:00:00,2039.26,2040.94,2038.44,2040.2
2024-01-05 15:00:00,2040.21,2041.97,2024.46,2040.02
2024-01-05 16:00:00,2040.01,2049.23,2038.78,2046.76
2024-01-05 17:00:00,2046.81,2064.0,2046.81,2054.82
2024-01-05 18:00:00,2054.86,2056.28,2044.13,2045.07
2024-01-05 19:00:00,2045.07,2045.44,2040.49,2041.99
2024-01-05 20:00:00,2041.99,2048.52,2040.52,2048.2
2024-01-05 21:00:00,2048.26,2050.35,2044.95,2045.73
2024-01-05 22:00:00,2045.76,2045.77,2042.87,2043.64
2024-01-05 23:00:00,2043.71,2046.21,2043.71,2045.11
2024-01-08 01:00:00,2044.67,2045.68,2043.0,2044.31
2024-01-08 02:00:00,2044.32,2046.3,2043.77,2046.03
2024-01-08 03:00:00,2045.9,2046.6,2042.89,2043.78
2024-01-08 04:00:00,2043.78,2043.81,2041.23,2041.31
2024-01-08 05:00:00,2041.3,2041.5,2035.1,2036.16
2024-01-08 06:00:00,2036.17,2037.63,2035.61,2035.79
2024-01-08 07:00:00,2035.75,2036.15,2027.04,2030.8
2024-01-08 08:00:00,2030.75,2033.31,2030.36,2032.96
2024-01-08 09:00:00,2032.96,2033.2,2028.67,2031.4
2024-01-08 10:00:00,2031.4,2031.79,2027.36,2028.31
2024-01-08 11:00:00,2028.31,2031.75,2026.58,2029.11
2024-01-08 12:00:00,2029.12,2029.54,2027.0,2027.6
2024-01-08 13:00:00,2027.6,2027.9,2016.8,2020.12
2024-01-08 14:00:00,2020.12,2024.91,2018.95,2024.64
2024-01-08 15:00:00,2024.65,2025.47,2018.45,2019.0
2024-01-08 16:00:00,2019.01,2027.23,2018.51,2026.45
2024-01-08 17:00:00,2026.5,2034.85,2025.55,2034.26
2024-01-08 18:00:00,2034.31,2036.88,2031.38,2032.21
2024-01-08 19:00:00,2032.25,2033.1,2027.11,2027.67
2024-01-08 20:00:00,2027.61,2028.28,2026.41,2026.59
2024-01-08 21:00:00,2026.58,2029.6,2026.58,2029.38
2024-01-08 22:00:00,2029.37,2029.83,2026.14,2027.21
2024-01-08 23:00:00,2027.17,2028.73,2027.12,2028.0
2024-01-09 01:00:00,2028.35,2030.91,2027.91,2030.75
2024-01-09 02:00:00,2030.73,2034.95,2030.67,2034.38
2024-01-09 03:00:00,2034.37,2035.64,2031.17,2032.26
2024-01-09 04:00:00,2032.26,2035.86,2032.16,2034.14
2024-01-09 05:00:00,2034.18,2034.93,2033.05,2033.65
2024-01-09 06:00:00,2033.63,2034.93,2032.29,2032.88
2024-01-09 07:00:00,2032.95,2033.5,2030.34,2032.81
2024-01-09 08:00:00,2032.8,2035.19,2031.21,2033.17
2024-01-09 09:00:00,2033.19,2037.22,2032.22,2036.03
2024-01-09 10:00:00,2036.15,2038.26,2031.31,2034.3
2024-01-09 11:00:00,2034.24,2037.02,2033.17,2035.43
2024-01-09 12:00:00,2035.47,2038.53,2034.8,2035.43
2024-01-09 13:00:00,2035.45,2035.73,2033.72,2035.01
2024-01-09 14:00:00,2035.03,2036.34,2033.96,2036.32
2024-01-09 15:00:00,2036.38,2041.95,2031.69,2038.68
2024-01-09 16:00:00,2038.67,2040.15,2033.99,2034.75
2024-01-09 17:00:00,2034.68,2035.66,2028.79,2028.83
2024-01-09 18:00:00,2028.84,2031.63,2026.08,2031.27
2024-01-09 19:00:00,2031.24,2032.07,2027.1,2027.72
2024-01-09 20:00:00,2027.71,2029.64,2026.84,2029.23
2024-01-09 21:00:00,2029.25,2030.06,2027.83,2028.88
2024-01-09 22:00:00,2028.94,2031.17,2028.3,2028.39
2024-01-09 23:00:00,2028.41,2030.32,2028.41,2030.23
2024-01-10 01:00:00,2030.67,2031.23,2028.38,2030.78
2024-01-10 02:00:00,2030.79,2031.21,2029.66,2030.23
2024-01-10 03:00:00,2030.22,2032.53,2027.24,2031.83
2024-01-10 04:00:00,2031.8,2032.86,2030.36,2031.89
2024-01-10 05:00:00,2031.82,2032.0,2028.16,2028.93
2024-01-10 06:00:00,2028.92,2030.66,2028.48,2029.81
2024-01-10 07:00:00,2029.82,2030.19,2025.52,2026.67
2024-01-10 08:00:00,2026.68,2027.02,2023.89,2024.61
2024-01-10 09:00:00,2024.62,2031.67,2024.34,2030.97
2024-01-10 10:00:00,2031.03,2035.99,2030.26,2035.3
2024-01-10 11:00:00,2035.31,2036.14,2034.67,2035.73
2024-01-10 12:00:00,2035.7,2040.24,2034.6,2034.82
2024-01-10 13:00:00,2034.85,2035.32,2032.77,2034.09
2024-01-10 14:00:00,2034.09,2035.64,2031.37,2031.51
2024-01-10 15:00:00,2031.52,2034.07,2030.04,2030.24
2024-01-10 16:00:00,2030.29,2033.6,2026.53,2027.43
2024-01-10 17:00:00,2027.39,2029.77,2024.83,2027.89
2024-01-10 18:00:00,2027.9,2028.52,2024.75,2027.08
2024-01-10 19:00:00,2027.09,2027.77,2022.29,2024.05
2024-01-10 20:00:00,2024.05,2024.49,2021.36,2023.7
2024-01-10 21:00:00,2023.72,2024.51,2020.46,2024.02
2024-01-10 22:00:00,2024.03,2025.03,2021.86,2023.57
2024-01-10 23:00:00,2023.55,2024.52,2023.35,2024.39
2024-01-11 01:00:00,2025.05,2028.0,2024.77,2026.84
2024-01-11 02:00:00,2026.87,2028.44,2026.66,2027.85
2024-01-11 03:00:00,2027.86,2030.39,2027.09,2029.73
2024-01-11 04:00:00,2029.72,2032.01,2028.89,2029.73
2024-01-11 05:00:00,2029.74,2031.08,2028.83,2030.93
2024-01-11 06:00:00,2030.91,2032.27,2030.91,2032.06
2024-01-11 07:00:00,2032.09,2034.66,2031.15,2033.0
2024-01-11 08:00:00,2032.99,2035.11,2032.18,2034.03
2024-01-11 09:00:00,2033.97,2035.68,2033.65,2033.93
2024-01-11 10:00:00,2033.94,2034.11,2030.43,2030.89
2024-01-11 11:00:00,2030.86,2032.49,2030.18,2031.34
2024-01-11 12:00:00,2031.37,2032.75,2030.53,2032.08
2024-01-11 13:00:00,2032.05,2034.38,2031.39,2034.31
2024-01-11 14:00:00,2034.36,2035.02,2031.63,2032.39
2024-01-11 15:00:00,2032.43,2039.63,2025.11,2029.38
2024-01-11 16:00:00,2029.48,2034.93,2024.83,2029.74
2024-01-11 17:00:00,2029.69,2033.04,2025.27,2029.07
2024-01-11 18:00:00,2029.05,2029.65,2013.71,2016.71
2024-01-11 19:00:00,2016.73,2018.48,2013.32,2014.39
2024-01-11 20:00:00,2014.35,2017.07,2013.86,2017.05
2024-01-11 21:00:00,2017.06,2027.46,2017.06,2026.51
2024-01-11 22:00:00,2026.51,2028.6,2023.55,2027.53
2024-01-11 23:00:00,2027.55,2029.69,2027.42,2028.62
2024-01-12 01:00:00,2029.25,2035.56,2029.25,2035.3
2024-01-12 02:00:00,2035.26,2035.42,2030.33,2031.14
2024-01-12 03:00:00,2031.15,2034.76,2030.06,2033.89
2024-01-12 04:00:00,2033.9,2035.27,2033.23,2034.03
2024-01-12 05:00:00,2034.03,2035.64,2033.72,2033.91
2024-01-12 06:00:00,2033.89,2035.02,2032.91,2034.74
2024-01-12 07:00:00,2034.75,2037.14,2033.76,2036.02
2024-01-12 08:00:00,2036.04,2036.83,2034.9,2035.23
2024-01-12 09:00:00,2035.22,2039.35,2034.19,2037.58
2024-01-12 10:00:00,2037.54,2039.81,2037.06,2038.72
2024-01-12 11:00:00,2038.7,2040.07,2037.86,2038.12
2024-01-12 12:00:00,2038.13,2046.16,2038.06,2045.92
2024-01-12 13:00:00,2045.93,2047.4,2044.16,2045.43
2024-01-12 14:00:00,2045.43,2053.76,2045.43,2047.83
2024-01-12 15:00:00,2047.88,2056.65,2044.41,2056.15
2024-01-12 16:00:00,2056.17,2062.24,2053.36,2056.01
2024-01-12 17:00:00,2055.99,2060.14,2050.94,2053.68
2024-01-12 18:00:00,2053.69,2055.56,2048.28,2048.32
2024-01-12 19:00:00,2048.31,2048.61,2041.46,2043.93
2024-01-12 20:00:00,2043.95,2048.69,2043.01,2047.49
2024-01-12 21:00:00,2047.5,2049.17,2046.23,2047.33
2024-01-12 22:00:00,2047.34,2047.68,2046.07,2047.51
2024-01-12 23:00:00,2047.47,2049.2,2046.92,2048.83
2024-01-15 01:00:00,2047.97,2048.7,2046.34,2047.63
2024-01-15 02:00:00,2047.62,2048.49,2045.85,2047.92
2024-01-15 03:00:00,2047.87,2051.41,2047.48,2051.02
2024-01-15 04:00:00,2051.07,2056.45,2049.86,2056.41
2024-01-15 05:00:00,2056.39,2058.08,2055.54,2057.44
2024-01-15 06:00:00,2057.45,2057.63,2053.59,2054.34
2024-01-15 07:00:00,2054.33,2055.59,2053.05,2055.12
2024-01-15 08:00:00,2055.12,2057.03,2053.89,2055.41
2024-01-15 09:00:00,2055.42,2055.93,2052.9,2054.26
2024-01-15 10:00:00,2054.25,2058.62,2053.85,2056.68
2024-01-15 11:00:00,2056.66,2057.04,2052.96,2055.03
2024-01-15 12:00:00,2055.09,2055.14,2052.12,2053.01
2024-01-15 13:00:00,2053.04,2053.81,2051.57,2053.31
2024-01-15 14:00:00,2053.34,2053.69,2051.37,2052.72
2024-01-15 15:00:00,2052.79,2054.26,2052.14,2054.24
2024-01-15 16:00:00,2054.25,2054.43,2051.64,2052.16
2024-01-15 17:00:00,2052.15,2053.86,2049.29,2053.28
2024-01-15 18:00:00,2053.29,2055.0,2053.23,2054.07
2024-01-15 19:00:00,2054.06,2056.36,2053.63,2055.37
2024-01-15 20:00:00,2055.39,2055.46,2054.37,2054.46
2024-01-15 21:00:00,2054.45,2054.93,2053.65,2054.87
2024-01-16 01:00:00,2054.93,2055.58,2053.34,2054.02
2024-01-16 02:00:00,2054.11,2054.52,2050.77,2051.37
2024-01-16 03:00:00,2051.43,2053.36,2049.94,2050.84
2024-01-16 04:00:00,2050.79,2051.45,2049.74,2050.55
2024-01-16 05:00:00,2050.55,2051.64,2048.38,2049.51
2024-01-16 06:00:00,2049.48,2050.07,2048.99,2049.42
2024-01-16 07:00:00,2049.42,2049.51,2047.55,2048.6
2024-01-16 08:00:00,2048.57,2050.56,2047.41,2050.52
2024-01-16 09:00:00,2050.59,2050.91,2048.12,2049.42
2024-01-16 10:00:00,2049.41,2050.14,2042.18,2043.16
2024-01-16 11:00:00,2043.16,2043.94,2038.74,2041.24
2024-01-16 12:00:00,2041.23,2042.46,2039.27,2041.03
2024-01-16 13:00:00,2041.02,2041.16,2038.29,2039.89
2024-01-16 14:00:00,2039.89,2040.04,2035.64,2038.52
2024-01-16 15:00:00,2038.52,2045.04,2031.4,2037.64
2024-01-16 16:00:00,2037.62,2042.63,2036.93,2038.21
2024-01-16 17:00:00,2038.19,2042.05,2037.34,2041.14
2024-01-16 18:00:00,2041.16,2041.29,2032.52,2033.49
2024-01-16 19:00:00,2033.51,2033.83,2024.97,2025.33
2024-01-16 20:00:00,2025.35,2028.96,2024.28,2025.12
2024-01-16 21:00:00,2025.22,2030.17,2024.97,2029.29
2024-01-16 22:00:00,2029.39,2029.82,2027.89,2028.29
2024-01-16 23:00:00,2028.34,2028.56,2027.18,2028.27
2024-01-17 01:00:00,2027.74,2028.35,2025.91,2028.13
2024-01-17 02:00:00,2028.14,2028.87,2025.67,2028.52
2024-01-17 03:00:00,2028.52,2030.76,2026.73,2030.26
2024-01-17 04:00:00,2030.25,2032.96,2027.09,2028.99
2024-01-17 05:00:00,2028.98,2029.19,2023.5,2024.05
2024-01-17 06:00:00,2024.03,2025.83,2023.41,2025.45
2024-01-17 07:00:00,2025.43,2025.46,2019.39,2020.68
2024-01-17 08:00:00,2020.71,2020.82,2017.68,2019.23
2024-01-17 09:00:00,2019.24,2026.13,2017.87,2025.8
2024-01-17 10:00:00,2025.72,2026.61,2021.31,2021.47
2024-01-17 11:00:00,2021.45,2024.28,2019.07,2023.92
2024-01-17 12:00:00,2023.88,2028.37,2022.78,2026.1
2024-01-17 13:00:00,2026.13,2026.75,2023.74,2023.92
2024-01-17 14:00:00,2023.95,2029.01,2023.76,2028.38
2024-01-17 15:00:00,2028.43,2028.7,2018.9,2022.44
2024-01-17 16:00:00,2022.41,2023.18,2011.53,2012.23
2024-01-17 17:00:00,2012.21,2014.09,2006.16,2008.91
2024-01-17 18:00:00,2008.86,2011.98,2004.29,2005.52
2024-01-17 19:00:00,2005.5,2008.08,2003.43,2007.06
2024-01-17 20:00:00,2007.1,2007.24,2001.84,2004.79
2024-01-17 21:00:00,2004.86,2006.92,2004.4,2005.52
2024-01-17 22:00:00,2005.56,2006.88,2004.8,2006.12
2024-01-17 23:00:00,2006.15,2006.42,2005.36,2006.2
2024-01-18 01:00:00,2006.86,2009.86,2006.82,2009.54
2024-01-18 02:00:00,2009.58,2010.91,2008.31,2010.84
2024-01-18 03:00:00,2010.81,2012.09,2009.37,2011.61
2024-01-18 04:00:00,2011.6,2011.88,2007.49,2007.64
2024-01-18 05:00:00,2007.63,2009.16,2006.48,2008.05
2024-01-18 06:00:00,2008.04,2009.22,2007.94,2008.09
2024-01-18 07:00:00,2008.08,2009.44,2005.81,2009.24
2024-01-18 08:00:00,2009.28,2013.06,2008.9,2012.72
2024-01-18 09:00:00,2012.71,2014.14,2011.05,2012.39
2024-01-18 10:00:00,2012.37,2012.41,2009.64,2009.75
2024-01-18 11:00:00,2009.59,2013.0,2008.16,2010.16
2024-01-18 12:00:00,2010.16,2012.21,2009.22,2011.62
2024-01-18 13:00:00,2011.58,2013.48,2010.8,2012.59
2024-01-18 14:00:00,2012.61,2017.26,2012.61,2015.03
2024-01-18 15:00:00,2014.91,2014.92,2007.21,2009.09
2024-01-18 16:00:00,2009.08,2013.66,2009.08,2012.84
2024-01-18 17:00:00,2012.86,2015.67,2011.65,2013.64
2024-01-18 18:00:00,2013.63,2017.75,2013.1,2014.88
2024-01-18 19:00:00,2014.89,2016.39,2013.22,2016.37
2024-01-18 20:00:00,2016.41,2021.12,2015.58,2020.58
2024-01-18 21:00:00,2020.57,2020.64,2018.38,2019.79
2024-01-18 22:00:00,2019.8,2022.69,2019.8,2022.26
2024-01-18 23:00:00,2022.33,2023.33,2021.89,2023.06
2024-01-19 01:00:00,2024.14,2024.44,2021.18,2023.83
2024-01-19 02:00:00,2023.8,2024.28,2022.67,2023.16
2024-01-19 03:00:00,2023.15,2025.52,2022.11,2024.02
2024-01-19 04:00:00,2024.02,2025.01,2022.6,2024.03
2024-01-19 05:00:00,2024.04,2024.24,2022.0,2022.88
2024-01-19 06:00:00,2022.87,2022.9,2020.67,2021.06
2024-01-19 07:00:00,2021.05,2021.92,2020.39,2021.64
2024-01-19 08:00:00,2021.62,2024.27,2020.86,2023.86
2024-01-19 09:00:00,2023.85,2029.66,2023.67,2028.02
2024-01-19 10:00:00,2028.0,2030.14,2026.22,2029.73
2024-01-19 11:00:00,2029.74,2030.86,2027.65,2029.79
2024-01-19 12:00:00,2029.83,2030.96,2028.92,2030.38
2024-01-19 13:00:00,2030.39,2032.02,2028.79,2031.63
2024-01-19 14:00:00,2031.63,2035.19,2031.62,2032.84
2024-01-19 15:00:00,2032.85,2039.43,2032.64,2035.32
2024-01-19 16:00:00,2035.33,2035.75,2026.41,2029.53
2024-01-19 17:00:00,2029.72,2032.03,2023.11,2027.73
2024-01-19 18:00:00,2027.74,2029.57,2023.32,2024.87
2024-01-19 19:00:00,2024.88,2029.1,2024.42,2029.09
2024-01-19 20:00:00,2029.11,2029.45,2026.46,2027.89
2024-01-19 21:00:00,2027.91,2029.47,2027.57,2029.18
2024-01-19 22:00:00,2029.17,2029.5,2027.75,2028.37
2024-01-19 23:00:00,2028.32,2030.02,2028.15,2029.36
2024-01-22 01:00:00,2028.6,2028.6,2026.98,2027.59
2024-01-22 02:00:00,2027.56,2029.27,2025.46,2029.04
2024-01-22 03:00:00,2029.08,2032.16,2028.73,2029.12
2024-01-22 04:00:00,2029.12,2030.05,2028.37,2029.81
2024-01-22 05:00:00,2029.8,2029.81,2026.03,2026.97
2024-01-22 06:00:00,2026.98,2027.14,2024.72,2025.48
2024-01-22 07:00:00,2025.48,2025.52,2021.84,2023.25
2024-01-22 08:00:00,2023.26,2024.46,2020.08,2020.93
2024-01-22 09:00:00,2020.9,2024.31,2019.08,2021.84
2024-01-22 10:00:00,2021.77,2026.28,2020.43,2022.25
2024-01-22 11:00:00,2022.25,2023.99,2020.61,2021.72
2024-01-22 12:00:00,2021.71,2024.58,2021.09,2022.91
2024-01-22 13:00:00,2022.86,2026.57,2022.28,2026.18
2024-01-22 14:00:00,2026.14,2030.15,2025.26,2029.75
2024-01-22 15:00:00,2029.72,2029.76,2021.27,2023.2
2024-01-22 16:00:00,2023.18,2024.01,2016.59,2022.73
2024-01-22 17:00:00,2022.69,2026.58,2020.78,2024.16
2024-01-22 18:00:00,2024.17,2024.26,2021.49,2023.73
2024-01-22 19:00:00,2023.72,2024.61,2021.41,2021.58
2024-01-22 20:00:00,2021.59,2021.92,2019.8,2021.35
2024-01-22 21:00:00,2021.34,2021.63,2019.15,2021.04
2024-01-22 22:00:00,2021.05,2021.08,2019.22,2020.87
2024-01-22 23:00:00,2020.84,2021.78,2020.22,2021.72
2024-01-23 01:00:00,2021.66,2021.91,2020.51,2020.76
2024-01-23 02:00:00,2020.8,2023.19,2020.8,2022.88
2024-01-23 03:00:00,2022.87,2022.99,2019.6,2021.78
2024-01-23 04:00:00,2021.78,2024.17,2020.81,2022.62
2024-01-23 05:00:00,2022.67,2027.98,2021.77,2027.52
2024-01-23 06:00:00,2027.42,2027.93,2026.75,2027.69
2024-01-23 07:00:00,2027.71,2031.72,2027.27,2030.86
2024-01-23 08:00:00,2030.84,2035.97,2029.17,2035.12
2024-01-23 09:00:00,2035.17,2037.87,2027.75,2031.67
2024-01-23 10:00:00,2031.74,2031.75,2027.75,2028.93
2024-01-23 11:00:00,2028.9,2030.61,2027.08,2028.75
2024-01-23 12:00:00,2028.66,2028.66,2024.78,2025.14
2024-01-23 13:00:00,2025.14,2026.2,2022.43,2023.98
2024-01-23 14:00:00,2023.99,2026.97,2023.24,2025.76
2024-01-23 15:00:00,2025.82,2030.36,2023.34,2024.97
2024-01-23 16:00:00,2024.95,2026.15,2021.44,2023.21
2024-01-23 17:00:00,2023.25,2026.75,2022.95,2025.18
2024-01-23 18:00:00,2025.19,2027.77,2023.33,2025.79
2024-01-23 19:00:00,2025.8,2026.1,2022.66,2024.31
2024-01-23 20:00:00,2024.33,2025.8,2023.01,2025.26
2024-01-23 21:00:00,2025.28,2030.73,2024.81,2029.89
2024-01-23 22:00:00,2029.9,2030.28,2028.18,2028.68
2024-01-23 23:00:00,2028.68,2029.31,2027.86,2029.25
2024-01-24 01:00:00,2029.32,2029.62,2027.31,2029.33
2024-01-24 02:00:00,2029.31,2029.33,2026.99,2027.4
2024-01-24 03:00:00,2027.39,2029.01,2026.46,2027.24
2024-01-24 04:00:00,2027.25,2027.55,2023.97,2024.2
2024-01-24 05:00:00,2024.19,2025.75,2023.76,2024.85
2024-01-24 06:00:00,2024.85,2025.75,2024.03,2024.49
2024-01-24 07:00:00,2024.49,2025.7,2022.84,2024.54
2024-01-24 08:00:00,2024.55,2027.95,2023.76,2026.03
2024-01-24 09:00:00,2026.03,2031.66,2025.78,2029.56
2024-01-24 10:00:00,2029.56,2032.25,2028.2,2030.97
2024-01-24 11:00:00,2030.96,2034.13,2029.98,2030.89
2024-01-24 12:00:00,2030.87,2033.11,2029.38,2032.83
2024-01-24 13:00:00,2032.9,2034.31,2030.91,2033.48
2024-01-24 14:00:00,2033.5,2034.39,2031.66,2032.69
2024-01-24 15:00:00,2032.6,2036.69,2031.38,2034.0
2024-01-24 16:00:00,2033.99,2034.74,2023.09,2024.7
2024-01-24 17:00:00,2024.69,2025.39,2014.96,2015.31
2024-01-24 18:00:00,2015.38,2016.32,2011.91,2015.34
2024-01-24 19:00:00,2015.38,2019.81,2015.35,2019.3
2024-01-24 20:00:00,2019.32,2019.85,2013.43,2015.09
2024-01-24 21:00:00,2015.06,2015.34,2011.25,2012.18
2024-01-24 22:00:00,2012.19,2013.82,2011.8,2012.28
2024-01-24 23:00:00,2012.29,2014.65,2012.13,2013.62
2024-01-25 01:00:00,2015.59,2017.66,2015.58,2016.39
2024-01-25 02:00:00,2016.43,2016.77,2014.89,2015.52
2024-01-25 03:00:00,2015.49,2017.35,2014.54,2016.43
2024-01-25 04:00:00,2016.44,2016.97,2014.64,2015.22
2024-01-25 05:00:00,2015.24,2016.85,2015.09,2015.79
2024-01-25 06:00:00,2015.79,2016.45,2014.85,2015.7
2024-01-25 07:00:00,2015.69,2016.61,2014.8,2015.57
2024-01-25 08:00:00,2015.56,2016.61,2014.55,2015.81
2024-01-25 09:00:00,2015.83,2018.3,2013.57,2015.82
2024-01-25 10:00:00,2015.82,2015.99,2012.72,2013.88
2024-01-25 11:00:00,2013.86,2017.94,2012.8,2017.88
2024-01-25 12:00:00,2017.89,2019.5,2017.14,2019.23
2024-01-25 13:00:00,2019.24,2019.57,2016.57,2017.54
2024-01-25 14:00:00,2017.56,2017.7,2013.41,2013.7
2024-01-25 15:00:00,2013.62,2023.14,2009.4,2019.4
2024-01-25 16:00:00,2019.39,2025.25,2018.37,2023.63
2024-01-25 17:00:00,2023.55,2024.79,2016.82,2020.31
2024-01-25 18:00:00,2020.33,2021.64,2013.81,2014.58
2024-01-25 19:00:00,2014.61,2016.57,2012.55,2014.99
2024-01-25 20:00:00,2014.98,2018.63,2014.05,2014.26
2024-01-25 21:00:00,2014.25,2018.36,2013.39,2017.82
2024-01-25 22:00:00,2017.8,2020.3,2016.97,2020.08
2024-01-25 23:00:00,2020.05,2020.97,2018.94,2020.81
2024-01-26 01:00:00,2019.84,2021.3,2019.45,2020.72
2024-01-26 02:00:00,2020.71,2021.8,2019.37,2021.27
2024-01-26 03:00:00,2021.33,2024.24,2021.05,2021.91
2024-01-26 04:00:00,2021.87,2023.92,2021.8,2021.95
2024-01-26 05:00:00,2021.96,2022.91,2021.37,2021.85
2024-01-26 06:00:00,2021.85,2022.43,2021.11,2021.19
2024-01-26 07:00:00,2021.17,2023.51,2021.07,2023.09
2024-01-26 08:00:00,2023.1,2023.44,2021.57,2021.6
2024-01-26 09:00:00,2021.61,2022.84,2019.82,2021.34
2024-01-26 10:00:00,2021.34,2022.22,2020.19,2020.54
2024-01-26 11:00:00,2020.57,2022.42,2018.27,2020.85
2024-01-26 12:00:00,2020.86,2023.84,2020.84,2023.47
2024-01-26 13:00:00,2023.48,2024.65,2022.41,2023.42
2024-01-26 14:00:00,2023.43,2024.47,2020.15,2021.35
2024-01-26 15:00:00,2021.34,2026.92,2018.76,2024.68
2024-01-26 16:00:00,2024.67,2026.14,2019.13,2020.3
2024-01-26 17:00:00,2020.14,2020.14,2016.15,2017.1
2024-01-26 18:00:00,2016.93,2019.44,2015.96,2018.21
2024-01-26 19:00:00,2018.2,2018.86,2016.45,2016.68
2024-01-26 20:00:00,2016.64,2018.26,2016.08,2017.35
2024-01-26 21:00:00,2017.38,2017.9,2016.16,2017.06
2024-01-26 22:00:00,2017.08,2019.29,2016.48,2018.6
2024-01-26 23:00:00,2018.55,2019.16,2017.97,2018.41
2024-01-29 01:00:00,2023.66,2028.73,2021.18,2021.83
2024-01-29 02:00:00,2021.88,2022.08,2019.3,2021.63
2024-01-29 03:00:00,2021.63,2025.49,2021.08,2023.2
2024-01-29 04:00:00,2023.25,2025.49,2021.53,2025.43
2024-01-29 05:00:00,2025.47,2026.35,2024.17,2025.69
2024-01-29 06:00:00,2025.7,2027.63,2025.44,2026.24
2024-01-29 07:00:00,2026.27,2026.86,2024.69,2025.47
2024-01-29 08:00:00,2025.46,2029.01,2024.88,2028.81
2024-01-29 09:00:00,2028.78,2033.87,2028.7,2031.35
2024-01-29 10:00:00,2031.34,2033.61,2030.98,2031.59
2024-01-29 11:00:00,2031.6,2031.97,2027.91,2028.37
2024-01-29 12:00:00,2028.35,2028.6,2025.63,2027.51
2024-01-29 13:00:00,2027.5,2028.38,2025.49,2028.19
2024-01-29 14:00:00,2028.19,2030.31,2028.16,2028.48
2024-01-29 15:00:00,2028.57,2037.57,2027.77,2036.89
2024-01-29 16:00:00,2036.88,2037.28,2021.64,2024.8
2024-01-29 17:00:00,2024.78,2026.26,2020.57,2025.48
2024-01-29 18:00:00,2025.47,2027.94,2024.05,2027.13
2024-01-29 19:00:00,2027.13,2031.14,2026.57,2029.35
2024-01-29 20:00:00,2029.35,2029.71,2025.11,2025.84
2024-01-29 21:00:00,2025.85,2028.0,2025.18,2026.95
2024-01-29 22:00:00,2027.01,2035.31,2027.01,2032.71
2024-01-29 23:00:00,2032.64,2032.87,2030.99,2032.85
2024-01-30 01:00:00,2032.74,2033.33,2029.3,2031.12
2024-01-30 02:00:00,2031.13,2034.1,2030.93,2033.65
2024-01-30 03:00:00,2033.61,2033.98,2030.61,2031.09
2024-01-30 04:00:00,2031.06,2032.51,2029.84,2032.0
2024-01-30 05:00:00,2032.04,2032.59,2031.41,2032.12
2024-01-30 06:00:00,2032.12,2033.08,2031.24,2031.77
2024-01-30 07:00:00,2031.7,2033.36,2031.56,2032.18
2024-01-30 08:00:00,2032.22,2035.98,2032.12,2034.5
2024-01-30 09:00:00,2034.49,2040.38,2034.09,2037.89
2024-01-30 10:00:00,2037.9,2039.47,2037.09,2038.33
2024-01-30 11:00:00,2038.32,2038.67,2035.08,2035.75
2024-01-30 12:00:00,2035.81,2037.37,2035.07,2035.62
2024-01-30 13:00:00,2035.6,2036.15,2031.24,2034.37
2024-01-30 14:00:00,2034.35,2036.38,2033.69,2036.0
2024-01-30 15:00:00,2036.01,2037.99,2033.28,2037.8
2024-01-30 16:00:00,2037.81,2048.59,2037.41,2046.67
2024-01-30 17:00:00,2046.58,2048.26,2029.08,2032.67
2024-01-30 18:00:00,2032.66,2036.13,2031.79,2035.94
2024-01-30 19:00:00,2036.03,2036.21,2033.15,2034.03
2024-01-30 20:00:00,2034.04,2034.04,2031.52,2032.81
2024-01-30 21:00:00,2032.82,2037.07,2032.35,2036.11
2024-01-30 22:00:00,2036.12,2036.67,2035.35,2036.04
2024-01-30 23:00:00,2036.01,2037.01,2035.92,2036.91
2024-01-31 01:00:00,2036.53,2036.83,2035.72,2036.51
2024-01-31 02:00:00,2036.48,2038.72,2035.86,2036.12
2024-01-31 03:00:00,2036.13,2037.22,2034.56,2034.66
2024-01-31 04:00:00,2034.65,2034.84,2032.85,2033.69
2024-01-31 05:00:00,2033.67,2034.23,2033.08,2033.92
2024-01-31 06:00:00,2033.91,2034.85,2033.27,2034.6
2024-01-31 07:00:00,2034.59,2035.18,2033.29,2035.09
2024-01-31 08:00:00,2035.13,2035.83,2033.65,2034.35
2024-01-31 09:00:00,2034.31,2038.61,2033.94,2036.58
2024-01-31 10:00:00,2036.59,2040.46,2036.15,2039.08
2024-01-31 11:00:00,2039.05,2039.81,2037.92,2038.21
2024-01-31 12:00:00,2038.21,2038.55,2036.58,2036.94
2024-01-31 13:00:00,2036.95,2038.95,2036.86,2037.33
2024-01-31 14:00:00,2037.35,2039.6,2037.12,2038.53
2024-01-31 15:00:00,2038.58,2043.22,2036.06,2041.95
2024-01-31 16:00:00,2041.95,2055.32,2040.77,2051.63
2024-01-31 17:00:00,2051.58,2056.03,2050.46,2052.26
2024-01-31 18:00:00,2052.27,2053.7,2047.49,2050.02
2024-01-31 19:00:00,2050.01,2051.03,2049.29,2049.64
2024-01-31 20:00:00,2049.61,2049.83,2045.78,2046.23
2024-01-31 21:00:00,2046.23,2050.86,2039.08,2044.83
2024-01-31 22:00:00,2044.75,2045.92,2030.91,2034.93
2024-01-31 23:00:00,2034.9,2040.21,2033.35,2039.14
2024-02-01 01:00:00,2039.98,2041.28,2039.48,2039.93
2024-02-01 02:00:00,2039.96,2042.75,2039.21,2040.69
2024-02-01 03:00:00,2040.7,2041.97,2040.05,2041.39
2024-02-01 04:00:00,2041.38,2049.65,2041.24,2047.06
2024-02-01 05:00:00,2047.08,2048.5,2045.6,2046.35
2024-02-01 06:00:00,2046.4,2046.66,2045.05,2045.8
2024-02-01 07:00:00,2045.81,2046.29,2044.31,2044.53
2024-02-01 08:00:00,2044.45,2044.93,2042.41,2043.63
2024-02-01 09:00:00,2043.59,2044.23,2041.19,2042.93
2024-02-01 10:00:00,2042.9,2042.9,2039.03,2041.98
2024-02-01 11:00:00,2041.99,2042.84,2040.38,2041.09
2024-02-01 12:00:00,2041.13,2041.23,2030.98,2031.87
2024-02-01 13:00:00,2031.88,2034.5,2030.05,2033.46
2024-02-01 14:00:00,2033.43,2034.52,2030.15,2034.26
2024-02-01 15:00:00,2034.25,2042.18,2030.88,2040.09
2024-02-01 16:00:00,2040.1,2050.89,2040.04,2046.07
2024-02-01 17:00:00,2046.06,2053.07,2040.16,2052.0
2024-02-01 18:00:00,2051.99,2065.47,2051.75,2059.33
2024-02-01 19:00:00,2059.41,2062.4,2051.31,2054.48
2024-02-01 20:00:00,2054.45,2058.73,2052.19,2055.72
2024-02-01 21:00:00,2055.72,2058.14,2054.18,2054.8
2024-02-01 22:00:00,2054.84,2055.74,2053.49,2055.56
2024-02-01 23:00:00,2055.36,2055.39,2053.83,2054.95
2024-02-02 01:00:00,2054.44,2056.21,2054.44,2054.82
2024-02-02 02:00:00,2054.8,2056.92,2054.61,2055.03
2024-02-02 03:00:00,2055.02,2056.09,2052.93,2054.77
2024-02-02 04:00:00,2054.77,2055.48,2051.98,2053.85
2024-02-02 05:00:00,2053.85,2055.03,2053.62,2054.61
2024-02-02 06:00:00,2054.59,2055.92,2054.12,2055.15
2024-02-02 07:00:00,2055.13,2056.58,2054.5,2055.54
2024-02-02 08:00:00,2055.55,2056.94,2054.18,2055.49
2024-02-02 09:00:00,2055.48,2056.94,2054.79,2055.05
2024-02-02 10:00:00,2055.06,2056.84,2053.69,2054.03
2024-02-02 11:00:00,2053.99,2055.0,2052.71,2053.09
2024-02-02 12:00:00,2053.07,2055.64,2052.99,2054.68
2024-02-02 13:00:00,2054.68,2056.19,2053.69,2056.12
2024-02-02 14:00:00,2056.11,2056.3,2053.78,2055.22
2024-02-02 15:00:00,2055.32,2057.66,2029.61,2031.74
2024-02-02 16:00:00,2031.74,2036.14,2027.9,2035.43
2024-02-02 17:00:00,2035.43,2035.68,2028.54,2035.07
2024-02-02 18:00:00,2035.06,2037.56,2033.19,2036.3
2024-02-02 19:00:00,2036.29,2037.05,2034.0,2035.25
2024-02-02 20:00:00,2035.19,2038.79,2034.45,2037.44
2024-02-02 21:00:00,2037.45,2038.59,2036.46,2038.14
2024-02-02 22:00:00,2038.22,2038.48,2036.02,2036.02
2024-02-02 23:00:00,2036.11,2039.74,2036.11,2039.67
2024-02-05 01:00:00,2041.62,2042.21,2039.15,2039.3
2024-02-05 02:00:00,2039.34,2039.84,2033.62,2035.66
2024-02-05 03:00:00,2035.65,2038.22,2034.57,2038.03
2024-02-05 04:00:00,2038.0,2038.73,2033.0,2033.5
2024-02-05 05:00:00,2033.49,2034.5,2030.28,2032.23
2024-02-05 06:00:00,2032.27,2033.39,2031.62,2031.92
2024-02-05 07:00:00,2031.92,2032.04,2028.96,2029.8
2024-02-05 08:00:00,2029.8,2031.26,2026.88,2030.96
2024-02-05 09:00:00,2030.98,2031.53,2026.85,2027.58
2024-02-05 10:00:00,2027.57,2027.73,2021.49,2023.48
2024-02-05 11:00:00,2023.46,2024.22,2020.68,2022.7
2024-02-05 12:00:00,2022.69,2025.29,2022.33,2024.46
2024-02-05 13:00:00,2024.49,2028.38,2024.14,2027.68
2024-02-05 14:00:00,2027.67,2028.08,2022.68,2022.69
2024-02-05 15:00:00,2022.6,2022.73,2014.98,2015.96
2024-02-05 16:00:00,2015.97,2023.76,2014.91,2023.76
2024-02-05 17:00:00,2023.1,2023.1,2015.52,2017.83
2024-02-05 18:00:00,2017.82,2022.51,2017.79,2022.22
2024-02-05 19:00:00,2022.25,2026.46,2021.43,2025.66
2024-02-05 20:00:00,2025.69,2027.1,2025.46,2025.96
2024-02-05 21:00:00,2026.03,2027.54,2025.14,2026.0
2024-02-05 22:00:00,2025.94,2026.43,2024.05,2025.01
2024-02-05 23:00:00,2025.02,2025.19,2024.12,2025.1
2024-02-06 01:00:00,2025.36,2025.47,2023.72,2025.06
2024-02-06 02:00:00,2025.05,2027.65,2025.02,2026.94
2024-02-06 03:00:00,2026.95,2028.58,2026.55,2027.24
2024-02-06 04:00:00,2027.28,2027.41,2024.91,2026.02
2024-02-06 05:00:00,2026.03,2026.4,2023.5,2023.93
2024-02-06 06:00:00,2023.95,2026.4,2023.61,2026.34
2024-02-06 07:00:00,2026.36,2029.84,2025.87,2029.5
2024-02-06 08:00:00,2029.5,2029.68,2026.17,2026.7
2024-02-06 09:00:00,2026.77,2029.0,2026.2,2026.28
2024-02-06 10:00:00,2026.29,2026.69,2023.44,2023.88
2024-02-06 11:00:00,2023.87,2025.42,2022.93,2023.63
2024-02-06 12:00:00,2023.62,2026.31,2023.39,2023.96
2024-02-06 13:00:00,2024.01,2027.55,2022.99,2026.77
2024-02-06 14:00:00,2026.77,2027.95,2024.54,2027.82
2024-02-06 15:00:00,2027.81,2030.93,2026.27,2029.24
2024-02-06 16:00:00,2029.24,2033.08,2026.9,2030.68
2024-02-06 17:00:00,2030.69,2038.12,2029.64,2036.38
2024-02-06 18:00:00,2036.29,2038.9,2035.22,2036.65
2024-02-06 19:00:00,2036.63,2038.39,2032.11,2037.05
2024-02-06 20:00:00,2037.02,2038.26,2033.84,2036.61
2024-02-06 21:00:00,2036.62,2036.91,2035.04,2036.01
2024-02-06 22:00:00,2036.07,2037.01,2035.21,2035.72
2024-02-06 23:00:00,2035.72,2036.17,2035.02,2035.97
2024-02-07 01:00:00,2035.7,2036.26,2034.49,2035.23
2024-02-07 02:00:00,2035.2,2036.15,2034.47,2035.05
2024-02-07 03:00:00,2035.04,2035.8,2034.25,2035.09
2024-02-07 04:00:00,2035.06,2035.56,2034.08,2034.45
2024-02-07 05:00:00,2034.42,2035.52,2034.07,2034.46
2024-02-07 06:00:00,2034.46,2035.45,2034.14,2035.24
2024-02-07 07:00:00,2035.24,2035.49,2033.29,2033.42
2024-02-07 08:00:00,2033.4,2034.32,2032.5,2033.61
2024-02-07 09:00:00,2033.59,2036.16,2033.29,2035.18
2024-02-07 10:00:00,2035.18,2035.29,2031.26,2032.95
2024-02-07 11:00:00,2032.97,2034.96,2032.41,2034.38
2024-02-07 12:00:00,2034.37,2034.42,2032.7,2033.24
2024-02-07 13:00:00,2033.14,2035.83,2032.78,2034.13
2024-02-07 14:00:00,2034.12,2034.25,2030.6,2033.48
2024-02-07 15:00:00,2033.55,2036.63,2032.35,2036.17
2024-02-07 16:00:00,2036.19,2044.61,2032.7,2042.5
2024-02-07 17:00:00,2042.53,2043.29,2035.42,2038.35
2024-02-07 18:00:00,2038.36,2040.93,2037.63,2038.44
2024-02-07 19:00:00,2038.37,2038.48,2034.08,2035.64
2024-02-07 20:00:00,2035.65,2037.28,2034.02,2034.83
2024-02-07 21:00:00,2034.83,2035.81,2034.22,2035.6
2024-02-07 22:00:00,2035.56,2035.87,2034.44,2034.75
2024-02-07 23:00:00,2034.77,2035.05,2033.74,2034.98
2024-02-08 01:00:00,2035.4,2036.64,2035.36,2036.56
2024-02-08 02:00:00,2036.53,2037.78,2036.41,2037.33
2024-02-08 03:00:00,2037.36,2038.15,2036.66,2037.33
2024-02-08 04:00:00,2037.26,2038.72,2035.85,2036.14
2024-02-08 05:00:00,2036.17,2036.56,2031.81,2032.81
2024-02-08 06:00:00,2032.79,2034.03,2031.66,2032.22
2024-02-08 07:00:00,2032.23,2033.78,2031.13,2033.5
2024-02-08 08:00:00,2033.52,2034.24,2032.3,2033.29
2024-02-08 09:00:00,2033.28,2035.1,2031.61,2032.87
2024-02-08 10:00:00,2032.89,2033.4,2028.96,2030.85
2024-02-08 11:00:00,2030.84,2036.0,2029.83,2035.38
2024-02-08 12:00:00,2035.54,2038.48,2034.78,2036.12
2024-02-08 13:00:00,2036.14,2036.31,2027.9,2029.08
2024-02-08 14:00:00,2029.07,2029.13,2023.77,2024.97
2024-02-08 15:00:00,2025.03,2026.47,2020.97,2021.08
2024-02-08 16:00:00,2021.11,2034.08,2020.21,2028.36
2024-02-08 17:00:00,2028.45,2033.24,2027.62,2031.98
2024-02-08 18:00:00,2031.99,2032.28,2027.72,2031.94
2024-02-08 19:00:00,2031.97,2033.15,2030.34,2031.76
2024-02-08 20:00:00,2031.72,2035.35,2031.19,2032.03
2024-02-08 21:00:00,2032.09,2033.53,2031.44,2032.58
2024-02-08 22:00:00,2032.6,2033.81,2032.6,2033.02
2024-02-08 23:00:00,2033.03,2034.45,2033.03,2034.35
2024-02-09 01:00:00,2034.89,2034.89,2033.88,2034.29
2024-02-09 02:00:00,2034.24,2034.45,2032.02,2032.09
2024-02-09 03:00:00,2032.08,2035.12,2032.08,2034.28
2024-02-09 04:00:00,2034.29,2035.16,2034.05,2034.39
2024-02-09 05:00:00,2034.43,2034.84,2032.99,2033.6
2024-02-09 06:00:00,2033.61,2033.78,2032.36,2032.75
2024-02-09 07:00:00,2032.73,2034.04,2032.18,2032.85
2024-02-09 08:00:00,2032.91,2034.39,2032.33,2033.9
2024-02-09 09:00:00,2033.92,2035.02,2032.88,2033.6
2024-02-09 10:00:00,2033.59,2034.16,2030.55,2032.41
2024-02-09 11:00:00,2032.42,2033.61,2031.1,2031.57
2024-02-09 12:00:00,2031.56,2033.14,2031.01,2032.8
2024-02-09 13:00:00,2032.87,2033.56,2031.53,2031.58
2024-02-09 14:00:00,2031.54,2032.21,2028.54,2028.79
2024-02-09 15:00:00,2028.78,2037.2,2025.58,2027.12
2024-02-09 16:00:00,2026.98,2030.66,2023.09,2025.27
2024-02-09 17:00:00,2025.24,2027.24,2021.9,2022.46
2024-02-09 18:00:00,2022.53,2023.9,2020.3,2021.65
2024-02-09 19:00:00,2021.63,2024.8,2021.28,2024.7
2024-02-09 20:00:00,2024.69,2026.35,2022.82,2023.77
2024-02-09 21:00:00,2023.74,2026.17,2023.39,2024.78
2024-02-09 22:00:00,2024.75,2026.25,2023.92,2025.14
2024-02-09 23:00:00,2025.11,2025.62,2024.03,2024.05
2024-02-12 01:00:00,2026.76,2026.79,2024.49,2025.48
2024-02-12 02:00:00,2025.5,2025.94,2024.95,2025.18
2024-02-12 03:00:00,2025.19,2026.6,2023.51,2023.56
2024-02-12 04:00:00,2023.55,2023.91,2022.23,2022.4
2024-02-12 05:00:00,2022.38,2023.07,2021.87,2022.88
2024-02-12 06:00:00,2022.84,2024.17,2022.6,2023.12
2024-02-12 07:00:00,2023.17,2024.07,2022.92,2023.85
2024-02-12 08:00:00,2023.84,2024.69,2023.57,2024.29
2024-02-12 09:00:00,2024.27,2026.45,2023.07,2025.61
2024-02-12 10:00:00,2025.6,2027.3,2023.59,2023.68
2024-02-12 11:00:00,2023.66,2023.86,2020.42,2020.81
2024-02-12 12:00:00,2020.8,2021.23,2020.04,2020.98
2024-02-12 13:00:00,2020.99,2022.61,2020.29,2021.76
2024-02-12 14:00:00,2021.74,2022.41,2020.58,2021.39
2024-02-12 15:00:00,2021.4,2027.6,2018.56,2019.09
2024-02-12 16:00:00,2019.1,2020.4,2013.26,2015.0
2024-02-12 17:00:00,2014.98,2017.03,2012.12,2013.18
2024-02-12 18:00:00,2013.11,2016.44,2011.92,2015.95
2024-02-12 19:00:00,2015.96,2020.21,2015.65,2019.41
2024-02-12 20:00:00,2019.41,2021.61,2017.84,2021.53
2024-02-12 21:00:00,2021.52,2021.58,2018.62,2019.18
2024-02-12 22:00:00,2019.15,2020.54,2018.89,2020.05
2024-02-12 23:00:00,2020.06,2020.54,2019.71,2019.97
2024-02-13 01:00:00,2019.83,2019.83,2018.7,2018.87
2024-02-13 02:00:00,2018.86,2019.59,2018.28,2019.54
2024-02-13 03:00:00,2019.56,2021.22,2019.51,2020.32
2024-02-13 04:00:00,2020.34,2020.34,2018.95,2018.96
2024-02-13 05:00:00,2018.97,2019.14,2016.89,2018.6
2024-02-13 06:00:00,2018.59,2019.61,2018.42,2019.01
2024-02-13 07:00:00,2019.03,2021.64,2019.03,2020.74
2024-02-13 08:00:00,2020.78,2024.11,2020.72,2023.71
2024-02-13 09:00:00,2023.73,2025.82,2023.49,2025.24
2024-02-13 10:00:00,2025.25,2026.32,2024.54,2026.18
2024-02-13 11:00:00,2026.0,2026.92,2025.16,2026.73
2024-02-13 12:00:00,2026.71,2027.99,2026.07,2026.59
2024-02-13 13:00:00,2026.6,2029.3,2026.15,2027.72
2024-02-13 14:00:00,2027.78,2029.01,2027.4,2028.28
2024-02-13 15:00:00,2028.34,2032.35,2003.03,2004.38
2024-02-13 16:00:00,2004.38,2005.9,1992.52,1995.73
2024-02-13 17:00:00,1995.75,1995.97,1990.12,1992.29
2024-02-13 18:00:00,1992.3,1997.9,1991.91,1994.93
2024-02-13 19:00:00,1994.96,1996.04,1992.78,1993.69
2024-02-13 20:00:00,1993.68,1995.79,1993.12,1993.48
2024-02-13 21:00:00,1993.49,1993.79,1991.25,1991.76
2024-02-13 22:00:00,1991.74,1993.69,1991.28,1992.63
2024-02-13 23:00:00,1992.66,1993.62,1992.25,1992.98
2024-02-14 01:00:00,1992.08,1992.67,1990.76,1991.48
2024-02-14 02:00:00,1991.45,1993.32,1990.8,1992.71
2024-02-14 03:00:00,1992.72,1992.93,1988.9,1992.88
2024-02-14 04:00:00,1992.88,1993.62,1991.15,1992.21
2024-02-14 05:00:00,1992.23,1993.08,1991.24,1992.5
2024-02-14 06:00:00,1992.49,1992.92,1992.04,1992.39
2024-02-14 07:00:00,1992.37,1993.37,1992.17,1993.02
2024-02-14 08:00:00,1993.01,1993.02,1990.97,1992.31
2024-02-14 09:00:00,1992.29,1993.09,1989.4,1989.47
2024-02-14 10:00:00,1989.46,1990.64,1986.01,1988.52
2024-02-14 11:00:00,1988.5,1991.57,1988.42,1991.26
2024-02-14 12:00:00,1991.23,1993.39,1990.08,1992.91
2024-02-14 13:00:00,1992.94,1993.31,1990.71,1992.27
2024-02-14 14:00:00,1992.25,1993.25,1989.62,1990.3
2024-02-14 15:00:00,1990.31,1993.21,1988.72,1989.14
2024-02-14 16:00:00,1989.13,1992.25,1986.26,1987.42
2024-02-14 17:00:00,1987.41,1989.0,1984.27,1987.91
2024-02-14 18:00:00,1987.93,1993.67,1987.53,1993.2
2024-02-14 19:00:00,1993.19,1995.31,1990.75,1994.36
2024-02-14 20:00:00,1994.44,1996.16,1991.14,1991.7
2024-02-14 21:00:00,1991.72,1992.05,1989.78,1991.76
2024-02-14 22:00:00,1991.78,1991.84,1989.64,1991.16
2024-02-14 23:00:00,1991.14,1992.97,1990.42,1992.22
2024-02-15 01:00:00,1993.27,1993.87,1992.78,1993.77
2024-02-15 02:00:00,1993.79,1994.37,1992.6,1993.68
2024-02-15 03:00:00,1993.67,1994.35,1992.33,1992.56
2024-02-15 04:00:00,1992.55,1993.55,1992.14,1993.2
2024-02-15 05:00:00,1993.19,1993.34,1990.27,1990.79
2024-02-15 06:00:00,1990.8,1992.21,1990.45,1992.11
2024-02-15 07:00:00,1992.07,1992.95,1991.77,1991.97
2024-02-15 08:00:00,1991.96,1993.43,1991.56,1993.29
2024-02-15 09:00:00,1993.31,1994.72,1992.25,1993.84
2024-02-15 10:00:00,1993.81,1996.02,1993.51,1995.25
2024-02-15 11:00:00,1995.26,1996.78,1993.87,1996.39
2024-02-15 12:00:00,1996.37,1997.97,1995.76,1995.98
2024-02-15 13:00:00,1995.98,1998.15,1995.78,1997.56
2024-02-15 14:00:00,1997.55,1999.07,1996.4,1998.01
2024-02-15 15:00:00,1998.05,2004.29,1995.73,2003.81
2024-02-15 16:00:00,2003.8,2008.29,2001.49,2003.79
2024-02-15 17:00:00,2003.76,2008.13,1999.8,2000.8
2024-02-15 18:00:00,2000.79,2001.49,1998.49,2000.19
2024-02-15 19:00:00,2000.2,2004.64,2000.14,2003.68
2024-02-15 20:00:00,2003.67,2004.92,2002.79,2004.54
2024-02-15 21:00:00,2004.57,2006.48,2003.73,2005.12
2024-02-15 22:00:00,2005.11,2005.13,2003.56,2004.42
2024-02-15 23:00:00,2004.43,2004.7,2003.94,2004.38
2024-02-16 01:00:00,2004.61,2004.8,2003.34,2003.42
2024-02-16 02:00:00,2003.43,2003.67,2002.39,2002.61
2024-02-16 03:00:00,2002.61,2005.66,2002.43,2005.54
2024-02-16 04:00:00,2005.5,2005.65,2004.09,2004.49
2024-02-16 05:00:00,2004.54,2004.85,2003.43,2004.37
2024-02-16 06:00:00,2004.36,2004.4,2003.33,2003.63
2024-02-16 07:00:00,2003.61,2004.73,2003.38,2004.51
2024-02-16 08:00:00,2004.5,2004.72,2002.75,2003.83
2024-02-16 09:00:00,2003.81,2006.47,2003.4,2005.18
2024-02-16 10:00:00,2005.13,2005.7,2003.87,2004.95
2024-02-16 11:00:00,2004.97,2006.48,2004.25,2005.09
2024-02-16 12:00:00,2005.08,2007.5,2004.75,2007.18
2024-02-16 13:00:00,2007.14,2007.85,2006.28,2007.28
2024-02-16 14:00:00,2007.27,2008.09,2006.43,2006.87
2024-02-16 15:00:00,2006.73,2006.99,1995.1,2001.46
2024-02-16 16:00:00,2001.47,2003.37,1995.36,1997.89
2024-02-16 17:00:00,1997.98,2011.02,1997.19,2007.94
2024-02-16 18:00:00,2007.92,2010.98,2007.26,2009.23
2024-02-16 19:00:00,2009.25,2014.47,2008.77,2013.35
2024-02-16 20:00:00,2013.4,2015.11,2011.16,2013.89
2024-02-16 21:00:00,2013.91,2015.18,2011.75,2012.67
2024-02-16 22:00:00,2012.64,2013.11,2011.27,2011.9
2024-02-16 23:00:00,2011.92,2014.06,2011.92,2013.62
2024-02-19 01:00:00,2012.0,2015.73,2011.61,2013.77
2024-02-19 02:00:00,2013.75,2020.14,2013.57,2018.82
2024-02-19 03:00:00,2018.81,2020.78,2016.4,2019.79
2024-02-19 04:00:00,2019.78,2022.91,2018.6,2022.34
2024-02-19 05:00:00,2022.34,2022.43,2019.3,2019.89
2024-02-19 06:00:00,2019.92,2019.95,2018.25,2019.05
2024-02-19 07:00:00,2019.04,2021.45,2018.53,2020.75
2024-02-19 08:00:00,2020.74,2022.58,2020.45,2021.51
2024-02-19 09:00:00,2021.48,2022.99,2019.75,2021.01
2024-02-19 10:00:00,2020.97,2021.26,2019.1,2020.17
2024-02-19 11:00:00,2020.19,2020.74,2019.26,2020.19
2024-02-19 12:00:00,2020.17,2020.61,2018.19,2018.93
2024-02-19 13:00:00,2018.94,2019.6,2018.36,2018.37
2024-02-19 14:00:00,2018.35,2019.1,2016.02,2016.78
2024-02-19 15:00:00,2016.76,2019.34,2016.47,2016.83
2024-02-19 16:00:00,2016.84,2017.73,2015.93,2017.33
2024-02-19 17:00:00,2017.34,2017.6,2014.81,2014.95
2024-02-19 18:00:00,2014.94,2016.69,2013.27,2016.29
2024-02-19 19:00:00,2016.27,2018.51,2016.0,2017.37
2024-02-19 20:00:00,2017.36,2018.51,2016.98,2017.67
2024-02-19 21:00:00,2017.66,2018.29,2017.66,2017.98
2024-02-20 01:00:00,2016.88,2017.24,2015.8,2016.18
2024-02-20 02:00:00,2016.19,2016.79,2015.04,2016.23
2024-02-20 03:00:00,2016.23,2019.25,2015.24,2016.95
2024-02-20 04:00:00,2016.96,2018.33,2016.81,2017.6
2024-02-20 05:00:00,2017.61,2018.75,2017.06,2018.3
2024-02-20 06:00:00,2018.3,2019.72,2018.21,2019.54
2024-02-20 07:00:00,2019.6,2019.6,2017.79,2018.53
2024-02-20 08:00:00,2018.49,2020.86,2017.77,2019.45
2024-02-20 09:00:00,2019.44,2022.89,2018.94,2021.51
2024-02-20 10:00:00,2021.5,2023.0,2020.79,2022.85
2024-02-20 11:00:00,2022.84,2025.16,2022.58,2024.06
2024-02-20 12:00:00,2024.04,2027.6,2023.56,2026.11
2024-02-20 13:00:00,2026.12,2027.29,2025.28,2026.89
2024-02-20 14:00:00,2026.93,2028.03,2026.3,2026.66
2024-02-20 15:00:00,2026.69,2030.87,2026.14,2030.04
2024-02-20 16:00:00,2030.07,2030.89,2025.5,2028.16
2024-02-20 17:00:00,2028.15,2030.03,2025.84,2027.48
2024-02-20 18:00:00,2027.47,2028.32,2026.06,2026.92
2024-02-20 19:00:00,2026.93,2028.72,2025.65,2028.72
2024-02-20 20:00:00,2028.71,2028.93,2026.81,2027.21
2024-02-20 21:00:00,2027.2,2027.69,2024.81,2025.09
2024-02-20 22:00:00,2025.15,2025.19,2023.57,2024.33
2024-02-20 23:00:00,2024.37,2024.73,2023.57,2024.29
2024-02-21 01:00:00,2024.35,2024.98,2023.73,2024.21
2024-02-21 02:00:00,2024.22,2024.28,2022.93,2023.59
2024-02-21 03:00:00,2023.6,2026.1,2023.34,2025.43
2024-02-21 04:00:00,2025.42,2029.15,2025.39,2027.88
2024-02-21 05:00:00,2027.89,2030.9,2027.78,2030.48
2024-02-21 06:00:00,2030.51,2031.27,2030.13,2030.87
2024-02-21 07:00:00,2030.93,2032.28,2029.46,2030.97
2024-02-21 08:00:00,2030.99,2031.23,2029.24,2030.01
2024-02-21 09:00:00,2029.97,2030.64,2028.41,2028.87
2024-02-21 10:00:00,2028.86,2029.25,2026.22,2026.58
2024-02-21 11:00:00,2026.59,2028.65,2025.99,2028.11
2024-02-21 12:00:00,2028.09,2030.18,2027.91,2030.02
2024-02-21 13:00:00,2030.03,2030.08,2027.39,2028.3
2024-02-21 14:00:00,2028.34,2030.1,2028.0,2029.5
2024-02-21 15:00:00,2029.47,2031.56,2027.65,2028.78
2024-02-21 16:00:00,2028.77,2030.33,2027.03,2027.56
2024-02-21 17:00:00,2027.54,2030.27,2024.1,2024.18
2024-02-21 18:00:00,2024.22,2025.88,2023.28,2023.97
2024-02-21 19:00:00,2023.98,2024.56,2021.51,2024.25
2024-02-21 20:00:00,2024.29,2024.75,2021.48,2021.84
2024-02-21 21:00:00,2021.84,2026.5,2020.07,2026.04
2024-02-21 22:00:00,2026.02,2027.03,2024.18,2024.4
2024-02-21 23:00:00,2024.4,2026.26,2023.97,2025.91
2024-02-22 01:00:00,2026.19,2026.72,2025.09,2025.81
2024-02-22 02:00:00,2025.83,2026.77,2025.07,2026.45
2024-02-22 03:00:00,2026.46,2028.58,2026.28,2027.03
2024-02-22 04:00:00,2027.01,2028.37,2026.51,2027.8
2024-02-22 05:00:00,2027.79,2028.28,2026.09,2026.26
2024-02-22 06:00:00,2026.26,2028.93,2025.53,2028.87
2024-02-22 07:00:00,2028.88,2030.0,2028.3,2028.48
2024-02-22 08:00:00,2028.46,2030.62,2028.37,2029.29
2024-02-22 09:00:00,2029.32,2032.02,2028.87,2031.47
2024-02-22 10:00:00,2031.46,2034.93,2031.36,2033.25
2024-02-22 11:00:00,2033.16,2033.16,2028.53,2030.33
2024-02-22 12:00:00,2030.34,2031.23,2029.19,2029.45
2024-02-22 13:00:00,2029.46,2029.81,2027.33,2029.03
2024-02-22 14:00:00,2029.02,2029.9,2027.72,2028.29
2024-02-22 15:00:00,2028.3,2028.59,2022.8,2025.66
2024-02-22 16:00:00,2025.66,2026.74,2021.93,2024.95
2024-02-22 17:00:00,2024.98,2025.36,2020.19,2023.4
2024-02-22 18:00:00,2023.51,2024.31,2019.78,2020.99
2024-02-22 19:00:00,2020.99,2024.72,2020.32,2022.96
2024-02-22 20:00:00,2022.99,2023.28,2019.65,2022.7
2024-02-22 21:00:00,2022.72,2023.65,2022.18,2023.09
2024-02-22 22:00:00,2023.09,2024.68,2022.6,2024.63
2024-02-22 23:00:00,2024.64,2025.01,2024.02,2024.38
2024-02-23 01:00:00,2024.43,2026.07,2024.24,2024.83
2024-02-23 02:00:00,2024.86,2026.15,2022.79,2024.62
2024-02-23 03:00:00,2024.58,2027.28,2024.43,2026.88
2024-02-23 04:00:00,2026.89,2027.39,2024.3,2024.35
2024-02-23 05:00:00,2024.35,2026.32,2024.06,2025.75
2024-02-23 06:00:00,2025.78,2026.51,2025.75,2026.1
2024-02-23 07:00:00,2026.12,2026.19,2022.22,2022.44
2024-02-23 08:00:00,2022.42,2022.65,2018.24,2020.92
2024-02-23 09:00:00,2020.96,2022.51,2019.58,2021.87
2024-02-23 10:00:00,2021.85,2022.64,2018.41,2019.54
2024-02-23 11:00:00,2019.52,2019.88,2016.09,2016.78
2024-02-23 12:00:00,2016.77,2023.32,2016.6,2022.96
2024-02-23 13:00:00,2022.95,2023.99,2022.1,2023.88
2024-02-23 14:00:00,2023.9,2028.81,2023.11,2028.06
2024-02-23 15:00:00,2028.08,2029.27,2024.52,2025.37
2024-02-23 16:00:00,2025.36,2028.7,2024.2,2027.6
2024-02-23 17:00:00,2027.56,2031.16,2025.68,2030.2
2024-02-23 18:00:00,2030.21,2038.58,2030.21,2038.42
2024-02-23 19:00:00,2038.41,2039.84,2036.49,2037.9
2024-02-23 20:00:00,2037.91,2041.35,2037.47,2040.48
2024-02-23 21:00:00,2040.46,2040.51,2036.89,2037.32
2024-02-23 22:00:00,2037.33,2037.53,2035.73,2036.58
2024-02-23 23:00:00,2036.54,2036.6,2035.11,2035.74
2024-02-26 01:00:00,2033.07,2034.92,2033.07,2034.03
2024-02-26 02:00:00,2034.08,2034.11,2029.96,2030.34
2024-02-26 03:00:00,2030.31,2034.09,2029.93,2031.3
2024-02-26 04:00:00,2031.29,2031.9,2030.66,2030.89
2024-02-26 05:00:00,2030.98,2032.57,2030.71,2032.55
2024-02-26 06:00:00,2032.56,2032.93,2032.12,2032.28
2024-02-26 07:00:00,2032.25,2034.3,2032.19,2033.08
2024-02-26 08:00:00,2033.07,2033.94,2031.93,2032.73
2024-02-26 09:00:00,2032.78,2035.33,2032.38,2035.07
2024-02-26 10:00:00,2035.04,2037.02,2033.67,2034.04
2024-02-26 11:00:00,2034.04,2034.46,2032.24,2033.11
2024-02-26 12:00:00,2033.1,2035.47,2031.73,2032.21
2024-02-26 13:00:00,2032.17,2032.99,2030.89,2030.94
2024-02-26 14:00:00,2030.99,2034.16,2030.77,2032.89
2024-02-26 15:00:00,2032.83,2034.5,2031.69,2032.64
2024-02-26 16:00:00,2032.63,2032.91,2025.6,2027.57
2024-02-26 17:00:00,2027.55,2030.15,2025.07,2029.2
2024-02-26 18:00:00,2029.21,2029.47,2026.61,2027.81
2024-02-26 19:00:00,2027.83,2028.87,2026.52,2028.76
2024-02-26 20:00:00,2028.68,2030.13,2028.19,2029.33
2024-02-26 21:00:00,2029.34,2030.31,2028.59,2029.73
2024-02-26 22:00:00,2029.74,2033.67,2029.74,2032.34
2024-02-26 23:00:00,2032.36,2032.38,2030.86,2031.09
2024-02-27 01:00:00,2030.88,2031.66,2030.58,2031.27
2024-02-27 02:00:00,2031.27,2032.53,2031.1,2031.54
2024-02-27 03:00:00,2031.56,2033.83,2031.27,2033.68
2024-02-27 04:00:00,2033.7,2034.61,2032.55,2032.74
2024-02-27 05:00:00,2032.81,2033.48,2032.34,2033.46
2024-02-27 06:00:00,2033.45,2034.62,2033.44,2033.83
2024-02-27 07:00:00,2033.81,2034.01,2032.81,2033.66
2024-02-27 08:00:00,2033.67,2034.98,2033.3,2033.52
2024-02-27 09:00:00,2033.53,2036.25,2033.34,2035.43
2024-02-27 10:00:00,2035.41,2039.49,2034.64,2038.08
2024-02-27 11:00:00,2038.06,2038.13,2035.36,2036.65
2024-02-27 12:00:00,2036.68,2036.73,2034.68,2036.48
2024-02-27 13:00:00,2036.54,2038.76,2035.59,2038.24
2024-02-27 14:00:00,2038.3,2039.16,2037.18,2038.3
2024-02-27 15:00:00,2038.35,2038.66,2035.27,2035.49
2024-02-27 16:00:00,2035.46,2036.56,2033.62,2034.84
2024-02-27 17:00:00,2034.84,2037.63,2033.03,2033.78
2024-02-27 18:00:00,2033.79,2034.35,2031.82,2033.14
2024-02-27 19:00:00,2033.09,2033.1,2029.73,2032.29
2024-02-27 20:00:00,2032.32,2036.09,2031.97,2032.37
2024-02-27 21:00:00,2032.39,2032.45,2029.41,2030.25
2024-02-27 22:00:00,2030.24,2030.35,2028.79,2030.15
2024-02-27 23:00:00,2030.18,2030.58,2029.85,2030.31
2024-02-28 01:00:00,2029.83,2030.85,2029.83,2030.1
2024-02-28 02:00:00,2030.09,2031.28,2029.13,2030.8
2024-02-28 03:00:00,2030.79,2033.76,2029.76,2033.45
2024-02-28 04:00:00,2033.43,2033.64,2030.53,2031.01
2024-02-28 05:00:00,2031.01,2031.83,2029.82,2030.94
2024-02-28 06:00:00,2030.94,2031.14,2029.8,2030.27
2024-02-28 07:00:00,2030.25,2031.12,2030.02,2031.01
2024-02-28 08:00:00,2031.01,2032.11,2028.67,2029.34
2024-02-28 09:00:00,2029.34,2029.37,2027.86,2028.13
2024-02-28 10:00:00,2028.12,2029.29,2026.7,2026.83
2024-02-28 11:00:00,2026.82,2027.38,2024.88,2024.91
2024-02-28 12:00:00,2024.89,2027.6,2024.53,2027.34
2024-02-28 13:00:00,2027.32,2027.91,2026.77,2027.3
2024-02-28 14:00:00,2027.3,2030.48,2026.97,2029.59
2024-02-28 15:00:00,2029.56,2036.08,2029.13,2035.82
2024-02-28 16:00:00,2035.85,2037.91,2031.08,2031.8
2024-02-28 17:00:00,2031.78,2034.07,2030.44,2031.84
2024-02-28 18:00:00,2031.83,2034.15,2031.75,2033.59
2024-02-28 19:00:00,2033.6,2035.65,2032.34,2033.82
2024-02-28 20:00:00,2033.88,2034.88,2031.48,2031.54
2024-02-28 21:00:00,2031.53,2032.38,2030.87,2032.19
2024-02-28 22:00:00,2032.22,2034.23,2032.13,2033.84
2024-02-28 23:00:00,2033.85,2035.28,2033.05,2034.37
2024-02-29 01:00:00,2035.22,2035.28,2034.68,2034.71
2024-02-29 02:00:00,2034.73,2035.57,2033.97,2034.18
2024-02-29 03:00:00,2034.19,2036.6,2034.18,2036.44
2024-02-29 04:00:00,2036.45,2037.1,2035.51,2036.6
2024-02-29 05:00:00,2036.6,2036.75,2035.24,2036.61
2024-02-29 06:00:00,2036.58,2036.58,2035.12,2035.22
2024-02-29 07:00:00,2035.22,2035.99,2034.4,2035.65
2024-02-29 08:00:00,2035.66,2037.08,2035.5,2036.89
2024-02-29 09:00:00,2036.87,2037.84,2035.98,2037.32
2024-02-29 10:00:00,2037.34,2037.49,2035.54,2037.22
2024-02-29 11:00:00,2037.27,2037.47,2034.07,2034.6
2024-02-29 12:00:00,2034.61,2034.84,2030.53,2030.82
2024-02-29 13:00:00,2030.81,2031.83,2028.83,2030.34
2024-02-29 14:00:00,2030.33,2030.67,2028.1,2030.28
2024-02-29 15:00:00,2030.31,2048.71,2030.27,2047.66
2024-02-29 16:00:00,2047.67,2050.35,2045.97,2047.81
2024-02-29 17:00:00,2047.98,2050.72,2046.54,2048.15
2024-02-29 18:00:00,2048.16,2048.39,2043.76,2044.99
2024-02-29 19:00:00,2045.0,2046.02,2043.35,2045.73
2024-02-29 20:00:00,2045.65,2046.82,2045.08,2046.31
2024-02-29 21:00:00,2046.3,2046.9,2044.03,2044.48
2024-02-29 22:00:00,2044.45,2045.48,2043.74,2044.1
2024-02-29 23:00:00,2044.09,2044.28,2042.89,2044.1
2024-03-01 01:00:00,2043.46,2044.31,2042.92,2044.25
2024-03-01 02:00:00,2044.24,2044.31,2042.86,2043.78
2024-03-01 03:00:00,2043.82,2044.77,2043.08,2044.34
2024-03-01 04:00:00,2044.33,2045.93,2044.1,2045.43
2024-03-01 05:00:00,2045.43,2046.85,2045.33,2046.62
2024-03-01 06:00:00,2046.61,2046.63,2045.27,2045.48
2024-03-01 07:00:00,2045.58,2045.67,2043.41,2045.08
2024-03-01 08:00:00,2045.1,2048.14,2044.89,2046.77
2024-03-01 09:00:00,2046.76,2048.84,2045.26,2045.43
2024-03-01 10:00:00,2045.51,2045.66,2039.09,2039.83
2024-03-01 11:00:00,2039.79,2047.6,2039.44,2046.44
2024-03-01 12:00:00,2046.41,2055.1,2045.98,2054.89
2024-03-01 13:00:00,2054.94,2057.49,2053.92,2055.41
2024-03-01 14:00:00,2055.41,2057.05,2052.23,2052.43
2024-03-01 15:00:00,2052.45,2054.61,2050.08,2051.6
2024-03-01 16:00:00,2051.64,2056.72,2045.62,2046.45
2024-03-01 17:00:00,2046.87,2070.97,2046.87,2069.27
2024-03-01 18:00:00,2069.3,2081.98,2069.29,2081.14
2024-03-01 19:00:00,2081.15,2085.67,2079.99,2084.82
2024-03-01 20:00:00,2084.81,2088.32,2082.27,2085.73
2024-03-01 21:00:00,2085.73,2086.77,2084.8,2085.3
2024-03-01 22:00:00,2085.28,2085.39,2083.1,2083.56
2024-03-01 23:00:00,2083.55,2084.03,2082.86,2083.44
2024-03-04 01:00:00,2082.92,2086.19,2082.6,2083.53
2024-03-04 02:00:00,2083.59,2084.41,2082.27,2082.56
2024-03-04 03:00:00,2082.61,2082.93,2079.49,2080.25
2024-03-04 04:00:00,2080.21,2083.49,2079.89,2081.54
2024-03-04 05:00:00,2081.56,2081.98,2080.41,2081.43
2024-03-04 06:00:00,2081.44,2081.57,2080.34,2080.77
2024-03-04 07:00:00,2080.75,2082.3,2080.48,2081.58
2024-03-04 08:00:00,2081.57,2084.0,2081.09,2083.58
2024-03-04 09:00:00,2083.62,2088.29,2083.62,2087.38
2024-03-04 10:00:00,2087.37,2087.47,2083.5,2083.88
2024-03-04 11:00:00,2083.9,2086.15,2083.23,2085.2
2024-03-04 12:00:00,2085.23,2085.83,2082.65,2083.95
2024-03-04 13:00:00,2083.96,2084.59,2081.89,2082.13
2024-03-04 14:00:00,2082.14,2083.42,2081.86,2082.58
2024-03-04 15:00:00,2082.57,2093.2,2081.21,2091.65
2024-03-04 16:00:00,2091.68,2101.44,2090.54,2100.91
2024-03-04 17:00:00,2100.75,2109.4,2097.61,2109.1
2024-03-04 18:00:00,2109.05,2119.9,2107.79,2119.32
2024-03-04 19:00:00,2119.33,2119.81,2113.95,2116.52
2024-03-04 20:00:00,2116.51,2118.11,2113.6,2115.34
2024-03-04 21:00:00,2115.36,2117.35,2113.37,2116.35
2024-03-04 22:00:00,2116.36,2118.52,2115.45,2116.67
2024-03-04 23:00:00,2116.69,2117.34,2114.18,2114.3
2024-03-05 01:00:00,2114.09,2115.85,2113.64,2114.62
2024-03-05 02:00:00,2114.61,2115.89,2114.22,2115.51
2024-03-05 03:00:00,2115.52,2116.85,2110.48,2112.66
2024-03-05 04:00:00,2112.64,2113.32,2111.44,2112.3
2024-03-05 05:00:00,2112.29,2113.98,2111.29,2113.0
2024-03-05 06:00:00,2113.0,2115.98,2112.7,2115.94
2024-03-05 07:00:00,2115.95,2119.72,2115.39,2119.27
2024-03-05 08:00:00,2119.27,2119.57,2115.27,2117.28
2024-03-05 09:00:00,2117.26,2117.73,2114.0,2114.49
2024-03-05 10:00:00,2114.55,2123.45,2114.55,2120.7
2024-03-05 11:00:00,2120.69,2125.31,2119.05,2124.56
2024-03-05 12:00:00,2124.56,2127.36,2123.38,2123.68
2024-03-05 13:00:00,2123.68,2127.19,2122.62,2124.5
2024-03-05 14:00:00,2124.52,2125.28,2121.21,2124.43
2024-03-05 15:00:00,2124.47,2141.81,2122.4,2127.78
2024-03-05 16:00:00,2127.89,2133.24,2124.31,2128.23
2024-03-05 17:00:00,2128.23,2139.54,2123.95,2126.68
2024-03-05 18:00:00,2126.66,2128.78,2123.72,2128.35
2024-03-05 19:00:00,2128.34,2131.0,2127.61,2130.94
2024-03-05 20:00:00,2130.93,2133.61,2129.61,2130.74
2024-03-05 21:00:00,2130.78,2134.75,2129.62,2129.63
2024-03-05 22:00:00,2129.64,2130.97,2128.53,2129.7
2024-03-05 23:00:00,2129.64,2130.05,2127.1,2127.86
2024-03-06 01:00:00,2127.46,2128.48,2127.01,2128.07
2024-03-06 02:00:00,2128.06,2128.12,2126.15,2126.89
2024-03-06 03:00:00,2126.85,2128.06,2125.15,2125.54
2024-03-06 04:00:00,2125.53,2126.82,2123.92,2126.39
2024-03-06 05:00:00,2126.42,2126.6,2123.71,2124.79
2024-03-06 06:00:00,2124.8,2126.4,2124.79,2126.25
2024-03-06 07:00:00,2126.25,2127.99,2125.27,2125.34
2024-03-06 08:00:00,2125.35,2127.6,2124.99,2127.3
2024-03-06 09:00:00,2127.39,2131.54,2127.08,2128.52
2024-03-06 10:00:00,2128.51,2129.24,2124.37,2125.15
2024-03-06 11:00:00,2125.13,2129.87,2124.83,2128.66
2024-03-06 12:00:00,2128.63,2128.71,2124.69,2125.64
2024-03-06 13:00:00,2125.65,2132.6,2125.61,2132.54
2024-03-06 14:00:00,2132.55,2135.06,2131.1,2134.25
2024-03-06 15:00:00,2134.22,2139.71,2131.5,2139.4
2024-03-06 16:00:00,2139.42,2149.17,2135.66,2144.99
2024-03-06 17:00:00,2144.84,2145.62,2132.15,2140.99
2024-03-06 18:00:00,2141.0,2149.9,2140.49,2148.22
2024-03-06 19:00:00,2148.27,2150.04,2141.95,2144.79
2024-03-06 20:00:00,2144.77,2152.23,2144.02,2147.16
2024-03-06 21:00:00,2147.14,2147.49,2139.49,2144.39
2024-03-06 22:00:00,2144.4,2147.26,2143.23,2146.68
2024-03-06 23:00:00,2146.63,2149.43,2144.53,2147.95
2024-03-07 01:00:00,2147.61,2151.22,2145.75,2147.35
2024-03-07 02:00:00,2147.34,2149.6,2147.34,2148.9
2024-03-07 03:00:00,2148.97,2149.04,2144.24,2146.23
2024-03-07 04:00:00,2146.21,2152.11,2145.68,2150.75
2024-03-07 05:00:00,2150.61,2152.49,2149.7,2151.77
2024-03-07 06:00:00,2151.75,2161.24,2151.73,2158.33
2024-03-07 07:00:00,2158.32,2158.77,2154.49,2154.53
2024-03-07 08:00:00,2154.53,2156.58,2151.67,2155.45
2024-03-07 09:00:00,2155.45,2158.29,2152.28,2156.02
2024-03-07 10:00:00,2156.03,2159.81,2154.48,2155.27
2024-03-07 11:00:00,2155.27,2157.83,2154.32,2157.73
2024-03-07 12:00:00,2157.73,2158.96,2156.21,2157.67
2024-03-07 13:00:00,2157.67,2157.79,2153.34,2156.1
2024-03-07 14:00:00,2156.1,2158.84,2154.03,2158.47
2024-03-07 15:00:00,2158.48,2164.71,2157.46,2159.59
2024-03-07 16:00:00,2159.59,2159.84,2147.98,2154.07
2024-03-07 17:00:00,2154.07,2157.72,2151.77,2153.68
2024-03-07 18:00:00,2153.68,2158.52,2149.3,2156.27
2024-03-07 19:00:00,2156.26,2158.85,2155.33,2158.27
2024-03-07 20:00:00,2158.27,2159.29,2156.12,2157.1
2024-03-07 21:00:00,2157.1,2160.92,2156.18,2160.07
2024-03-07 22:00:00,2160.05,2160.45,2158.05,2158.59
2024-03-07 23:00:00,2158.62,2159.99,2158.33,2159.94
2024-03-08 01:00:00,2158.93,2162.6,2158.93,2161.92
2024-03-08 02:00:00,2161.92,2163.59,2159.75,2160.83
2024-03-08 03:00:00,2160.87,2161.79,2157.74,2157.9
2024-03-08 04:00:00,2157.9,2158.44,2155.07,2155.34
2024-03-08 05:00:00,2155.35,2158.74,2154.05,2157.64
2024-03-08 06:00:00,2157.64,2159.27,2156.43,2157.74
2024-03-08 07:00:00,2157.74,2158.41,2156.51,2157.79
2024-03-08 08:00:00,2157.79,2162.03,2156.49,2161.19
2024-03-08 09:00:00,2161.19,2161.91,2159.06,2161.39
2024-03-08 10:00:00,2161.38,2168.71,2161.15,2165.17
2024-03-08 11:00:00,2165.17,2171.1,2164.68,2169.13
2024-03-08 12:00:00,2169.13,2170.55,2166.67,2168.53
2024-03-08 13:00:00,2168.53,2169.7,2166.34,2168.33
2024-03-08 14:00:00,2168.33,2169.31,2166.05,2166.08
2024-03-08 15:00:00,2166.06,2185.44,2156.48,2171.14
2024-03-08 16:00:00,2171.14,2174.7,2163.8,2170.86
2024-03-08 17:00:00,2170.87,2177.39,2167.86,2177.24
2024-03-08 18:00:00,2177.23,2180.93,2172.33,2180.8
2024-03-08 19:00:00,2180.78,2195.12,2180.74,2184.95
2024-03-08 20:00:00,2184.95,2184.99,2173.91,2174.37
2024-03-08 21:00:00,2174.37,2177.8,2168.35,2176.42
2024-03-08 22:00:00,2176.42,2178.21,2175.72,2177.35
2024-03-08 23:00:00,2177.35,2178.82,2176.88,2178.68
2024-03-11 01:00:00,2179.89,2181.09,2177.21,2177.21
2024-03-11 02:00:00,2177.21,2183.85,2177.21,2181.72
2024-03-11 03:00:00,2181.72,2189.04,2179.49,2186.7
2024-03-11 04:00:00,2186.7,2186.81,2179.04,2180.25
2024-03-11 05:00:00,2180.25,2180.43,2176.87,2177.44
2024-03-11 06:00:00,2177.44,2180.33,2176.99,2179.57
2024-03-11 07:00:00,2179.56,2181.54,2179.51,2180.72
2024-03-11 08:00:00,2180.72,2181.69,2176.91,2178.05
2024-03-11 09:00:00,2178.05,2180.02,2177.33,2179.52
2024-03-11 10:00:00,2179.51,2182.76,2177.98,2182.31
2024-03-11 11:00:00,2182.32,2183.13,2176.73,2177.43
2024-03-11 12:00:00,2177.43,2181.54,2175.85,2180.51
2024-03-11 13:00:00,2180.51,2180.75,2176.88,2177.72
2024-03-11 14:00:00,2177.72,2179.58,2176.43,2179.02
2024-03-11 15:00:00,2179.02,2180.67,2176.47,2177.22
2024-03-11 16:00:00,2177.22,2185.12,2174.84,2181.79
2024-03-11 17:00:00,2181.79,2183.33,2175.63,2182.02
2024-03-11 18:00:00,2182.02,2185.7,2180.09,2184.34
2024-03-11 19:00:00,2184.34,2184.73,2178.58,2180.83
2024-03-11 20:00:00,2180.83,2184.13,2178.27,2179.68
2024-03-11 21:00:00,2179.68,2180.98,2177.2,2180.89
2024-03-11 22:00:00,2180.89,2184.18,2180.7,2181.38
2024-03-11 23:00:00,2181.39,2182.96,2181.1,2182.74
2024-03-12 01:00:00,2181.92,2184.78,2180.78,2181.35
2024-03-12 02:00:00,2181.35,2183.77,2181.22,2183.65
2024-03-12 03:00:00,2183.65,2184.57,2180.32,2180.4
2024-03-12 04:00:00,2180.4,2183.13,2180.03,2182.83
2024-03-12 05:00:00,2182.83,2182.93,2178.73,2179.12
2024-03-12 06:00:00,2179.12,2179.12,2176.85,2177.49
2024-03-12 07:00:00,2177.49,2179.22,2177.21,2178.28
2024-03-12 08:00:00,2178.28,2179.2,2174.24,2176.24
2024-03-12 09:00:00,2176.22,2177.18,2173.75,2175.37
2024-03-12 10:00:00,2175.38,2177.44,2174.8,2177.0
2024-03-12 11:00:00,2177.0,2178.54,2176.05,2177.84
2024-03-12 12:00:00,2177.85,2179.09,2176.39,2177.01
2024-03-12 13:00:00,2177.01,2177.66,2175.46,2176.49
2024-03-12 14:00:00,2176.49,2176.59,2170.63,2171.94
2024-03-12 15:00:00,2171.93,2182.07,2161.17,2169.85
2024-03-12 16:00:00,2169.81,2169.95,2156.23,2160.45
2024-03-12 17:00:00,2160.45,2166.43,2152.65,2162.04
2024-03-12 18:00:00,2162.02,2164.93,2157.6,2163.03
2024-03-12 19:00:00,2163.03,2166.55,2161.53,2165.84
2024-03-12 20:00:00,2165.84,2165.84,2154.77,2155.06
2024-03-12 21:00:00,2155.06,2156.59,2152.98,2153.55
2024-03-12 22:00:00,2153.55,2157.38,2150.69,2157.38
2024-03-12 23:00:00,2157.38,2159.02,2156.18,2158.18
2024-03-13 01:00:00,2158.51,2161.5,2156.17,2158.84
2024-03-13 02:00:00,2158.84,2159.18,2155.81,2156.93
2024-03-13 03:00:00,2156.93,2160.52,2156.6,2159.26
2024-03-13 04:00:00,2159.26,2159.58,2157.39,2158.63
2024-03-13 05:00:00,2158.63,2161.55,2157.46,2160.43
2024-03-13 06:00:00,2160.43,2160.76,2157.47,2159.15
2024-03-13 07:00:00,2159.15,2159.72,2157.27,2159.36
2024-03-13 08:00:00,2159.36,2160.63,2158.74,2160.17
2024-03-13 09:00:00,2160.17,2161.56,2158.4,2159.49
2024-03-13 10:00:00,2159.49,2160.77,2158.54,2159.8
2024-03-13 11:00:00,2159.81,2161.15,2157.93,2158.26
2024-03-13 12:00:00,2158.24,2160.32,2157.55,2158.52
2024-03-13 13:00:00,2158.52,2163.68,2158.1,2163.39
2024-03-13 14:00:00,2163.39,2164.18,2161.57,2163.94
2024-03-13 15:00:00,2163.94,2166.33,2162.22,2163.6
2024-03-13 16:00:00,2163.6,2171.63,2161.5,2166.07
2024-03-13 17:00:00,2166.07,2169.81,2163.59,2168.95
2024-03-13 18:00:00,2168.95,2174.58,2168.24,2171.8
2024-03-13 19:00:00,2171.79,2174.73,2169.59,2173.67
2024-03-13 20:00:00,2173.67,2179.86,2173.22,2174.5
2024-03-13 21:00:00,2174.5,2176.58,2174.3,2174.81
2024-03-13 22:00:00,2174.81,2175.55,2171.76,2172.59
2024-03-13 23:00:00,2172.59,2175.24,2172.37,2174.27
2024-03-14 01:00:00,2174.5,2175.48,2173.65,2174.69
2024-03-14 02:00:00,2174.68,2176.24,2174.66,2175.56
2024-03-14 03:00:00,2175.56,2176.64,2173.98,2176.34
2024-03-14 04:00:00,2176.32,2177.02,2173.26,2174.76
2024-03-14 05:00:00,2174.76,2175.43,2172.63,2172.74
2024-03-14 06:00:00,2172.74,2174.08,2171.16,2172.27
2024-03-14 07:00:00,2172.27,2172.5,2171.06,2171.79
2024-03-14 08:00:00,2171.79,2171.98,2168.64,2168.83
2024-03-14 09:00:00,2168.83,2170.21,2167.45,2168.77
2024-03-14 10:00:00,2168.77,2169.09,2167.51,2168.67
2024-03-14 11:00:00,2168.67,2170.08,2168.16,2169.63
2024-03-14 12:00:00,2169.64,2172.0,2167.91,2170.05
2024-03-14 13:00:00,2170.05,2170.89,2168.09,2170.58
2024-03-14 14:00:00,2170.58,2170.82,2167.17,2168.49
2024-03-14 15:00:00,2168.52,2170.45,2160.42,2162.81
2024-03-14 16:00:00,2162.81,2167.31,2158.58,2162.52
2024-03-14 17:00:00,2162.52,2163.87,2157.74,2162.03
2024-03-14 18:00:00,2162.03,2162.26,2152.79,2157.27
2024-03-14 19:00:00,2157.27,2160.33,2156.75,2158.73
2024-03-14 20:00:00,2158.73,2165.05,2158.15,2160.24
2024-03-14 21:00:00,2160.24,2162.44,2160.23,2161.43
2024-03-14 22:00:00,2161.45,2163.58,2160.72,2163.54
2024-03-14 23:00:00,2163.54,2163.9,2161.75,2162.2
2024-03-15 01:00:00,2162.3,2162.39,2161.46,2161.51
2024-03-15 02:00:00,2161.51,2162.16,2160.91,2161.61
2024-03-15 03:00:00,2161.61,2163.14,2160.64,2162.78
2024-03-15 04:00:00,2162.78,2165.96,2162.37,2162.69
2024-03-15 05:00:00,2162.69,2162.99,2161.63,2162.34
2024-03-15 06:00:00,2162.34,2164.87,2161.79,2164.64
2024-03-15 07:00:00,2164.64,2165.46,2163.88,2164.49
2024-03-15 08:00:00,2164.5,2169.26,2163.54,2169.16
2024-03-15 09:00:00,2169.16,2170.07,2167.19,2168.99
2024-03-15 10:00:00,2168.99,2169.99,2166.7,2167.03
2024-03-15 11:00:00,2167.03,2169.42,2165.35,2169.08
2024-03-15 12:00:00,2169.08,2172.69,2167.52,2171.87
2024-03-15 13:00:00,2171.87,2172.67,2168.66,2169.33
2024-03-15 14:00:00,2169.33,2169.38,2166.21,2166.99
2024-03-15 15:00:00,2166.99,2167.36,2157.65,2161.85
2024-03-15 16:00:00,2161.85,2163.37,2156.54,2160.12
2024-03-15 17:00:00,2160.12,2166.72,2159.19,2164.28
2024-03-15 18:00:00,2164.3,2164.3,2158.17,2160.04
2024-03-15 19:00:00,2160.04,2163.5,2157.9,2158.82
2024-03-15 20:00:00,2158.82,2160.61,2155.19,2156.8
2024-03-15 21:00:00,2156.8,2160.3,2156.56,2159.38
2024-03-15 22:00:00,2159.37,2159.5,2156.42,2156.9
2024-03-15 23:00:00,2156.9,2158.28,2155.45,2156.2
2024-03-18 01:00:00,2153.54,2156.05,2153.04,2155.02
2024-03-18 02:00:00,2155.01,2156.97,2153.93,2156.66
2024-03-18 03:00:00,2156.66,2157.55,2155.07,2156.65
2024-03-18 04:00:00,2156.65,2156.66,2150.22,2152.35
2024-03-18 05:00:00,2152.35,2153.52,2146.67,2147.91
2024-03-18 06:00:00,2147.91,2148.11,2146.14,2146.75
2024-03-18 07:00:00,2146.75,2148.29,2146.15,2147.41
2024-03-18 08:00:00,2147.41,2148.37,2146.17,2147.04
2024-03-18 09:00:00,2147.08,2149.12,2146.75,2148.12
2024-03-18 10:00:00,2148.12,2152.22,2147.3,2152.19
2024-03-18 11:00:00,2152.19,2154.46,2150.2,2153.57
2024-03-18 12:00:00,2153.57,2155.94,2153.41,2154.89
2024-03-18 13:00:00,2154.89,2158.55,2154.67,2158.27
2024-03-18 14:00:00,2158.27,2161.3,2158.23,2161.08
2024-03-18 15:00:00,2161.08,2163.59,2158.24,2159.11
2024-03-18 16:00:00,2159.11,2161.1,2155.56,2156.76
2024-03-18 17:00:00,2156.76,2160.77,2156.69,2158.58
2024-03-18 18:00:00,2158.55,2161.37,2157.03,2158.41
2024-03-18 19:00:00,2158.42,2160.79,2154.63,2160.0
2024-03-18 20:00:00,2160.0,2161.21,2158.09,2159.99
2024-03-18 21:00:00,2159.99,2160.67,2159.17,2159.46
2024-03-18 22:00:00,2159.46,2161.05,2159.36,2160.25
2024-03-18 23:00:00,2160.25,2160.42,2159.45,2160.39
2024-03-19 01:00:00,2160.27,2162.47,2160.16,2161.18
2024-03-19 02:00:00,2161.19,2162.23,2160.48,2162.11
2024-03-19 03:00:00,2162.11,2162.86,2160.48,2160.63
2024-03-19 04:00:00,2160.63,2162.23,2158.59,2160.56
2024-03-19 05:00:00,2160.56,2162.84,2160.01,2160.86
2024-03-19 06:00:00,2160.86,2162.4,2159.83,2161.55
2024-03-19 07:00:00,2161.55,2162.15,2159.64,2160.24
2024-03-19 08:00:00,2160.24,2160.46,2157.09,2157.66
2024-03-19 09:00:00,2157.66,2157.78,2154.08,2156.79
2024-03-19 10:00:00,2156.79,2157.29,2154.19,2155.82
2024-03-19 11:00:00,2155.85,2156.0,2147.2,2153.11
2024-03-19 12:00:00,2153.12,2154.55,2151.67,2153.28
2024-03-19 13:00:00,2153.29,2156.39,2152.49,2154.18
2024-03-19 14:00:00,2154.18,2156.77,2153.76,2155.63
2024-03-19 15:00:00,2155.64,2158.67,2150.88,2156.98
2024-03-19 16:00:00,2156.98,2158.68,2150.49,2151.22
2024-03-19 17:00:00,2151.26,2155.43,2148.42,2155.0
2024-03-19 18:00:00,2155.0,2155.69,2150.73,2154.32
2024-03-19 19:00:00,2154.32,2156.05,2153.13,2154.52
2024-03-19 20:00:00,2154.52,2157.38,2154.35,2156.91
2024-03-19 21:00:00,2156.91,2157.78,2155.58,2156.8
2024-03-19 22:00:00,2156.8,2157.98,2156.25,2157.8
2024-03-19 23:00:00,2157.8,2158.53,2157.37,2157.63
2024-03-20 01:00:00,2157.96,2159.62,2157.75,2158.76
2024-03-20 02:00:00,2158.76,2158.78,2157.02,2157.1
2024-03-20 03:00:00,2157.1,2157.5,2155.25,2157.18
2024-03-20 04:00:00,2157.18,2160.05,2156.62,2158.71
2024-03-20 05:00:00,2158.71,2159.77,2157.17,2158.97
2024-03-20 06:00:00,2158.97,2159.88,2158.41,2159.86
2024-03-20 07:00:00,2159.86,2160.21,2156.85,2156.9
2024-03-20 08:00:00,2156.92,2158.28,2156.61,2157.46
2024-03-20 09:00:00,2157.45,2158.24,2156.45,2156.99
2024-03-20 10:00:00,2156.99,2159.53,2156.89,2158.28
2024-03-20 11:00:00,2158.25,2158.39,2154.53,2156.19
2024-03-20 12:00:00,2156.19,2156.19,2153.15,2154.78
2024-03-20 13:00:00,2154.78,2154.94,2152.4,2154.39
2024-03-20 14:00:00,2154.39,2155.09,2152.35,2153.99
2024-03-20 15:00:00,2153.99,2155.24,2149.63,2153.19
2024-03-20 16:00:00,2153.19,2158.68,2150.51,2157.93
2024-03-20 17:00:00,2157.94,2164.89,2155.65,2157.13
2024-03-20 18:00:00,2157.13,2158.68,2154.67,2155.88
2024-03-20 19:00:00,2155.88,2158.72,2155.58,2157.71
2024-03-20 20:00:00,2157.71,2159.71,2156.35,2157.08
2024-03-20 21:00:00,2157.08,2183.73,2156.81,2181.93
2024-03-20 22:00:00,2182.04,2188.86,2178.5,2182.92
2024-03-20 23:00:00,2182.9,2187.27,2182.88,2186.26
2024-03-21 01:00:00,2188.08,2222.8,2186.86,2200.85
2024-03-21 02:00:00,2200.85,2206.35,2196.45,2203.96
2024-03-21 03:00:00,2203.96,2204.04,2192.51,2199.05
2024-03-21 04:00:00,2199.05,2212.44,2198.03,2204.88
2024-03-21 05:00:00,2204.88,2206.34,2202.69,2203.43
2024-03-21 06:00:00,2203.43,2205.02,2201.79,2202.78
2024-03-21 07:00:00,2202.78,2204.14,2201.84,2203.31
2024-03-21 08:00:00,2203.31,2205.2,2201.88,2204.94
2024-03-21 09:00:00,2204.92,2209.55,2204.32,2207.23
2024-03-21 10:00:00,2207.23,2210.23,2206.44,2206.58
2024-03-21 11:00:00,2206.58,2206.73,2196.89,2201.56
2024-03-21 12:00:00,2201.57,2206.07,2199.95,2205.44
2024-03-21 13:00:00,2205.44,2211.79,2205.25,2207.67
2024-03-21 14:00:00,2207.67,2208.8,2205.41,2207.57
2024-03-21 15:00:00,2207.56,2208.88,2203.25,2207.74
2024-03-21 16:00:00,2207.74,2208.15,2191.61,2191.95
2024-03-21 17:00:00,2191.94,2191.97,2175.66,2176.68
2024-03-21 18:00:00,2176.66,2176.89,2166.46,2174.71
2024-03-21 19:00:00,2174.71,2180.35,2173.06,2179.94
2024-03-21 20:00:00,2179.94,2183.78,2178.63,2180.9
2024-03-21 21:00:00,2180.9,2184.06,2180.49,2182.89
2024-03-21 22:00:00,2182.9,2183.7,2180.34,2181.49
2024-03-21 23:00:00,2181.49,2182.51,2180.56,2181.34
2024-03-22 01:00:00,2182.08,2182.58,2181.04,2181.26
2024-03-22 02:00:00,2181.26,2181.89,2180.93,2181.78
2024-03-22 03:00:00,2181.78,2186.12,2181.01,2185.03
2024-03-22 04:00:00,2185.03,2185.95,2172.71,2173.46
2024-03-22 05:00:00,2173.46,2177.15,2171.87,2172.6
2024-03-22 06:00:00,2172.6,2176.24,2172.26,2173.76
2024-03-22 07:00:00,2173.76,2175.41,2173.23,2173.61
2024-03-22 08:00:00,2173.61,2175.79,2173.05,2174.27
2024-03-22 09:00:00,2174.27,2176.32,2169.92,2170.11
2024-03-22 10:00:00,2170.11,2170.49,2162.61,2168.48
2024-03-22 11:00:00,2168.47,2169.27,2164.97,2167.99
2024-03-22 12:00:00,2167.99,2170.22,2165.69,2166.67
2024-03-22 13:00:00,2166.67,2168.63,2165.93,2167.24
2024-03-22 14:00:00,2167.24,2168.16,2165.25,2166.11
2024-03-22 15:00:00,2166.11,2176.3,2165.87,2174.55
2024-03-22 16:00:00,2174.58,2180.14,2172.57,2178.11
2024-03-22 17:00:00,2178.12,2179.9,2171.26,2173.98
2024-03-22 18:00:00,2173.98,2173.98,2165.49,2166.15
2024-03-22 19:00:00,2166.15,2167.54,2161.68,2162.6
2024-03-22 20:00:00,2162.64,2164.93,2157.16,2159.21
2024-03-22 21:00:00,2159.21,2164.83,2158.8,2163.11
2024-03-22 22:00:00,2163.11,2165.18,2161.87,2164.02
2024-03-22 23:00:00,2164.04,2167.23,2163.66,2165.57
2024-03-25 01:00:00,2166.31,2167.79,2165.19,2166.55
2024-03-25 02:00:00,2166.55,2168.95,2166.1,2168.41
2024-03-25 03:00:00,2168.41,2169.47,2164.02,2165.54
2024-03-25 04:00:00,2165.54,2176.94,2164.04,2175.21
2024-03-25 05:00:00,2175.23,2178.33,2173.78,2175.14
2024-03-25 06:00:00,2175.14,2175.2,2170.12,2170.59
2024-03-25 07:00:00,2170.59,2171.67,2169.21,2169.45
2024-03-25 08:00:00,2169.45,2171.13,2167.78,2169.84
2024-03-25 09:00:00,2169.83,2170.57,2164.37,2165.53
2024-03-25 10:00:00,2165.53,2168.79,2163.62,2165.87
2024-03-25 11:00:00,2165.9,2169.01,2163.87,2165.72
2024-03-25 12:00:00,2165.72,2168.84,2164.38,2168.45
2024-03-25 13:00:00,2168.44,2171.17,2167.63,2168.46
2024-03-25 14:00:00,2168.45,2171.89,2167.94,2170.52
2024-03-25 15:00:00,2170.52,2177.08,2170.34,2174.54
2024-03-25 16:00:00,2174.54,2181.34,2173.0,2177.2
2024-03-25 17:00:00,2177.2,2180.53,2175.38,2177.81
2024-03-25 18:00:00,2177.83,2177.89,2175.0,2175.47
2024-03-25 19:00:00,2175.47,2177.9,2175.05,2175.83
2024-03-25 20:00:00,2175.83,2176.66,2174.26,2174.74
2024-03-25 21:00:00,2174.73,2174.73,2173.07,2173.27
2024-03-25 22:00:00,2173.27,2173.71,2170.72,2170.99
2024-03-25 23:00:00,2170.99,2172.28,2170.79,2171.7
2024-03-26 01:00:00,2171.63,2173.6,2171.36,2171.98
2024-03-26 02:00:00,2171.98,2173.39,2171.3,2172.96
2024-03-26 03:00:00,2172.96,2174.53,2172.39,2173.92
2024-03-26 04:00:00,2173.92,2174.34,2167.68,2169.51
2024-03-26 05:00:00,2169.49,2171.65,2169.34,2170.77
2024-03-26 06:00:00,2170.77,2172.45,2169.66,2170.36
2024-03-26 07:00:00,2170.36,2172.79,2170.12,2172.36
2024-03-26 08:00:00,2172.36,2173.45,2171.49,2172.99
2024-03-26 09:00:00,2172.99,2174.19,2170.55,2171.51
2024-03-26 10:00:00,2171.51,2174.27,2169.64,2173.04
2024-03-26 11:00:00,2173.04,2179.27,2171.58,2178.28
2024-03-26 12:00:00,2178.28,2195.22,2178.25,2190.91
2024-03-26 13:00:00,2190.91,2200.1,2190.8,2197.75
2024-03-26 14:00:00,2197.75,2199.17,2195.08,2196.5
2024-03-26 15:00:00,2196.5,2197.37,2186.66,2187.96
2024-03-26 16:00:00,2187.96,2192.92,2178.37,2183.08
2024-03-26 17:00:00,2183.08,2186.32,2179.22,2179.4
2024-03-26 18:00:00,2179.4,2181.48,2171.72,2174.29
2024-03-26 19:00:00,2174.31,2178.43,2174.29,2176.82
2024-03-26 20:00:00,2176.82,2179.22,2175.99,2176.81
2024-03-26 21:00:00,2176.81,2178.55,2176.0,2177.67
2024-03-26 22:00:00,2177.67,2178.29,2176.63,2177.94
2024-03-26 23:00:00,2177.94,2178.65,2174.69,2178.65
2024-03-27 01:00:00,2178.67,2179.46,2177.85,2178.48
2024-03-27 02:00:00,2178.48,2179.94,2178.19,2179.55
2024-03-27 03:00:00,2179.55,2180.19,2176.65,2177.44
2024-03-27 04:00:00,2177.42,2180.34,2173.0,2175.17
2024-03-27 05:00:00,2175.17,2177.66,2174.79,2176.04
2024-03-27 06:00:00,2176.04,2181.68,2175.73,2177.76
2024-03-27 07:00:00,2177.76,2180.17,2177.33,2178.42
2024-03-27 08:00:00,2178.42,2178.5,2175.78,2177.02
2024-03-27 09:00:00,2177.02,2180.11,2176.52,2177.7
2024-03-27 10:00:00,2177.7,2180.82,2177.02,2180.59
2024-03-27 11:00:00,2180.59,2182.7,2176.63,2177.42
2024-03-27 12:00:00,2177.4,2193.93,2176.6,2189.29
2024-03-27 13:00:00,2189.29,2194.51,2188.77,2193.82
2024-03-27 14:00:00,2193.79,2197.6,2187.31,2188.49
2024-03-27 15:00:00,2188.49,2189.39,2184.45,2186.14
2024-03-27 16:00:00,2186.14,2193.48,2183.57,2193.4
2024-03-27 17:00:00,2193.4,2195.23,2189.85,2193.52
2024-03-27 18:00:00,2193.52,2194.14,2188.43,2190.49
2024-03-27 19:00:00,2190.49,2192.79,2189.92,2192.51
2024-03-27 20:00:00,2192.5,2194.11,2189.05,2190.41
2024-03-27 21:00:00,2190.41,2192.49,2189.08,2192.49
2024-03-27 22:00:00,2192.49,2194.29,2190.86,2193.43
2024-03-27 23:00:00,2193.43,2195.22,2192.97,2194.87
2024-03-28 01:00:00,2192.96,2193.9,2190.24,2192.49
2024-03-28 02:00:00,2192.48,2192.49,2190.66,2190.71
2024-03-28 03:00:00,2190.71,2190.91,2187.38,2189.09
2024-03-28 04:00:00,2189.09,2190.58,2187.59,2189.42
2024-03-28 05:00:00,2189.42,2196.13,2189.17,2194.89
2024-03-28 06:00:00,2194.89,2196.45,2194.17,2194.83
2024-03-28 07:00:00,2194.85,2196.89,2194.4,2195.69
2024-03-28 08:00:00,2195.69,2200.68,2194.47,2197.27
2024-03-28 09:00:00,2197.27,2198.95,2195.25,2198.7
2024-03-28 10:00:00,2198.7,2198.85,2192.72,2193.79
2024-03-28 11:00:00,2193.79,2197.45,2190.89,2194.79
2024-03-28 12:00:00,2194.78,2197.9,2192.45,2197.84
2024-03-28 13:00:00,2197.84,2213.82,2197.17,2212.25
2024-03-28 14:00:00,2212.25,2213.42,2207.25,2210.44
2024-03-28 15:00:00,2210.44,2216.98,2205.76,2215.7
2024-03-28 16:00:00,2215.69,2217.17,2202.25,2206.7
2024-03-28 17:00:00,2206.68,2215.0,2204.33,2214.39
2024-03-28 18:00:00,2214.39,2216.97,2212.24,2215.97
2024-03-28 19:00:00,2215.97,2225.51,2213.49,2220.35
2024-03-28 20:00:00,2220.37,2223.31,2216.74,2222.0
2024-03-28 21:00:00,2222.0,2222.42,2218.36,2220.49
2024-03-28 22:00:00,2220.49,2222.29,2217.99,2221.83
2024-03-28 23:00:00,2221.84,2236.19,2219.62,2232.82
2024-04-01 01:00:00,2239.76,2242.96,2235.97,2236.95
2024-04-01 02:00:00,2236.95,2247.42,2235.68,2246.01
2024-04-01 03:00:00,2246.02,2256.37,2243.99,2250.07
2024-04-01 04:00:00,2250.07,2259.66,2250.07,2255.85
2024-04-01 05:00:00,2255.85,2258.21,2254.98,2257.38
2024-04-01 06:00:00,2257.38,2265.19,2256.61,2264.51
2024-04-01 07:00:00,2264.51,2265.69,2258.14,2260.38
2024-04-01 08:00:00,2260.38,2263.39,2258.01,2261.71
2024-04-01 09:00:00,2261.69,2262.77,2259.02,2260.33
2024-04-01 10:00:00,2260.33,2263.16,2256.96,2257.6
2024-04-01 11:00:00,2257.6,2260.14,2255.86,2257.22
2024-04-01 12:00:00,2257.27,2258.38,2249.31,2251.8
2024-04-01 13:00:00,2251.8,2253.4,2245.63,2247.85
2024-04-01 14:00:00,2247.85,2251.0,2246.49,2246.77
2024-04-01 15:00:00,2246.77,2252.67,2243.64,2252.57
2024-04-01 16:00:00,2252.57,2257.94,2239.32,2246.32
2024-04-01 17:00:00,2246.35,2246.37,2228.51,2235.96
2024-04-01 18:00:00,2235.96,2240.55,2233.76,2239.71
2024-04-01 19:00:00,2239.71,2243.4,2237.14,2238.11
2024-04-01 20:00:00,2238.11,2239.36,2234.74,2239.15
2024-04-01 21:00:00,2239.14,2241.27,2238.12,2239.39
2024-04-01 22:00:00,2239.41,2244.71,2239.12,2244.71
2024-04-01 23:00:00,2244.71,2251.38,2243.05,2251.37
2024-04-02 01:00:00,2249.68,2255.91,2249.58,2253.6
2024-04-02 02:00:00,2253.6,2253.67,2248.66,2249.06
2024-04-02 03:00:00,2249.06,2253.68,2247.86,2250.43
2024-04-02 04:00:00,2250.43,2250.43,2246.76,2249.07
2024-04-02 05:00:00,2249.06,2255.12,2247.84,2254.31
2024-04-02 06:00:00,2254.31,2255.29,2251.23,2251.55
2024-04-02 07:00:00,2251.55,2259.87,2250.53,2256.71
2024-04-02 08:00:00,2256.71,2257.12,2252.31,2253.61
2024-04-02 09:00:00,2253.61,2256.16,2252.4,2255.68
2024-04-02 10:00:00,2255.68,2257.67,2253.2,2256.43
2024-04-02 11:00:00,2256.43,2262.83,2256.15,2261.07
2024-04-02 12:00:00,2261.07,2266.84,2259.67,2260.76
2024-04-02 13:00:00,2260.75,2264.72,2255.23,2262.16
2024-04-02 14:00:00,2262.16,2262.18,2256.01,2260.62
2024-04-02 15:00:00,2260.66,2261.54,2253.39,2257.62
2024-04-02 16:00:00,2257.62,2266.86,2254.62,2265.3
2024-04-02 17:00:00,2265.3,2277.01,2257.36,2260.77
2024-04-02 18:00:00,2260.76,2261.19,2250.8,2258.64
2024-04-02 19:00:00,2258.69,2261.39,2254.15,2260.37
2024-04-02 20:00:00,2260.37,2266.72,2259.53,2265.99
2024-04-02 21:00:00,2265.99,2272.83,2265.49,2271.46
2024-04-02 22:00:00,2271.48,2279.3,2271.04,2277.46
2024-04-02 23:00:00,2277.51,2281.06,2275.75,2280.5
2024-04-03 01:00:00,2281.47,2288.32,2280.44,2281.77
2024-04-03 02:00:00,2281.77,2283.73,2277.9,2279.94
2024-04-03 03:00:00,2279.94,2285.86,2279.29,2283.21
2024-04-03 04:00:00,2283.23,2283.47,2276.77,2282.59
2024-04-03 05:00:00,2282.59,2284.62,2281.61,2283.39
2024-04-03 06:00:00,2283.39,2287.97,2283.16,2285.07
2024-04-03 07:00:00,2285.07,2287.09,2283.68,2283.68
2024-04-03 08:00:00,2283.71,2286.07,2281.0,2286.02
2024-04-03 09:00:00,2286.02,2286.04,2281.05,2282.05
2024-04-03 10:00:00,2282.05,2282.08,2270.48,2271.2
2024-04-03 11:00:00,2271.2,2276.0,2267.73,2273.27
2024-04-03 12:00:00,2273.27,2274.78,2269.7,2272.09
2024-04-03 13:00:00,2272.05,2273.43,2269.99,2272.72
2024-04-03 14:00:00,2272.72,2274.53,2268.86,2273.77
2024-04-03 15:00:00,2273.77,2275.18,2265.45,2274.98
2024-04-03 16:00:00,2274.96,2278.86,2271.7,2274.81
2024-04-03 17:00:00,2274.83,2285.31,2274.16,2282.76
2024-04-03 18:00:00,2282.76,2288.38,2280.66,2286.3
2024-04-03 19:00:00,2286.31,2295.22,2280.79,2294.0
2024-04-03 20:00:00,2293.94,2295.57,2288.91,2295.06
2024-04-03 21:00:00,2295.06,2297.89,2293.91,2296.44
2024-04-03 22:00:00,2296.44,2298.87,2294.64,2297.48
2024-04-03 23:00:00,2297.59,2301.16,2297.3,2299.74
2024-04-04 01:00:00,2300.14,2302.6,2299.33,2301.81
2024-04-04 02:00:00,2301.81,2301.81,2296.35,2297.54
2024-04-04 03:00:00,2297.54,2302.56,2297.28,2302.27
2024-04-04 04:00:00,2302.27,2304.87,2297.58,2301.07
2024-04-04 05:00:00,2301.07,2302.14,2297.84,2299.59
2024-04-04 06:00:00,2299.59,2300.62,2297.64,2299.22
2024-04-04 07:00:00,2299.22,2300.24,2298.31,2298.92
2024-04-04 08:00:00,2298.92,2300.74,2295.05,2295.32
2024-04-04 09:00:00,2295.32,2297.38,2294.81,2295.88
2024-04-04 10:00:00,2295.88,2298.18,2291.92,2293.03
2024-04-04 11:00:00,2293.04,2294.59,2291.13,2291.64
2024-04-04 12:00:00,2291.64,2294.16,2290.85,2293.29
2024-04-04 13:00:00,2293.29,2295.1,2292.57,2294.55
2024-04-04 14:00:00,2294.55,2295.21,2288.8,2289.31
2024-04-04 15:00:00,2289.31,2290.0,2282.78,2288.18
2024-04-04 16:00:00,2288.18,2291.15,2284.93,2287.6
2024-04-04 17:00:00,2287.6,2299.41,2287.18,2295.18
2024-04-04 18:00:00,2295.18,2295.6,2290.33,2292.12
2024-04-04 19:00:00,2292.12,2293.22,2286.48,2286.87
2024-04-04 20:00:00,2286.87,2294.13,2286.43,2294.06
2024-04-04 21:00:00,2294.06,2305.64,2293.01,2304.12
2024-04-04 22:00:00,2304.12,2304.72,2280.05,2285.01
2024-04-04 23:00:00,2284.97,2291.62,2284.86,2290.96
2024-04-05 01:00:00,2291.55,2293.36,2288.37,2289.74
2024-04-05 02:00:00,2289.74,2291.25,2288.7,2288.77
2024-04-05 03:00:00,2288.77,2290.28,2282.89,2283.13
2024-04-05 04:00:00,2283.13,2284.14,2267.77,2271.84
2024-04-05 05:00:00,2271.84,2274.79,2270.87,2273.85
2024-04-05 06:00:00,2273.85,2279.4,2273.61,2276.75
2024-04-05 07:00:00,2276.75,2279.87,2276.59,2278.07
2024-04-05 08:00:00,2278.07,2282.32,2277.39,2279.81
2024-04-05 09:00:00,2279.81,2283.19,2276.61,2279.16
2024-04-05 10:00:00,2279.16,2290.65,2279.13,2289.17
2024-04-05 11:00:00,2289.17,2291.82,2284.88,2288.1
2024-04-05 12:00:00,2288.1,2293.58,2286.69,2291.03
2024-04-05 13:00:00,2291.03,2296.12,2290.76,2293.98
2024-04-05 14:00:00,2293.98,2294.69,2289.85,2291.21
2024-04-05 15:00:00,2291.21,2295.68,2280.33,2290.88
2024-04-05 16:00:00,2290.92,2303.63,2287.04,2299.83
2024-04-05 17:00:00,2299.83,2324.82,2295.95,2317.58
2024-04-05 18:00:00,2317.59,2328.49,2315.29,2326.25
2024-04-05 19:00:00,2326.26,2329.54,2322.21,2327.19
2024-04-05 20:00:00,2327.27,2330.51,2324.55,2326.24
2024-04-05 21:00:00,2326.24,2328.41,2323.65,2325.29
2024-04-05 22:00:00,2325.29,2325.29,2320.72,2323.18
2024-04-05 23:00:00,2323.24,2329.98,2322.85,2328.41
2024-04-08 01:00:00,2327.41,2328.41,2303.9,2307.52
2024-04-08 02:00:00,2307.55,2314.24,2306.08,2311.31
2024-04-08 03:00:00,2311.31,2312.1,2306.12,2306.23
2024-04-08 04:00:00,2306.23,2325.13,2302.95,2324.24
2024-04-08 05:00:00,2324.24,2353.94,2321.77,2348.14
2024-04-08 06:00:00,2348.14,2349.93,2341.05,2345.5
2024-04-08 07:00:00,2345.5,2345.53,2340.05,2342.2
2024-04-08 08:00:00,2342.2,2343.71,2331.92,2334.64
2024-04-08 09:00:00,2334.78,2341.32,2331.83,2336.28
2024-04-08 10:00:00,2336.28,2338.94,2333.77,2337.8
2024-04-08 11:00:00,2337.78,2341.49,2333.37,2336.3
2024-04-08 12:00:00,2336.31,2337.89,2334.25,2337.59
2024-04-08 13:00:00,2337.59,2343.57,2335.21,2340.13
2024-04-08 14:00:00,2340.13,2342.46,2336.55,2337.37
2024-04-08 15:00:00,2337.37,2338.06,2322.71,2329.06
2024-04-08 16:00:00,2329.07,2335.77,2325.65,2327.46
2024-04-08 17:00:00,2327.43,2329.34,2318.7,2328.9
2024-04-08 18:00:00,2328.9,2331.67,2325.69,2327.91
2024-04-08 19:00:00,2327.91,2330.28,2326.07,2328.57
2024-04-08 20:00:00,2328.56,2339.28,2327.65,2338.02
2024-04-08 21:00:00,2338.02,2342.08,2337.07,2338.97
2024-04-08 22:00:00,2338.97,2340.64,2337.16,2338.42
2024-04-08 23:00:00,2338.46,2339.45,2337.94,2339.02
2024-04-09 01:00:00,2337.58,2339.07,2337.16,2338.8
2024-04-09 02:00:00,2338.8,2340.52,2337.7,2338.84
2024-04-09 03:00:00,2338.84,2341.72,2338.62,2340.9
2024-04-09 04:00:00,2340.9,2348.46,2337.83,2340.0
2024-04-09 05:00:00,2340.0,2345.82,2338.48,2345.25
2024-04-09 06:00:00,2345.25,2346.56,2343.16,2344.02
2024-04-09 07:00:00,2344.02,2346.22,2343.14,2344.22
2024-04-09 08:00:00,2344.22,2348.02,2343.96,2345.11
2024-04-09 09:00:00,2345.11,2346.86,2343.14,2344.57
2024-04-09 10:00:00,2344.57,2356.98,2344.43,2353.97
2024-04-09 11:00:00,2353.97,2359.35,2351.51,2357.6
2024-04-09 12:00:00,2357.6,2365.33,2357.23,2363.26
2024-04-09 13:00:00,2363.28,2364.26,2355.91,2356.49
2024-04-09 14:00:00,2356.48,2356.75,2349.6,2354.49
2024-04-09 15:00:00,2354.49,2357.35,2345.79,2349.41
2024-04-09 16:00:00,2349.41,2361.07,2348.16,2355.45
2024-04-09 17:00:00,2355.44,2364.32,2345.25,2352.89
2024-04-09 18:00:00,2352.91,2353.72,2338.31,2340.37
2024-04-09 19:00:00,2340.36,2347.11,2340.09,2345.07
2024-04-09 20:00:00,2345.06,2349.75,2342.01,2347.37
2024-04-09 21:00:00,2347.39,2350.03,2345.61,2349.67
2024-04-09 22:00:00,2349.67,2351.57,2345.29,2351.21
2024-04-09 23:00:00,2351.21,2354.64,2350.71,2352.45
2024-04-10 01:00:00,2352.82,2354.24,2350.48,2352.35
2024-04-10 02:00:00,2352.35,2355.1,2351.57,2354.97
2024-04-10 03:00:00,2354.93,2355.63,2351.0,2351.65
2024-04-10 04:00:00,2351.65,2352.02,2344.74,2349.43
2024-04-10 05:00:00,2349.44,2354.32,2348.94,2352.07
2024-04-10 06:00:00,2352.13,2353.59,2350.75,2351.33
2024-04-10 07:00:00,2351.33,2356.85,2350.9,2356.27
2024-04-10 08:00:00,2356.27,2360.13,2355.8,2357.42
2024-04-10 09:00:00,2357.42,2359.94,2353.96,2356.14
2024-04-10 10:00:00,2356.14,2357.77,2352.57,2353.11
2024-04-10 11:00:00,2353.11,2355.94,2352.43,2354.55
2024-04-10 12:00:00,2354.55,2354.81,2345.02,2347.7
2024-04-10 13:00:00,2347.7,2350.2,2345.31,2347.49
2024-04-10 14:00:00,2347.49,2349.48,2344.83,2347.07
2024-04-10 15:00:00,2347.07,2350.81,2327.9,2338.45
2024-04-10 16:00:00,2338.45,2339.55,2319.33,2334.0
2024-04-10 17:00:00,2334.0,2352.36,2332.29,2346.25
2024-04-10 18:00:00,2346.26,2347.72,2330.13,2337.12
2024-04-10 19:00:00,2337.05,2340.86,2335.9,2337.24
2024-04-10 20:00:00,2337.26,2345.05,2325.8,2337.79
2024-04-10 21:00:00,2337.75,2341.02,2326.24,2327.47
2024-04-10 22:00:00,2327.49,2330.98,2327.21,2329.76
2024-04-10 23:00:00,2329.64,2333.67,2329.63,2333.66
2024-04-11 01:00:00,2334.63,2336.85,2333.51,2336.01
2024-04-11 02:00:00,2336.02,2337.23,2334.21,2335.59
2024-04-11 03:00:00,2335.59,2336.03,2333.38,2335.24
2024-04-11 04:00:00,2335.24,2342.29,2334.07,2340.72
2024-04-11 05:00:00,2340.72,2345.79,2339.53,2343.88
2024-04-11 06:00:00,2343.89,2346.87,2342.98,2343.99
2024-04-11 07:00:00,2343.99,2346.1,2341.54,2342.97
2024-04-11 08:00:00,2342.97,2344.65,2338.96,2341.97
2024-04-11 09:00:00,2341.97,2342.2,2333.91,2336.04
2024-04-11 10:00:00,2336.05,2340.71,2335.25,2336.43
2024-04-11 11:00:00,2336.46,2337.99,2325.82,2328.04
2024-04-11 12:00:00,2328.07,2335.12,2327.95,2330.82
2024-04-11 13:00:00,2330.82,2339.22,2330.73,2338.56
2024-04-11 14:00:00,2338.56,2339.68,2335.61,2337.32
2024-04-11 15:00:00,2337.33,2344.42,2331.78,2341.47
2024-04-11 16:00:00,2341.44,2347.46,2336.91,2343.33
2024-04-11 17:00:00,2343.34,2346.9,2332.36,2338.99
2024-04-11 18:00:00,2339.0,2345.53,2337.64,2344.73
2024-04-11 19:00:00,2344.77,2350.82,2342.75,2349.86
2024-04-11 20:00:00,2349.86,2357.31,2348.04,2356.31
2024-04-11 21:00:00,2356.32,2365.07,2355.78,2361.52
2024-04-11 22:00:00,2361.51,2374.67,2361.45,2372.87
2024-04-11 23:00:00,2372.94,2377.73,2371.46,2372.42
2024-04-12 01:00:00,2373.94,2379.48,2372.04,2373.95
2024-04-12 02:00:00,2373.94,2377.12,2373.87,2376.9
2024-04-12 03:00:00,2376.9,2379.19,2374.63,2378.7
2024-04-12 04:00:00,2378.69,2391.43,2378.69,2390.71
2024-04-12 05:00:00,2390.77,2395.44,2387.93,2390.58
2024-04-12 06:00:00,2390.58,2391.24,2382.97,2384.27
2024-04-12 07:00:00,2384.27,2387.09,2382.82,2384.21
2024-04-12 08:00:00,2384.21,2390.14,2383.42,2387.5
2024-04-12 09:00:00,2387.5,2395.27,2384.72,2395.12
2024-04-12 10:00:00,2395.12,2400.26,2392.87,2399.95
2024-04-12 11:00:00,2399.95,2400.62,2394.2,2396.67
2024-04-12 12:00:00,2396.71,2400.29,2393.35,2398.13
2024-04-12 13:00:00,2398.16,2400.42,2395.97,2398.17
2024-04-12 14:00:00,2398.17,2398.18,2390.45,2395.45
2024-04-12 15:00:00,2395.45,2397.65,2391.6,2395.87
2024-04-12 16:00:00,2395.87,2406.59,2393.51,2404.08
2024-04-12 17:00:00,2404.2,2428.99,2400.37,2426.71
2024-04-12 18:00:00,2426.69,2431.54,2382.37,2395.58
2024-04-12 19:00:00,2395.59,2395.59,2360.86,2369.2
2024-04-12 20:00:00,2369.24,2373.05,2346.43,2355.28
2024-04-12 21:00:00,2355.21,2356.69,2335.43,2338.8
2024-04-12 22:00:00,2338.8,2345.44,2333.85,2343.31
2024-04-12 23:00:00,2343.34,2345.13,2341.77,2344.76
2024-04-15 01:00:00,2359.39,2372.54,2346.84,2356.79
2024-04-15 02:00:00,2356.8,2365.32,2354.95,2364.66
2024-04-15 03:00:00,2364.66,2365.94,2350.63,2353.28
2024-04-15 04:00:00,2353.27,2359.55,2348.43,2355.67
2024-04-15 05:00:00,2355.67,2364.69,2353.58,2359.62
2024-04-15 06:00:00,2359.62,2360.38,2354.77,2358.55
2024-04-15 07:00:00,2358.55,2358.65,2355.62,2356.73
2024-04-15 08:00:00,2356.73,2362.51,2352.03,2361.17
2024-04-15 09:00:00,2361.17,2361.55,2353.18,2354.85
2024-04-15 10:00:00,2354.85,2356.4,2350.02,2353.15
2024-04-15 11:00:00,2353.14,2356.05,2344.84,2351.66
2024-04-15 12:00:00,2351.66,2353.54,2346.34,2349.71
2024-04-15 13:00:00,2349.71,2357.07,2349.24,2356.82
2024-04-15 14:00:00,2356.82,2361.26,2355.56,2358.05
2024-04-15 15:00:00,2358.05,2359.31,2350.93,2357.32
2024-04-15 16:00:00,2357.33,2361.1,2343.17,2348.68
2024-04-15 17:00:00,2348.7,2352.48,2324.37,2349.48
2024-04-15 18:00:00,2349.48,2352.59,2342.69,2351.62
2024-04-15 19:00:00,2351.66,2360.09,2346.2,2357.2
2024-04-15 20:00:00,2357.2,2370.66,2354.1,2365.47
2024-04-15 21:00:00,2365.51,2378.2,2363.76,2375.99
2024-04-15 22:00:00,2375.98,2387.65,2374.04,2386.39
2024-04-15 23:00:00,2386.43,2386.49,2380.12,2383.23
2024-04-16 01:00:00,2382.71,2392.15,2382.71,2384.39
2024-04-16 02:00:00,2384.39,2387.37,2381.14,2382.07
2024-04-16 03:00:00,2381.96,2387.7,2380.16,2383.59
2024-04-16 04:00:00,2383.55,2386.97,2379.31,2383.75
2024-04-16 05:00:00,2383.75,2387.97,2379.56,2386.17
2024-04-16 06:00:00,2386.17,2389.37,2384.51,2388.02
2024-04-16 07:00:00,2388.02,2388.3,2384.09,2386.15
2024-04-16 08:00:00,2386.15,2389.07,2384.96,2386.42
2024-04-16 09:00:00,2386.42,2388.16,2368.76,2372.99
2024-04-16 10:00:00,2372.99,2375.29,2363.05,2365.55
2024-04-16 11:00:00,2365.55,2371.92,2365.16,2369.46
2024-04-16 12:00:00,2369.46,2373.2,2367.57,2372.34
2024-04-16 13:00:00,2372.35,2375.35,2368.74,2370.2
2024-04-16 14:00:00,2370.2,2375.3,2369.74,2374.03
2024-04-16 15:00:00,2374.03,2378.23,2368.54,2376.25
2024-04-16 16:00:00,2376.25,2379.31,2365.35,2366.27
2024-04-16 17:00:00,2366.3,2383.4,2363.57,2382.87
2024-04-16 18:00:00,2382.93,2393.0,2377.97,2386.08
2024-04-16 19:00:00,2386.12,2398.35,2385.58,2397.58
2024-04-16 20:00:00,2397.58,2397.74,2379.79,2384.8
2024-04-16 21:00:00,2384.77,2396.47,2383.6,2392.38
2024-04-16 22:00:00,2392.39,2395.25,2389.06,2389.77
2024-04-16 23:00:00,2389.72,2390.39,2378.46,2382.73
2024-04-17 01:00:00,2383.46,2386.93,2382.71,2384.97
2024-04-17 02:00:00,2384.97,2386.89,2382.47,2382.73
2024-04-17 03:00:00,2382.73,2384.75,2380.82,2384.45
2024-04-17 04:00:00,2384.49,2385.57,2381.3,2384.66
2024-04-17 05:00:00,2384.66,2386.27,2382.3,2382.37
2024-04-17 06:00:00,2382.37,2383.75,2380.69,2381.73
2024-04-17 07:00:00,2381.72,2383.1,2380.36,2381.96
2024-04-17 08:00:00,2381.96,2382.11,2374.24,2377.61
2024-04-17 09:00:00,2377.62,2381.58,2372.7,2381.06
2024-04-17 10:00:00,2381.06,2383.24,2377.96,2382.56
2024-04-17 11:00:00,2382.56,2393.63,2382.55,2393.0
2024-04-17 12:00:00,2393.0,2394.35,2389.84,2392.14
2024-04-17 13:00:00,2392.14,2393.85,2385.04,2386.63
2024-04-17 14:00:00,2386.63,2390.3,2385.84,2387.38
2024-04-17 15:00:00,2387.42,2388.04,2378.41,2383.37
2024-04-17 16:00:00,2383.35,2395.17,2383.01,2393.39
2024-04-17 17:00:00,2393.39,2395.61,2386.17,2390.52
2024-04-17 18:00:00,2390.53,2393.63,2382.03,2382.24
2024-04-17 19:00:00,2382.22,2384.49,2361.1,2372.43
2024-04-17 20:00:00,2372.43,2376.05,2368.14,2372.24
2024-04-17 21:00:00,2372.24,2379.15,2371.92,2374.42
2024-04-17 22:00:00,2374.42,2375.12,2367.88,2372.67
2024-04-17 23:00:00,2372.67,2373.25,2354.42,2361.15
2024-04-18 01:00:00,2365.28,2367.71,2364.06,2365.25
2024-04-18 02:00:00,2365.25,2368.14,2363.7,2367.88
2024-04-18 03:00:00,2367.86,2370.1,2366.92,2369.78
2024-04-18 04:00:00,2369.78,2372.06,2364.05,2367.32
2024-04-18 05:00:00,2367.31,2374.97,2366.72,2373.11
2024-04-18 06:00:00,2373.11,2375.36,2372.37,2374.89
2024-04-18 07:00:00,2374.89,2376.55,2373.16,2375.17
2024-04-18 08:00:00,2375.17,2377.16,2373.86,2376.79
2024-04-18 09:00:00,2376.79,2380.9,2376.32,2380.65
2024-04-18 10:00:00,2380.68,2380.99,2375.02,2377.92
2024-04-18 11:00:00,2377.92,2380.79,2377.45,2380.01
2024-04-18 12:00:00,2380.01,2380.85,2377.79,2379.63
2024-04-18 13:00:00,2379.64,2384.02,2377.28,2383.08
2024-04-18 14:00:00,2383.08,2385.41,2379.02,2380.97
2024-04-18 15:00:00,2380.97,2387.54,2380.65,2385.52
2024-04-18 16:00:00,2385.52,2392.88,2375.45,2379.78
2024-04-18 17:00:00,2379.78,2384.9,2369.63,2379.99
2024-04-18 18:00:00,2380.0,2385.48,2378.64,2384.17
2024-04-18 19:00:00,2384.17,2388.82,2381.58,2388.02
2024-04-18 20:00:00,2388.02,2389.37,2382.3,2384.88
2024-04-18 21:00:00,2384.88,2384.88,2379.59,2381.68
2024-04-18 22:00:00,2381.68,2385.19,2378.15,2380.3
2024-04-18 23:00:00,2380.26,2380.53,2376.83,2378.94
2024-04-19 01:00:00,2379.53,2380.55,2378.94,2379.16
2024-04-19 02:00:00,2379.16,2381.52,2379.09,2379.9
2024-04-19 03:00:00,2379.9,2379.9,2373.79,2379.55
2024-04-19 04:00:00,2379.55,2417.9,2378.82,2409.32
2024-04-19 05:00:00,2409.5,2414.81,2395.48,2400.46
2024-04-19 06:00:00,2400.47,2402.54,2382.94,2391.36
2024-04-19 07:00:00,2391.36,2391.44,2379.45,2383.59
2024-04-19 08:00:00,2383.59,2384.43,2380.31,2381.31
2024-04-19 09:00:00,2381.31,2391.88,2378.67,2390.14
2024-04-19 10:00:00,2390.11,2393.91,2384.74,2385.37
2024-04-19 11:00:00,2385.37,2386.39,2378.01,2384.36
2024-04-19 12:00:00,2384.37,2386.17,2379.97,2381.03
2024-04-19 13:00:00,2381.03,2383.19,2379.45,2381.13
2024-04-19 14:00:00,2381.11,2381.32,2372.87,2376.81
2024-04-19 15:00:00,2376.85,2384.47,2374.56,2381.53
2024-04-19 16:00:00,2381.53,2386.89,2373.07,2378.62
2024-04-19 17:00:00,2378.66,2391.95,2378.65,2391.18
2024-04-19 18:00:00,2391.18,2396.08,2389.35,2394.85
2024-04-19 19:00:00,2394.85,2399.73,2389.89,2399.69
2024-04-19 20:00:00,2399.69,2401.99,2392.4,2393.69
2024-04-19 21:00:00,2393.69,2398.18,2392.82,2398.18
2024-04-19 22:00:00,2398.18,2398.27,2386.67,2387.6
2024-04-19 23:00:00,2387.6,2391.24,2386.71,2390.57
2024-04-22 01:00:00,2384.1,2388.47,2381.73,2383.77
2024-04-22 02:00:00,2383.77,2387.84,2383.17,2386.52
2024-04-22 03:00:00,2386.52,2386.58,2381.15,2382.17
2024-04-22 04:00:00,2382.17,2384.33,2376.09,2378.11
2024-04-22 05:00:00,2378.11,2378.15,2372.67,2372.74
2024-04-22 06:00:00,2372.74,2372.76,2362.05,2369.36
2024-04-22 07:00:00,2369.36,2372.94,2368.76,2369.7
2024-04-22 08:00:00,2369.7,2370.52,2360.93,2365.55
2024-04-22 09:00:00,2365.55,2367.07,2351.6,2355.93
2024-04-22 10:00:00,2355.93,2361.16,2354.96,2361.07
2024-04-22 11:00:00,2361.07,2363.14,2358.0,2359.66
2024-04-22 12:00:00,2359.66,2363.69,2359.17,2361.29
2024-04-22 13:00:00,2361.27,2361.5,2356.17,2357.75
2024-04-22 14:00:00,2357.75,2357.75,2339.44,2342.2
2024-04-22 15:00:00,2342.23,2350.35,2333.0,2336.81
2024-04-22 16:00:00,2336.82,2343.81,2331.23,2338.53
2024-04-22 17:00:00,2338.57,2343.84,2333.06,2341.26
2024-04-22 18:00:00,2341.26,2341.85,2332.74,2334.79
2024-04-22 19:00:00,2334.79,2336.5,2329.0,2329.88
2024-04-22 20:00:00,2329.88,2334.86,2329.62,2330.01
2024-04-22 21:00:00,2330.01,2331.03,2324.57,2327.63
2024-04-22 22:00:00,2327.63,2331.7,2327.41,2329.36
2024-04-22 23:00:00,2329.36,2330.23,2325.33,2327.08
2024-04-23 01:00:00,2330.25,2331.44,2326.92,2330.46
2024-04-23 02:00:00,2330.47,2333.93,2328.1,2333.78
2024-04-23 03:00:00,2333.78,2333.85,2330.17,2332.7
2024-04-23 04:00:00,2332.7,2334.47,2295.6,2298.99
2024-04-23 05:00:00,2298.99,2314.33,2298.38,2301.96
2024-04-23 06:00:00,2301.96,2307.23,2300.95,2302.58
2024-04-23 07:00:00,2302.58,2308.33,2301.78,2305.53
2024-04-23 08:00:00,2305.53,2314.71,2304.34,2308.3
2024-04-23 09:00:00,2308.3,2310.09,2298.9,2302.02
2024-04-23 10:00:00,2302.01,2311.32,2301.24,2309.07
2024-04-23 11:00:00,2309.07,2309.78,2301.92,2303.31
2024-04-23 12:00:00,2303.35,2303.45,2291.35,2295.71
2024-04-23 13:00:00,2295.71,2306.26,2295.46,2303.27
2024-04-23 14:00:00,2303.27,2303.27,2299.78,2302.13
2024-04-23 15:00:00,2302.13,2313.59,2301.23,2311.87
2024-04-23 16:00:00,2311.87,2330.78,2309.52,2329.41
2024-04-23 17:00:00,2329.41,2332.13,2314.58,2320.38
2024-04-23 18:00:00,2320.43,2324.56,2315.31,2323.24
2024-04-23 19:00:00,2323.24,2331.13,2321.74,2330.39
2024-04-23 20:00:00,2330.39,2331.39,2325.12,2326.36
2024-04-23 21:00:00,2326.36,2329.78,2323.68,2324.3
2024-04-23 22:00:00,2324.3,2325.11,2321.31,2322.34
2024-04-23 23:00:00,2322.36,2323.32,2321.45,2322.15
2024-04-24 01:00:00,2322.08,2323.12,2321.39,2321.85
2024-04-24 02:00:00,2321.88,2324.33,2321.87,2323.3
2024-04-24 03:00:00,2323.3,2323.62,2320.8,2320.95
2024-04-24 04:00:00,2320.95,2323.15,2316.25,2318.3
2024-04-24 05:00:00,2318.3,2322.23,2315.82,2321.64
2024-04-24 06:00:00,2321.64,2328.12,2320.86,2327.91
2024-04-24 07:00:00,2327.91,2330.07,2325.17,2326.7
2024-04-24 08:00:00,2326.7,2329.87,2324.53,2328.88
2024-04-24 09:00:00,2328.88,2331.25,2324.32,2326.87
2024-04-24 10:00:00,2326.87,2326.87,2320.74,2320.74
2024-04-24 11:00:00,2320.75,2321.99,2316.17,2319.23
2024-04-24 12:00:00,2319.23,2319.36,2311.82,2315.03
2024-04-24 13:00:00,2315.03,2318.59,2314.36,2316.81
2024-04-24 14:00:00,2316.81,2317.07,2313.25,2316.21
2024-04-24 15:00:00,2316.21,2323.54,2312.16,2323.29
2024-04-24 16:00:00,2323.29,2326.14,2316.15,2321.33
2024-04-24 17:00:00,2321.33,2330.43,2316.93,2329.71
2024-04-24 18:00:00,2329.75,2337.32,2322.61,2322.61
2024-04-24 19:00:00,2322.61,2326.47,2321.88,2325.15
2024-04-24 20:00:00,2325.13,2330.51,2321.81,2324.43
2024-04-24 21:00:00,2324.43,2324.74,2318.67,2320.52
2024-04-24 22:00:00,2320.52,2322.47,2317.82,2318.99
2024-04-24 23:00:00,2319.0,2319.66,2313.67,2315.98
2024-04-25 01:00:00,2317.45,2318.5,2316.67,2318.02
2024-04-25 02:00:00,2318.02,2318.3,2315.45,2316.27
2024-04-25 03:00:00,2316.27,2319.42,2315.5,2319.21
2024-04-25 04:00:00,2319.21,2320.72,2316.03,2319.24
2024-04-25 05:00:00,2319.23,2322.14,2318.92,2319.89
2024-04-25 06:00:00,2319.89,2320.72,2305.08,2313.27
2024-04-25 07:00:00,2313.27,2315.89,2312.42,2315.37
2024-04-25 08:00:00,2315.37,2320.81,2314.5,2319.59
2024-04-25 09:00:00,2319.59,2323.56,2317.77,2322.77
2024-04-25 10:00:00,2322.77,2326.14,2320.28,2325.69
2024-04-25 11:00:00,2325.69,2328.91,2324.92,2326.94
2024-04-25 12:00:00,2326.94,2327.66,2324.15,2324.95
2024-04-25 13:00:00,2324.95,2328.76,2324.28,2328.19
2024-04-25 14:00:00,2328.19,2330.65,2326.72,2328.58
2024-04-25 15:00:00,2328.58,2334.8,2323.23,2330.72
2024-04-25 16:00:00,2330.77,2331.24,2312.84,2319.03
2024-04-25 17:00:00,2319.01,2344.9,2317.0,2333.94
2024-04-25 18:00:00,2333.86,2336.74,2326.95,2330.48
2024-04-25 19:00:00,2330.46,2332.43,2323.17,2328.8
2024-04-25 20:00:00,2328.81,2332.29,2326.3,2332.24
2024-04-25 21:00:00,2332.25,2335.08,2330.71,2333.11
2024-04-25 22:00:00,2333.06,2336.49,2331.57,2332.99
2024-04-25 23:00:00,2332.98,2333.78,2330.94,2332.43
2024-04-26 01:00:00,2332.48,2333.4,2331.62,2332.62
2024-04-26 02:00:00,2332.62,2332.66,2330.12,2330.63
2024-04-26 03:00:00,2330.63,2331.45,2328.77,2329.93
2024-04-26 04:00:00,2329.93,2333.22,2326.29,2332.16
2024-04-26 05:00:00,2332.15,2336.3,2331.14,2333.96
2024-04-26 06:00:00,2333.96,2334.99,2332.24,2334.73
2024-04-26 07:00:00,2334.73,2338.1,2333.54,2335.88
2024-04-26 08:00:00,2335.88,2338.57,2333.97,2337.78
2024-04-26 09:00:00,2337.78,2343.15,2337.36,2341.03
2024-04-26 10:00:00,2341.04,2346.91,2338.16,2345.57
2024-04-26 11:00:00,2345.57,2350.25,2344.17,2347.04
2024-04-26 12:00:00,2347.04,2352.59,2346.8,2349.35
2024-04-26 13:00:00,2349.35,2350.4,2345.81,2348.13
2024-04-26 14:00:00,2348.13,2348.63,2343.47,2344.95
2024-04-26 15:00:00,2344.95,2351.6,2340.7,2344.84
2024-04-26 16:00:00,2344.88,2350.44,2336.89,2341.22
2024-04-26 17:00:00,2341.24,2345.3,2328.72,2333.61
2024-04-26 18:00:00,2333.6,2337.7,2331.27,2336.73
2024-04-26 19:00:00,2336.73,2338.93,2333.12,2333.64
2024-04-26 20:00:00,2333.64,2340.4,2332.71,2338.58
2024-04-26 21:00:00,2338.58,2341.46,2337.8,2340.97
2024-04-26 22:00:00,2340.97,2341.01,2336.14,2340.05
2024-04-26 23:00:00,2340.05,2340.15,2336.47,2337.46
2024-04-29 01:00:00,2333.7,2336.17,2332.52,2334.69
2024-04-29 02:00:00,2334.74,2336.86,2334.34,2336.0
2024-04-29 03:00:00,2336.0,2336.35,2330.7,2332.11
2024-04-29 04:00:00,2332.11,2332.11,2319.87,2331.07
2024-04-29 05:00:00,2331.07,2331.56,2324.13,2324.31
2024-04-29 06:00:00,2324.31,2329.43,2323.64,2328.48
2024-04-29 07:00:00,2328.47,2333.27,2327.43,2332.65
2024-04-29 08:00:00,2332.65,2336.56,2329.38,2330.52
2024-04-29 09:00:00,2330.54,2333.59,2327.5,2329.21
2024-04-29 10:00:00,2329.21,2337.88,2329.14,2337.34
2024-04-29 11:00:00,2337.34,2341.36,2336.21,2338.14
2024-04-29 12:00:00,2338.15,2344.41,2336.8,2343.26
2024-04-29 13:00:00,2343.26,2344.17,2340.01,2341.28
2024-04-29 14:00:00,2341.28,2342.96,2335.39,2337.08
2024-04-29 15:00:00,2337.08,2337.56,2328.32,2331.98
2024-04-29 16:00:00,2331.99,2336.66,2325.63,2334.07
2024-04-29 17:00:00,2334.04,2339.58,2333.97,2337.84
2024-04-29 18:00:00,2337.84,2338.95,2332.85,2337.89
2024-04-29 19:00:00,2337.89,2346.79,2337.48,2342.8
2024-04-29 20:00:00,2342.85,2346.66,2339.82,2342.21
2024-04-29 21:00:00,2342.21,2343.91,2337.7,2341.36
2024-04-29 22:00:00,2341.33,2341.33,2333.0,2335.74
2024-04-29 23:00:00,2335.73,2337.18,2335.33,2335.44
2024-04-30 01:00:00,2335.79,2336.28,2334.1,2334.93
2024-04-30 02:00:00,2334.93,2335.01,2332.86,2333.18
2024-04-30 03:00:00,2333.18,2334.81,2331.8,2334.03
2024-04-30 04:00:00,2334.03,2336.22,2332.47,2334.02
2024-04-30 05:00:00,2334.05,2334.51,2326.93,2331.38
2024-04-30 06:00:00,2331.38,2331.73,2328.67,2329.28
2024-04-30 07:00:00,2329.28,2329.55,2325.03,2326.5
2024-04-30 08:00:00,2326.5,2326.87,2321.78,2322.92
2024-04-30 09:00:00,2322.92,2323.58,2318.81,2322.45
2024-04-30 10:00:00,2322.45,2322.66,2315.36,2317.59
2024-04-30 11:00:00,2317.59,2318.48,2310.75,2312.93
2024-04-30 12:00:00,2312.93,2317.4,2312.34,2314.84
2024-04-30 13:00:00,2314.85,2317.96,2314.29,2315.54
2024-04-30 14:00:00,2315.54,2315.56,2309.56,2312.78
2024-04-30 15:00:00,2312.78,2313.49,2304.67,2306.13
2024-04-30 16:00:00,2306.13,2313.32,2302.85,2307.49
2024-04-30 17:00:00,2307.49,2310.59,2293.25,2293.25
2024-04-30 18:00:00,2293.41,2300.51,2293.25,2295.93
2024-04-30 19:00:00,2295.93,2299.36,2294.55,2294.75
2024-04-30 20:00:00,2294.75,2297.28,2291.62,2296.01
2024-04-30 21:00:00,2295.98,2297.54,2289.97,2290.15
2024-04-30 22:00:00,2290.14,2294.89,2289.36,2290.84
2024-04-30 23:00:00,2290.76,2293.55,2285.14,2286.15
2024-05-01 01:00:00,2287.94,2291.84,2287.34,2291.31
2024-05-01 02:00:00,2291.33,2293.23,2289.99,2291.35
2024-05-01 03:00:00,2291.35,2292.83,2285.81,2286.9
2024-05-01 04:00:00,2286.9,2289.52,2286.04,2288.01
2024-05-01 05:00:00,2288.01,2288.68,2286.78,2288.0
2024-05-01 06:00:00,2288.0,2288.38,2283.07,2284.15
2024-05-01 07:00:00,2284.15,2285.48,2281.67,2283.25
2024-05-01 08:00:00,2283.25,2288.52,2282.58,2287.52
2024-05-01 09:00:00,2287.52,2289.76,2286.47,2286.89
2024-05-01 10:00:00,2286.89,2288.02,2283.49,2285.89
2024-05-01 11:00:00,2285.9,2286.86,2283.8,2286.33
2024-05-01 12:00:00,2286.33,2293.12,2285.79,2291.93
2024-05-01 13:00:00,2291.93,2294.29,2289.17,2293.17
2024-05-01 14:00:00,2293.17,2297.1,2291.46,2294.6
2024-05-01 15:00:00,2294.6,2300.0,2294.19,2298.31
2024-05-01 16:00:00,2298.31,2303.47,2295.21,2302.66
2024-05-01 17:00:00,2302.66,2310.46,2297.45,2304.54
2024-05-01 18:00:00,2304.52,2310.48,2302.57,2307.3
2024-05-01 19:00:00,2307.31,2307.37,2301.89,2303.77
2024-05-01 20:00:00,2303.78,2305.06,2297.63,2299.79
2024-05-01 21:00:00,2299.69,2328.34,2295.58,2325.35
2024-05-01 22:00:00,2325.35,2327.93,2309.76,2309.76
2024-05-01 23:00:00,2309.82,2320.59,2307.08,2319.36
2024-05-02 01:00:00,2320.15,2323.13,2319.42,2320.93
2024-05-02 02:00:00,2320.93,2324.78,2320.72,2323.76
2024-05-02 03:00:00,2323.76,2325.97,2322.97,2324.47
2024-05-02 04:00:00,2324.47,2326.5,2321.81,2324.17
2024-05-02 05:00:00,2324.17,2325.6,2318.74,2320.26
2024-05-02 06:00:00,2320.26,2320.62,2317.34,2319.55
2024-05-02 07:00:00,2319.55,2320.99,2318.13,2318.24
2024-05-02 08:00:00,2318.24,2318.47,2313.05,2315.01
2024-05-02 09:00:00,2315.01,2319.12,2312.6,2313.65
2024-05-02 10:00:00,2313.65,2315.11,2308.16,2309.24
2024-05-02 11:00:00,2309.24,2311.07,2303.16,2304.15
2024-05-02 12:00:00,2304.15,2305.39,2298.87,2301.89
2024-05-02 13:00:00,2301.89,2301.89,2295.18,2299.36
2024-05-02 14:00:00,2299.36,2302.94,2297.55,2299.0
2024-05-02 15:00:00,2299.01,2304.5,2293.56,2294.52
2024-05-02 16:00:00,2294.52,2295.67,2285.48,2291.55
2024-05-02 17:00:00,2291.55,2304.91,2287.72,2304.04
2024-05-02 18:00:00,2304.06,2306.91,2297.33,2299.97
2024-05-02 19:00:00,2299.96,2303.84,2297.95,2299.6
2024-05-02 20:00:00,2299.61,2308.56,2299.32,2308.07
2024-05-02 21:00:00,2308.07,2309.49,2305.1,2308.04
2024-05-02 22:00:00,2308.05,2308.08,2301.63,2302.98
2024-05-02 23:00:00,2302.98,2304.02,2300.74,2303.69
2024-05-03 01:00:00,2305.13,2305.65,2303.77,2303.94
2024-05-03 02:00:00,2303.94,2304.58,2302.45,2304.22
2024-05-03 03:00:00,2304.22,2304.79,2300.42,2304.02
2024-05-03 04:00:00,2304.02,2306.38,2301.89,2302.61
2024-05-03 05:00:00,2302.61,2303.05,2299.93,2301.12
2024-05-03 06:00:00,2301.11,2302.44,2300.57,2302.44
2024-05-03 07:00:00,2302.44,2308.1,2302.17,2307.43
2024-05-03 08:00:00,2307.43,2308.79,2305.81,2306.1
2024-05-03 09:00:00,2306.1,2306.42,2298.3,2298.48
2024-05-03 10:00:00,2298.48,2301.46,2297.78,2299.27
2024-05-03 11:00:00,2299.27,2302.67,2298.36,2301.38
2024-05-03 12:00:00,2301.38,2303.18,2299.47,2301.57
2024-05-03 13:00:00,2301.57,2301.73,2297.99,2299.16
2024-05-03 14:00:00,2299.16,2299.92,2296.34,2298.33
2024-05-03 15:00:00,2298.33,2320.68,2294.68,2304.81
2024-05-03 16:00:00,2304.81,2308.95,2277.23,2289.8
2024-05-03 17:00:00,2289.8,2302.54,2283.26,2291.22
2024-05-03 18:00:00,2291.23,2299.08,2289.68,2293.75
2024-05-03 19:00:00,2293.77,2300.25,2292.86,2299.32
2024-05-03 20:00:00,2299.37,2303.18,2296.44,2302.07
2024-05-03 21:00:00,2302.07,2302.97,2297.47,2299.34
2024-05-03 22:00:00,2299.34,2301.55,2296.09,2301.43
2024-05-03 23:00:00,2301.43,2303.44,2300.73,2301.97
2024-05-06 01:00:00,2302.12,2303.24,2300.84,2301.86
2024-05-06 02:00:00,2301.87,2302.97,2293.29,2294.0
2024-05-06 03:00:00,2294.0,2297.92,2291.83,2296.06
2024-05-06 04:00:00,2296.06,2309.17,2296.02,2308.39
2024-05-06 05:00:00,2308.39,2315.38,2307.58,2311.11
2024-05-06 06:00:00,2311.17,2311.98,2308.37,2309.38
2024-05-06 07:00:00,2309.38,2311.82,2308.21,2309.21
2024-05-06 08:00:00,2309.21,2313.94,2308.74,2313.52
2024-05-06 09:00:00,2313.51,2314.88,2311.82,2314.19
2024-05-06 10:00:00,2314.19,2324.28,2312.43,2322.85
2024-05-06 11:00:00,2322.81,2323.17,2317.26,2318.28
2024-05-06 12:00:00,2318.32,2322.08,2315.65,2321.21
2024-05-06 13:00:00,2321.19,2322.06,2318.78,2319.37
2024-05-06 14:00:00,2319.37,2322.57,2315.98,2318.26
2024-05-06 15:00:00,2318.26,2330.17,2314.61,2323.37
2024-05-06 16:00:00,2323.37,2332.03,2321.62,2328.01
2024-05-06 17:00:00,2327.98,2330.61,2319.04,2321.13
2024-05-06 18:00:00,2321.13,2325.54,2319.55,2324.86
2024-05-06 19:00:00,2324.86,2327.5,2317.96,2325.64
2024-05-06 20:00:00,2325.64,2326.27,2321.05,2324.71
2024-05-06 21:00:00,2324.71,2326.57,2324.39,2326.34
2024-05-06 22:00:00,2326.34,2327.21,2323.6,2325.04
2024-05-06 23:00:00,2325.03,2328.8,2323.72,2323.96
2024-05-07 01:00:00,2325.35,2326.97,2324.8,2326.76
2024-05-07 02:00:00,2326.76,2327.01,2322.29,2326.07
2024-05-07 03:00:00,2326.07,2329.55,2325.59,2329.33
2024-05-07 04:00:00,2329.33,2329.98,2322.49,2322.84
2024-05-07 05:00:00,2322.82,2324.37,2319.67,2321.56
2024-05-07 06:00:00,2321.56,2325.15,2321.19,2324.96
2024-05-07 07:00:00,2324.96,2325.13,2321.35,2322.68
2024-05-07 08:00:00,2322.68,2323.31,2320.27,2321.63
2024-05-07 09:00:00,2321.6,2321.6,2318.38,2320.5
2024-05-07 10:00:00,2320.5,2322.01,2317.79,2319.35
2024-05-07 11:00:00,2319.37,2319.94,2311.79,2315.78
2024-05-07 12:00:00,2315.78,2317.28,2312.75,2313.82
2024-05-07 13:00:00,2313.82,2315.95,2312.2,2315.41
2024-05-07 14:00:00,2315.41,2316.58,2312.15,2312.41
2024-05-07 15:00:00,2312.41,2317.4,2310.02,2316.11
2024-05-07 16:00:00,2316.11,2323.77,2315.37,2318.51
2024-05-07 17:00:00,2318.51,2322.44,2312.49,2314.26
2024-05-07 18:00:00,2314.26,2319.16,2312.81,2314.82
2024-05-07 19:00:00,2314.82,2316.19,2312.41,2312.5
2024-05-07 20:00:00,2312.5,2317.47,2311.12,2314.34
2024-05-07 21:00:00,2314.24,2315.37,2313.05,2314.57
2024-05-07 22:00:00,2314.57,2315.64,2311.85,2314.71
2024-05-07 23:00:00,2314.72,2315.59,2312.78,2313.97
2024-05-08 01:00:00,2315.12,2316.82,2314.51,2314.54
2024-05-08 02:00:00,2314.54,2316.37,2314.22,2315.13
2024-05-08 03:00:00,2315.2,2316.32,2313.89,2314.21
2024-05-08 04:00:00,2314.22,2314.47,2307.11,2307.78
2024-05-08 05:00:00,2307.78,2317.48,2307.38,2317.16
2024-05-08 06:00:00,2317.16,2318.21,2315.41,2317.09
2024-05-08 07:00:00,2317.09,2319.33,2316.88,2319.28
2024-05-08 08:00:00,2319.28,2321.44,2317.69,2317.74
2024-05-08 09:00:00,2317.74,2318.94,2313.66,2314.7
2024-05-08 10:00:00,2314.7,2314.95,2305.45,2305.83
2024-05-08 11:00:00,2305.74,2309.35,2303.67,2307.34
2024-05-08 12:00:00,2307.35,2311.46,2307.03,2310.83
2024-05-08 13:00:00,2310.83,2317.14,2310.72,2315.53
2024-05-08 14:00:00,2315.52,2318.11,2312.89,2314.7
2024-05-08 15:00:00,2314.7,2319.06,2313.41,2314.58
2024-05-08 16:00:00,2314.59,2316.24,2306.9,2310.0
2024-05-08 17:00:00,2310.04,2317.8,2309.06,2315.52
2024-05-08 18:00:00,2315.52,2320.37,2312.67,2320.34
2024-05-08 19:00:00,2320.38,2321.08,2315.88,2317.04
2024-05-08 20:00:00,2317.04,2317.57,2313.72,2313.86
2024-05-08 21:00:00,2313.86,2313.92,2311.4,2312.69
2024-05-08 22:00:00,2312.69,2312.8,2308.05,2308.21
2024-05-08 23:00:00,2308.2,2309.61,2307.92,2308.81
2024-05-09 01:00:00,2310.11,2310.89,2308.89,2309.72
2024-05-09 02:00:00,2309.72,2310.0,2308.03,2308.85
2024-05-09 03:00:00,2308.85,2310.61,2307.9,2309.34
2024-05-09 04:00:00,2309.34,2312.3,2308.81,2309.96
2024-05-09 05:00:00,2309.96,2311.7,2307.92,2310.37
2024-05-09 06:00:00,2310.37,2313.1,2309.42,2312.37
2024-05-09 07:00:00,2312.36,2315.3,2311.92,2314.51
2024-05-09 08:00:00,2314.51,2319.8,2314.45,2316.68
2024-05-09 09:00:00,2316.68,2317.09,2313.79,2314.32
2024-05-09 10:00:00,2314.32,2315.04,2307.62,2309.4
2024-05-09 11:00:00,2309.4,2313.41,2309.06,2310.42
2024-05-09 12:00:00,2310.42,2312.01,2306.59,2307.65
2024-05-09 13:00:00,2307.65,2312.92,2307.33,2311.83
2024-05-09 14:00:00,2311.84,2316.72,2311.06,2315.96
2024-05-09 15:00:00,2315.96,2329.31,2314.61,2326.75
2024-05-09 16:00:00,2326.75,2326.75,2312.2,2324.39
2024-05-09 17:00:00,2324.38,2338.75,2323.38,2333.42
2024-05-09 18:00:00,2333.43,2337.67,2328.25,2330.44
2024-05-09 19:00:00,2330.44,2334.03,2329.56,2329.74
2024-05-09 20:00:00,2329.74,2335.07,2329.31,2334.89
2024-05-09 21:00:00,2334.89,2337.72,2333.92,2337.6
2024-05-09 22:00:00,2337.6,2344.01,2335.63,2343.83
2024-05-09 23:00:00,2343.83,2347.27,2343.25,2345.98
2024-05-10 01:00:00,2345.86,2347.86,2345.22,2346.41
2024-05-10 02:00:00,2346.4,2348.41,2345.9,2346.58
2024-05-10 03:00:00,2346.58,2349.01,2346.05,2347.58
2024-05-10 04:00:00,2347.58,2355.88,2347.47,2350.35
2024-05-10 05:00:00,2350.35,2351.84,2347.19,2349.49
2024-05-10 06:00:00,2349.49,2354.06,2349.18,2353.41
2024-05-10 07:00:00,2353.41,2354.59,2351.25,2354.0
2024-05-10 08:00:00,2354.0,2358.85,2353.8,2357.22
2024-05-10 09:00:00,2357.22,2369.14,2356.04,2368.53
2024-05-10 10:00:00,2368.53,2370.42,2364.85,2366.69
2024-05-10 11:00:00,2366.69,2372.18,2365.94,2369.65
2024-05-10 12:00:00,2369.65,2375.4,2369.65,2372.56
2024-05-10 13:00:00,2372.55,2378.47,2371.69,2374.77
2024-05-10 14:00:00,2374.8,2375.72,2371.14,2372.25
2024-05-10 15:00:00,2372.22,2375.71,2361.85,2364.83
2024-05-10 16:00:00,2364.83,2372.05,2360.22,2367.23
2024-05-10 17:00:00,2367.23,2373.02,2357.84,2360.75
2024-05-10 18:00:00,2360.73,2366.39,2356.59,2364.87
2024-05-10 19:00:00,2364.89,2370.03,2361.73,2368.32
2024-05-10 20:00:00,2368.32,2370.07,2366.9,2369.65
2024-05-10 21:00:00,2369.68,2371.0,2366.69,2367.33
2024-05-10 22:00:00,2367.33,2367.51,2362.2,2363.39
2024-05-10 23:00:00,2363.39,2365.05,2359.75,2360.95
2024-05-13 01:00:00,2361.53,2363.21,2360.08,2361.54
2024-05-13 02:00:00,2361.54,2362.57,2359.75,2360.43
2024-05-13 03:00:00,2360.43,2364.52,2359.89,2364.03
2024-05-13 04:00:00,2364.03,2364.17,2354.85,2359.23
2024-05-13 05:00:00,2359.23,2359.91,2357.65,2359.05
2024-05-13 06:00:00,2359.05,2359.46,2356.31,2357.12
2024-05-13 07:00:00,2357.12,2357.12,2354.14,2354.35
2024-05-13 08:00:00,2354.35,2355.13,2351.3,2352.65
2024-05-13 09:00:00,2352.65,2354.45,2347.44,2349.67
2024-05-13 10:00:00,2349.67,2351.3,2346.6,2348.64
2024-05-13 11:00:00,2348.64,2350.41,2341.65,2343.3
2024-05-13 12:00:00,2343.34,2344.4,2339.13,2340.2
2024-05-13 13:00:00,2340.2,2344.13,2339.3,2343.37
2024-05-13 14:00:00,2343.37,2346.69,2338.48,2344.64
2024-05-13 15:00:00,2344.64,2349.85,2343.72,2347.09
2024-05-13 16:00:00,2347.09,2349.4,2340.36,2344.15
2024-05-13 17:00:00,2344.15,2346.06,2340.76,2343.76
2024-05-13 18:00:00,2343.76,2343.79,2332.1,2335.99
2024-05-13 19:00:00,2335.99,2337.92,2334.77,2336.81
2024-05-13 20:00:00,2336.81,2338.27,2334.49,2335.96
2024-05-13 21:00:00,2335.96,2338.04,2335.82,2337.35
2024-05-13 22:00:00,2337.36,2338.53,2335.88,2337.38
2024-05-13 23:00:00,2337.38,2337.49,2335.27,2336.33
2024-05-14 01:00:00,2337.37,2338.5,2336.98,2337.61
2024-05-14 02:00:00,2337.64,2339.32,2337.53,2338.4
2024-05-14 03:00:00,2338.4,2339.77,2334.89,2336.44
2024-05-14 04:00:00,2336.44,2342.16,2336.4,2342.06
2024-05-14 05:00:00,2342.06,2344.49,2340.11,2340.49
2024-05-14 06:00:00,2340.49,2343.66,2339.98,2343.23
2024-05-14 07:00:00,2343.23,2344.9,2342.58,2344.06
2024-05-14 08:00:00,2344.06,2345.96,2342.66,2344.8
2024-05-14 09:00:00,2344.8,2345.26,2336.86,2338.23
2024-05-14 10:00:00,2338.23,2339.8,2336.1,2339.22
2024-05-14 11:00:00,2339.22,2343.96,2337.82,2343.83
2024-05-14 12:00:00,2343.83,2348.27,2343.69,2345.88
2024-05-14 13:00:00,2345.88,2347.56,2342.66,2345.76
2024-05-14 14:00:00,2345.76,2346.34,2342.48,2343.58
2024-05-14 15:00:00,2343.62,2350.29,2336.46,2348.24
2024-05-14 16:00:00,2348.25,2355.0,2344.94,2353.95
2024-05-14 17:00:00,2353.94,2357.08,2348.1,2353.09
2024-05-14 18:00:00,2353.09,2353.91,2347.28,2347.94
2024-05-14 19:00:00,2347.92,2355.57,2346.45,2354.25
2024-05-14 20:00:00,2354.25,2356.6,2352.04,2355.94
2024-05-14 21:00:00,2355.94,2359.69,2355.78,2357.69
2024-05-14 22:00:00,2357.69,2358.03,2355.1,2356.62
2024-05-14 23:00:00,2356.62,2358.41,2356.15,2357.89
2024-05-15 01:00:00,2357.11,2357.68,2356.29,2357.57
2024-05-15 02:00:00,2357.58,2357.58,2355.15,2355.88
2024-05-15 03:00:00,2355.88,2356.97,2354.97,2355.88
2024-05-15 04:00:00,2355.88,2359.05,2354.94,2357.48
2024-05-15 05:00:00,2357.49,2359.15,2356.6,2358.69
2024-05-15 06:00:00,2358.69,2360.96,2357.72,2360.34
2024-05-15 07:00:00,2360.34,2360.84,2356.19,2357.04
2024-05-15 08:00:00,2357.05,2359.12,2355.74,2358.57
2024-05-15 09:00:00,2358.57,2359.75,2356.89,2358.82
2024-05-15 10:00:00,2358.82,2364.86,2358.51,2362.51
2024-05-15 11:00:00,2362.5,2374.32,2362.43,2373.18
2024-05-15 12:00:00,2373.18,2374.27,2368.23,2369.28
2024-05-15 13:00:00,2369.28,2370.89,2365.31,2365.92
2024-05-15 14:00:00,2365.92,2366.75,2362.11,2362.76
2024-05-15 15:00:00,2362.76,2378.82,2358.21,2372.59
2024-05-15 16:00:00,2372.59,2375.55,2351.86,2357.12
2024-05-15 17:00:00,2359.0,2373.81,2358.53,2373.77
2024-05-15 18:00:00,2373.81,2385.8,2373.1,2377.58
2024-05-15 19:00:00,2377.6,2386.71,2377.1,2383.72
2024-05-15 20:00:00,2383.72,2390.25,2383.68,2389.24
2024-05-15 21:00:00,2389.25,2389.44,2383.64,2385.48
2024-05-15 22:00:00,2385.47,2387.57,2383.85,2386.42
2024-05-15 23:00:00,2386.42,2388.53,2385.6,2385.88
2024-05-16 01:00:00,2387.76,2389.48,2386.98,2389.1
2024-05-16 02:00:00,2389.1,2391.91,2388.92,2391.81
2024-05-16 03:00:00,2391.81,2395.22,2390.27,2395.01
2024-05-16 04:00:00,2395.01,2397.39,2389.62,2391.58
2024-05-16 05:00:00,2391.58,2391.83,2386.61,2387.52
2024-05-16 06:00:00,2387.52,2390.79,2386.58,2388.73
2024-05-16 07:00:00,2388.71,2392.17,2387.1,2391.34
2024-05-16 08:00:00,2391.34,2394.52,2390.23,2390.24
2024-05-16 09:00:00,2390.24,2390.45,2386.52,2387.13
2024-05-16 10:00:00,2387.13,2391.19,2384.75,2389.34
2024-05-16 11:00:00,2389.33,2391.44,2385.43,2386.07
2024-05-16 12:00:00,2386.07,2387.79,2383.69,2385.44
2024-05-16 13:00:00,2385.44,2385.69,2380.89,2384.89
2024-05-16 14:00:00,2384.89,2386.63,2381.52,2384.61
2024-05-16 15:00:00,2384.61,2386.29,2378.0,2379.19
2024-05-16 16:00:00,2379.19,2382.23,2371.76,2375.15
2024-05-16 17:00:00,2375.15,2379.08,2371.0,2373.34
2024-05-16 18:00:00,2373.34,2382.38,2373.16,2381.57
2024-05-16 19:00:00,2381.57,2383.8,2379.2,2381.97
2024-05-16 20:00:00,2381.97,2382.48,2379.86,2381.49
2024-05-16 21:00:00,2381.49,2382.08,2378.44,2379.69
2024-05-16 22:00:00,2379.72,2381.88,2377.85,2378.17
2024-05-16 23:00:00,2378.17,2378.46,2375.92,2376.69
2024-05-17 01:00:00,2378.01,2379.42,2377.65,2378.47
2024-05-17 02:00:00,2378.45,2379.73,2377.82,2377.83
2024-05-17 03:00:00,2377.83,2379.65,2377.52,2378.03
2024-05-17 04:00:00,2378.03,2378.88,2376.13,2378.18
2024-05-17 05:00:00,2378.18,2381.21,2373.98,2375.18
2024-05-17 06:00:00,2375.18,2377.86,2374.7,2377.85
2024-05-17 07:00:00,2377.85,2379.1,2376.61,2378.86
2024-05-17 08:00:00,2378.87,2382.38,2378.57,2381.34
2024-05-17 09:00:00,2381.34,2386.69,2380.92,2385.95
2024-05-17 10:00:00,2386.0,2387.82,2382.93,2383.86
2024-05-17 11:00:00,2383.86,2385.56,2381.39,2384.25
2024-05-17 12:00:00,2384.25,2386.62,2381.68,2382.55
2024-05-17 13:00:00,2382.55,2387.58,2381.84,2387.4
2024-05-17 14:00:00,2387.4,2390.16,2385.85,2389.82
2024-05-17 15:00:00,2389.82,2394.09,2386.93,2393.28
2024-05-17 16:00:00,2393.3,2405.19,2393.3,2401.69
2024-05-17 17:00:00,2401.67,2415.55,2398.75,2413.47
2024-05-17 18:00:00,2413.46,2419.15,2403.33,2407.83
2024-05-17 19:00:00,2407.83,2414.22,2407.79,2407.84
2024-05-17 20:00:00,2407.84,2414.4,2405.78,2414.28
2024-05-17 21:00:00,2414.27,2419.23,2413.33,2417.46
2024-05-17 22:00:00,2417.46,2417.86,2411.55,2416.45
2024-05-17 23:00:00,2416.45,2422.72,2414.2,2414.49
2024-05-20 01:00:00,2425.23,2425.23,2416.82,2417.81
2024-05-20 02:00:00,2417.8,2420.57,2417.2,2420.27
2024-05-20 03:00:00,2420.27,2426.51,2416.54,2425.41
2024-05-20 04:00:00,2425.41,2440.63,2425.41,2434.67
2024-05-20 05:00:00,2434.74,2437.07,2428.82,2434.05
2024-05-20 06:00:00,2434.05,2438.91,2430.93,2437.63
2024-05-20 07:00:00,2437.63,2439.67,2435.2,2437.3
2024-05-20 08:00:00,2437.31,2450.04,2437.03,2449.55
2024-05-20 09:00:00,2449.55,2449.73,2431.93,2438.76
2024-05-20 10:00:00,2438.76,2443.69,2435.6,2442.3
2024-05-20 11:00:00,2442.3,2443.68,2436.94,2440.11
2024-05-20 12:00:00,2440.14,2447.23,2438.74,2441.7
2024-05-20 13:00:00,2441.7,2443.04,2434.58,2436.32
2024-05-20 14:00:00,2436.31,2437.21,2427.66,2430.72
2024-05-20 15:00:00,2430.72,2430.93,2407.36,2413.91
2024-05-20 16:00:00,2413.77,2422.72,2410.41,2420.12
2024-05-20 17:00:00,2420.22,2423.63,2414.78,2423.06
2024-05-20 18:00:00,2423.06,2427.03,2419.49,2424.96
2024-05-20 19:00:00,2424.96,2428.13,2422.52,2426.59
2024-05-20 20:00:00,2426.59,2436.8,2425.7,2435.39
2024-05-20 21:00:00,2435.38,2437.37,2431.9,2435.26
2024-05-20 22:00:00,2435.27,2435.39,2426.08,2426.67
2024-05-20 23:00:00,2426.73,2428.09,2423.37,2426.29
2024-05-21 01:00:00,2427.19,2430.58,2426.47,2427.37
2024-05-21 02:00:00,2427.37,2428.61,2425.22,2426.23
2024-05-21 03:00:00,2426.23,2429.91,2424.37,2428.91
2024-05-21 04:00:00,2428.91,2433.11,2419.59,2420.44
2024-05-21 05:00:00,2420.44,2422.6,2411.52,2413.96
2024-05-21 06:00:00,2413.96,2417.2,2406.26,2413.77
2024-05-21 07:00:00,2413.77,2415.9,2410.7,2412.47
2024-05-21 08:00:00,2412.47,2417.98,2412.21,2416.52
2024-05-21 09:00:00,2416.52,2417.43,2409.65,2410.68
2024-05-21 10:00:00,2410.68,2422.19,2408.64,2419.28
2024-05-21 11:00:00,2419.28,2419.99,2414.38,2418.76
2024-05-21 12:00:00,2418.77,2420.27,2412.2,2416.37
2024-05-21 13:00:00,2416.37,2420.11,2414.97,2419.86
2024-05-21 14:00:00,2419.86,2423.77,2417.33,2423.43
2024-05-21 15:00:00,2423.43,2430.01,2422.4,2426.25
2024-05-21 16:00:00,2426.25,2431.56,2420.41,2427.76
2024-05-21 17:00:00,2427.76,2431.69,2425.34,2429.51
2024-05-21 18:00:00,2429.51,2433.95,2420.09,2423.43
2024-05-21 19:00:00,2423.41,2423.73,2418.05,2422.9
2024-05-21 20:00:00,2422.94,2423.85,2418.57,2419.98
2024-05-21 21:00:00,2419.98,2420.64,2417.37,2420.48
2024-05-21 22:00:00,2420.48,2425.08,2419.99,2423.33
2024-05-21 23:00:00,2423.33,2423.44,2420.4,2420.82
2024-05-22 01:00:00,2421.24,2422.27,2421.11,2422.04
2024-05-22 02:00:00,2422.04,2422.19,2421.26,2421.77
2024-05-22 03:00:00,2421.77,2423.18,2420.41,2420.52
2024-05-22 04:00:00,2420.52,2423.38,2419.32,2422.04
2024-05-22 05:00:00,2422.04,2426.54,2415.98,2417.83
2024-05-22 06:00:00,2417.84,2419.6,2412.53,2414.18
2024-05-22 07:00:00,2414.18,2416.17,2412.17,2412.92
2024-05-22 08:00:00,2412.92,2417.4,2411.56,2417.16
2024-05-22 09:00:00,2417.16,2418.12,2413.74,2417.04
2024-05-22 10:00:00,2417.04,2418.47,2412.31,2417.29
2024-05-22 11:00:00,2417.29,2417.5,2410.62,2416.9
2024-05-22 12:00:00,2416.9,2417.99,2414.43,2417.33
2024-05-22 13:00:00,2417.33,2419.39,2414.28,2414.77
2024-05-22 14:00:00,2414.77,2415.28,2404.83,2408.75
2024-05-22 15:00:00,2408.75,2415.09,2408.7,2412.45
2024-05-22 16:00:00,2412.44,2413.33,2405.81,2411.66
2024-05-22 17:00:00,2411.66,2411.66,2382.23,2388.65
2024-05-22 18:00:00,2388.63,2395.17,2386.64,2392.09
2024-05-22 19:00:00,2392.09,2395.09,2389.45,2391.99
2024-05-22 20:00:00,2391.99,2394.35,2386.78,2388.29
2024-05-22 21:00:00,2388.29,2390.76,2374.92,2377.85
2024-05-22 22:00:00,2377.87,2380.11,2376.84,2379.3
2024-05-22 23:00:00,2379.28,2380.6,2377.45,2378.65
2024-05-23 01:00:00,2380.35,2381.27,2379.11,2380.69
2024-05-23 02:00:00,2380.69,2382.78,2380.45,2382.23
2024-05-23 03:00:00,2382.23,2383.74,2378.95,2380.37
2024-05-23 04:00:00,2380.37,2381.92,2366.72,2373.01
2024-05-23 05:00:00,2373.01,2375.73,2368.15,2369.55
2024-05-23 06:00:00,2369.55,2372.93,2367.92,2372.47
2024-05-23 07:00:00,2372.47,2373.96,2371.52,2372.82
2024-05-23 08:00:00,2372.82,2373.21,2358.37,2359.91
2024-05-23 09:00:00,2359.96,2367.19,2354.98,2364.32
2024-05-23 10:00:00,2364.32,2364.8,2355.1,2356.12
2024-05-23 11:00:00,2356.12,2361.87,2355.16,2360.54
2024-05-23 12:00:00,2360.54,2364.33,2358.91,2364.11
2024-05-23 13:00:00,2364.11,2367.78,2363.58,2366.44
2024-05-23 14:00:00,2366.44,2369.44,2365.67,2368.11
2024-05-23 15:00:00,2368.11,2369.29,2360.76,2362.67
2024-05-23 16:00:00,2362.67,2369.89,2350.63,2358.71
2024-05-23 17:00:00,2358.62,2363.96,2341.57,2345.97
2024-05-23 18:00:00,2346.01,2349.94,2340.37,2346.11
2024-05-23 19:00:00,2346.13,2350.13,2340.04,2341.02
2024-05-23 20:00:00,2341.02,2343.0,2331.97,2332.26
2024-05-23 21:00:00,2332.26,2336.43,2331.88,2334.82
2024-05-23 22:00:00,2334.82,2334.9,2330.99,2331.56
2024-05-23 23:00:00,2331.56,2332.71,2326.97,2328.48
2024-05-24 01:00:00,2329.32,2332.15,2329.26,2331.0
2024-05-24 02:00:00,2331.0,2333.6,2330.54,2332.03
2024-05-24 03:00:00,2332.03,2332.38,2327.56,2329.11
2024-05-24 04:00:00,2329.11,2335.23,2326.8,2333.94
2024-05-24 05:00:00,2333.95,2334.59,2325.42,2330.81
2024-05-24 06:00:00,2330.81,2331.58,2328.47,2330.65
2024-05-24 07:00:00,2330.65,2335.15,2330.49,2335.11
2024-05-24 08:00:00,2335.11,2339.38,2333.2,2338.55
2024-05-24 09:00:00,2338.6,2339.6,2335.28,2338.8
2024-05-24 10:00:00,2338.8,2340.64,2337.02,2337.77
2024-05-24 11:00:00,2337.76,2341.15,2336.11,2340.17
2024-05-24 12:00:00,2340.17,2343.27,2337.59,2337.64
2024-05-24 13:00:00,2337.63,2343.92,2337.0,2340.27
2024-05-24 14:00:00,2340.27,2342.13,2337.79,2338.23
2024-05-24 15:00:00,2338.23,2340.87,2335.42,2339.31
2024-05-24 16:00:00,2339.31,2347.45,2336.8,2337.21
2024-05-24 17:00:00,2337.21,2343.26,2335.54,2338.46
2024-05-24 18:00:00,2338.46,2340.28,2332.38,2334.59
2024-05-24 19:00:00,2334.59,2336.99,2332.85,2334.24
2024-05-24 20:00:00,2334.24,2334.5,2331.97,2332.71
2024-05-24 21:00:00,2332.71,2336.77,2332.56,2334.94
2024-05-24 22:00:00,2334.94,2334.94,2331.89,2333.77
2024-05-24 23:00:00,2333.77,2335.16,2333.76,2333.85
2024-05-27 01:00:00,2336.02,2340.69,2332.14,2340.32
2024-05-27 02:00:00,2340.32,2340.79,2336.62,2337.26
2024-05-27 03:00:00,2337.26,2337.48,2334.46,2336.18
2024-05-27 04:00:00,2336.18,2340.41,2334.63,2339.72
2024-05-27 05:00:00,2339.72,2346.48,2338.77,2346.16
2024-05-27 06:00:00,2346.15,2347.61,2343.69,2346.08
2024-05-27 07:00:00,2346.08,2346.11,2341.02,2343.04
2024-05-27 08:00:00,2343.04,2344.26,2340.3,2343.72
2024-05-27 09:00:00,2343.72,2344.64,2341.28,2341.43
2024-05-27 10:00:00,2341.43,2341.6,2338.17,2338.58
2024-05-27 11:00:00,2338.63,2346.25,2338.21,2344.26
2024-05-27 12:00:00,2344.26,2345.78,2343.05,2343.36
2024-05-27 13:00:00,2343.36,2345.86,2342.46,2344.92
2024-05-27 14:00:00,2344.92,2346.07,2343.22,2345.13
2024-05-27 15:00:00,2345.13,2349.99,2343.71,2347.25
2024-05-27 16:00:00,2347.25,2357.03,2344.67,2354.96
2024-05-27 17:00:00,2354.96,2358.58,2354.11,2354.29
2024-05-27 18:00:00,2354.29,2356.86,2352.21,2352.43
2024-05-27 19:00:00,2352.43,2355.64,2352.14,2355.02
2024-05-27 20:00:00,2355.0,2355.15,2352.39,2355.1
2024-05-27 21:00:00,2355.1,2355.16,2350.71,2351.12
2024-05-28 01:00:00,2352.22,2353.82,2351.48,2352.17
2024-05-28 02:00:00,2352.17,2352.88,2351.11,2352.45
2024-05-28 03:00:00,2352.45,2353.58,2351.27,2351.83
2024-05-28 04:00:00,2351.83,2356.42,2349.19,2354.75
2024-05-28 05:00:00,2354.75,2355.88,2351.62,2354.19
2024-05-28 06:00:00,2354.19,2354.54,2350.27,2350.92
2024-05-28 07:00:00,2350.92,2352.09,2350.5,2351.03
2024-05-28 08:00:00,2351.03,2353.71,2349.64,2350.49
2024-05-28 09:00:00,2350.49,2350.49,2341.43,2341.85
2024-05-28 10:00:00,2341.85,2344.98,2341.79,2344.08
2024-05-28 11:00:00,2344.08,2345.07,2340.28,2344.91
2024-05-28 12:00:00,2344.91,2345.19,2342.33,2343.84
2024-05-28 13:00:00,2343.84,2346.25,2343.23,2345.73
2024-05-28 14:00:00,2345.74,2348.47,2343.59,2347.48
2024-05-28 15:00:00,2347.48,2357.11,2345.97,2353.22
2024-05-28 16:00:00,2353.24,2364.06,2352.33,2354.96
2024-05-28 17:00:00,2354.96,2356.93,2347.97,2355.32
2024-05-28 18:00:00,2355.32,2362.14,2353.04,2360.42
2024-05-28 19:00:00,2360.37,2362.24,2355.31,2356.67
2024-05-28 20:00:00,2356.67,2360.12,2353.24,2356.9
2024-05-28 21:00:00,2356.9,2357.86,2352.8,2357.18
2024-05-28 22:00:00,2357.18,2360.21,2355.81,2358.19
2024-05-28 23:00:00,2358.22,2361.41,2357.87,2361.2
2024-05-29 01:00:00,2361.29,2361.44,2358.07,2359.12
2024-05-29 02:00:00,2359.12,2360.79,2358.12,2359.86
2024-05-29 03:00:00,2359.86,2361.06,2357.35,2357.85
2024-05-29 04:00:00,2357.85,2359.49,2355.73,2356.5
2024-05-29 05:00:00,2356.5,2360.92,2354.47,2355.7
2024-05-29 06:00:00,2355.69,2359.16,2355.38,2358.26
2024-05-29 07:00:00,2358.26,2358.99,2356.92,2358.25
2024-05-29 08:00:00,2358.25,2361.35,2356.47,2356.74
2024-05-29 09:00:00,2356.74,2356.81,2351.13,2355.83
2024-05-29 10:00:00,2355.83,2356.24,2350.1,2350.56
2024-05-29 11:00:00,2350.56,2351.85,2344.92,2345.52
2024-05-29 12:00:00,2345.52,2346.25,2340.9,2345.78
2024-05-29 13:00:00,2345.78,2347.29,2343.09,2346.49
2024-05-29 14:00:00,2346.5,2347.04,2338.63,2341.77
2024-05-29 15:00:00,2341.77,2343.81,2334.53,2337.63
2024-05-29 16:00:00,2337.64,2347.22,2335.94,2345.72
2024-05-29 17:00:00,2345.7,2346.5,2341.49,2343.54
2024-05-29 18:00:00,2343.56,2343.79,2336.78,2339.12
2024-05-29 19:00:00,2339.13,2342.02,2336.09,2342.01
2024-05-29 20:00:00,2341.99,2344.32,2339.42,2343.71
2024-05-29 21:00:00,2343.71,2344.37,2338.06,2338.2
2024-05-29 22:00:00,2338.22,2339.35,2336.42,2336.57
2024-05-29 23:00:00,2336.62,2338.75,2336.07,2338.22
2024-05-30 01:00:00,2338.67,2339.21,2337.27,2337.65
2024-05-30 02:00:00,2337.65,2339.14,2337.62,2338.46
2024-05-30 03:00:00,2338.46,2338.46,2334.03,2336.94
2024-05-30 04:00:00,2336.93,2339.89,2332.88,2334.12
2024-05-30 05:00:00,2334.13,2336.63,2328.06,2330.81
2024-05-30 06:00:00,2330.87,2335.16,2329.16,2334.4
2024-05-30 07:00:00,2334.4,2337.2,2334.04,2335.3
2024-05-30 08:00:00,2335.3,2335.88,2322.67,2325.02
2024-05-30 09:00:00,2325.01,2333.18,2324.05,2333.07
2024-05-30 10:00:00,2333.07,2337.76,2332.31,2334.42
2024-05-30 11:00:00,2334.42,2335.79,2331.95,2335.04
2024-05-30 12:00:00,2335.04,2338.02,2331.72,2333.17
2024-05-30 13:00:00,2333.21,2340.91,2330.63,2340.7
2024-05-30 14:00:00,2340.7,2340.71,2335.27,2335.85
2024-05-30 15:00:00,2335.85,2345.25,2332.0,2341.35
2024-05-30 16:00:00,2341.35,2348.65,2339.79,2348.64
2024-05-30 17:00:00,2348.68,2351.83,2342.75,2344.12
2024-05-30 18:00:00,2344.12,2345.79,2341.78,2343.86
2024-05-30 19:00:00,2343.86,2348.1,2340.93,2347.91
2024-05-30 20:00:00,2347.92,2348.88,2342.9,2344.43
2024-05-30 21:00:00,2344.43,2344.55,2341.34,2342.59
2024-05-30 22:00:00,2342.57,2342.64,2339.94,2341.56
2024-05-30 23:00:00,2341.56,2343.59,2341.56,2343.0
2024-05-31 01:00:00,2343.53,2344.8,2342.12,2344.2
2024-05-31 02:00:00,2344.16,2346.41,2343.13,2344.05
2024-05-31 03:00:00,2344.01,2347.6,2342.59,2346.34
2024-05-31 04:00:00,2346.34,2347.74,2343.12,2346.61
2024-05-31 05:00:00,2346.61,2347.74,2342.34,2342.61
2024-05-31 06:00:00,2342.61,2343.75,2337.04,2343.75
2024-05-31 07:00:00,2343.75,2345.56,2341.06,2344.14
2024-05-31 08:00:00,2344.15,2344.81,2341.7,2342.45
2024-05-31 09:00:00,2342.45,2347.12,2342.01,2345.87
2024-05-31 10:00:00,2345.87,2345.87,2339.94,2340.43
2024-05-31 11:00:00,2340.43,2343.86,2339.73,2343.27
2024-05-31 12:00:00,2343.27,2344.53,2341.03,2342.11
2024-05-31 13:00:00,2342.12,2344.56,2341.56,2344.04
2024-05-31 14:00:00,2344.04,2344.93,2342.65,2343.93
2024-05-31 15:00:00,2343.88,2356.74,2342.49,2354.78
2024-05-31 16:00:00,2354.78,2359.7,2343.57,2348.18
2024-05-31 17:00:00,2348.19,2349.08,2334.17,2335.08
2024-05-31 18:00:00,2335.21,2336.17,2327.77,2330.1
2024-05-31 19:00:00,2330.09,2336.73,2329.76,2332.9
2024-05-31 20:00:00,2332.9,2333.86,2323.98,2326.02
2024-05-31 21:00:00,2326.02,2327.24,2322.38,2322.88
2024-05-31 22:00:00,2322.88,2328.29,2320.59,2327.67
2024-05-31 23:00:00,2327.72,2330.59,2327.18,2327.56
2024-06-03 01:00:00,2328.7,2328.82,2323.29,2326.47
2024-06-03 02:00:00,2326.47,2326.83,2324.04,2325.93
2024-06-03 03:00:00,2325.93,2327.51,2323.97,2327.13
2024-06-03 04:00:00,2327.13,2331.06,2326.16,2330.81
2024-06-03 05:00:00,2330.81,2330.99,2325.61,2326.38
2024-06-03 06:00:00,2326.38,2328.21,2320.94,2321.38
2024-06-03 07:00:00,2321.38,2322.51,2320.05,2321.38
2024-06-03 08:00:00,2321.39,2323.74,2315.32,2320.19
2024-06-03 09:00:00,2320.22,2322.84,2314.77,2322.47
2024-06-03 10:00:00,2322.47,2328.85,2322.24,2326.03
2024-06-03 11:00:00,2326.03,2328.56,2324.77,2325.49
2024-06-03 12:00:00,2325.49,2328.78,2324.34,2327.78
2024-06-03 13:00:00,2327.78,2333.31,2326.24,2330.79
2024-06-03 14:00:00,2330.79,2332.41,2328.96,2329.97
2024-06-03 15:00:00,2329.97,2334.4,2325.7,2334.07
2024-06-03 16:00:00,2334.07,2336.77,2329.84,2333.62
2024-06-03 17:00:00,2333.62,2345.74,2333.44,2341.68
2024-06-03 18:00:00,2341.72,2344.24,2335.49,2342.85
2024-06-03 19:00:00,2342.85,2350.26,2341.38,2349.2
2024-06-03 20:00:00,2349.2,2354.76,2346.18,2348.46
2024-06-03 21:00:00,2348.46,2349.46,2346.51,2348.27
2024-06-03 22:00:00,2348.27,2349.08,2344.76,2347.71
2024-06-03 23:00:00,2347.71,2351.08,2346.99,2350.68
2024-06-04 01:00:00,2351.3,2351.6,2350.16,2350.84
2024-06-04 02:00:00,2350.84,2351.17,2349.79,2350.66
2024-06-04 03:00:00,2350.66,2352.85,2350.16,2350.64
2024-06-04 04:00:00,2350.64,2352.37,2343.18,2347.13
2024-06-04 05:00:00,2347.13,2349.63,2345.67,2346.9
2024-06-04 06:00:00,2346.9,2347.01,2344.13,2345.71
2024-06-04 07:00:00,2345.71,2349.94,2345.07,2349.34
2024-06-04 08:00:00,2349.34,2349.67,2347.31,2347.75
2024-06-04 09:00:00,2347.76,2351.81,2344.29,2344.5
2024-06-04 10:00:00,2344.5,2345.16,2339.18,2339.78
2024-06-04 11:00:00,2339.78,2339.8,2332.31,2333.37
2024-06-04 12:00:00,2333.35,2334.27,2326.87,2329.95
2024-06-04 13:00:00,2329.95,2334.87,2328.91,2329.23
2024-06-04 14:00:00,2329.22,2329.82,2325.39,2328.03
2024-06-04 15:00:00,2328.02,2336.03,2326.73,2335.14
2024-06-04 16:00:00,2335.14,2337.99,2322.14,2324.29
2024-06-04 17:00:00,2324.22,2332.4,2315.64,2317.59
2024-06-04 18:00:00,2317.62,2328.79,2317.44,2326.15
2024-06-04 19:00:00,2326.15,2329.68,2322.54,2323.97
2024-06-04 20:00:00,2323.91,2330.41,2323.75,2328.78
2024-06-04 21:00:00,2328.79,2329.83,2326.13,2328.31
2024-06-04 22:00:00,2328.31,2328.39,2326.05,2327.3
2024-06-04 23:00:00,2327.3,2327.75,2326.05,2326.87
2024-06-05 01:00:00,2328.1,2328.33,2327.61,2327.8
2024-06-05 02:00:00,2327.8,2328.98,2327.59,2328.85
2024-06-05 03:00:00,2328.85,2329.65,2327.73,2328.23
2024-06-05 04:00:00,2328.23,2330.88,2325.92,2330.48
2024-06-05 05:00:00,2330.48,2333.53,2329.97,2333.42
2024-06-05 06:00:00,2333.41,2337.91,2333.08,2337.24
2024-06-05 07:00:00,2337.24,2338.22,2335.87,2338.03
2024-06-05 08:00:00,2338.03,2341.7,2337.39,2337.4
2024-06-05 09:00:00,2337.4,2338.47,2328.12,2332.75
2024-06-05 10:00:00,2332.75,2333.78,2329.19,2331.61
2024-06-05 11:00:00,2331.61,2335.16,2331.36,2332.65
2024-06-05 12:00:00,2332.66,2333.85,2331.08,2332.35
2024-06-05 13:00:00,2332.35,2335.63,2329.54,2333.78
2024-06-05 14:00:00,2333.78,2335.53,2331.06,2332.6
2024-06-05 15:00:00,2332.6,2344.15,2332.24,2342.2
2024-06-05 16:00:00,2342.2,2345.94,2338.17,2345.14
2024-06-05 17:00:00,2345.18,2350.29,2334.04,2349.04
2024-06-05 18:00:00,2349.05,2357.43,2349.05,2353.75
2024-06-05 19:00:00,2353.75,2355.02,2351.37,2352.69
2024-06-05 20:00:00,2352.69,2355.79,2351.72,2355.13
2024-06-05 21:00:00,2355.13,2356.78,2353.52,2355.86
2024-06-05 22:00:00,2355.87,2356.2,2352.67,2354.07
2024-06-05 23:00:00,2354.1,2355.22,2352.88,2355.18
2024-06-06 01:00:00,2355.66,2357.13,2355.14,2356.96
2024-06-06 02:00:00,2356.93,2357.57,2354.84,2355.06
2024-06-06 03:00:00,2355.06,2356.0,2354.58,2355.7
2024-06-06 04:00:00,2355.7,2373.25,2355.59,2367.5
2024-06-06 05:00:00,2367.5,2374.75,2365.15,2374.41
2024-06-06 06:00:00,2374.41,2374.97,2367.63,2368.48
2024-06-06 07:00:00,2368.48,2370.6,2366.93,2369.47
2024-06-06 08:00:00,2369.47,2371.44,2366.39,2367.8
2024-06-06 09:00:00,2367.8,2368.03,2363.17,2367.16
2024-06-06 10:00:00,2367.16,2368.33,2362.18,2362.94
2024-06-06 11:00:00,2362.94,2363.19,2359.84,2362.92
2024-06-06 12:00:00,2362.91,2363.92,2358.59,2361.63
2024-06-06 13:00:00,2361.63,2361.99,2359.54,2361.13
2024-06-06 14:00:00,2361.13,2362.04,2359.23,2359.83
2024-06-06 15:00:00,2359.84,2365.29,2355.3,2357.6
2024-06-06 16:00:00,2357.62,2366.93,2353.46,2360.59
2024-06-06 17:00:00,2360.6,2366.35,2358.49,2364.27
2024-06-06 18:00:00,2364.27,2378.53,2364.1,2374.23
2024-06-06 19:00:00,2374.27,2376.94,2370.39,2372.93
2024-06-06 20:00:00,2372.93,2374.09,2370.71,2373.2
2024-06-06 21:00:00,2373.2,2373.76,2369.01,2372.15
2024-06-06 22:00:00,2372.15,2375.45,2371.27,2372.52
2024-06-06 23:00:00,2372.51,2376.14,2372.33,2375.7
2024-06-07 01:00:00,2376.29,2377.19,2375.58,2377.02
2024-06-07 02:00:00,2377.02,2378.25,2376.34,2376.95
2024-06-07 03:00:00,2376.95,2379.26,2376.12,2378.45
2024-06-07 04:00:00,2378.44,2380.05,2370.19,2371.09
2024-06-07 05:00:00,2371.09,2378.28,2369.41,2376.66
2024-06-07 06:00:00,2376.66,2381.97,2375.15,2380.2
2024-06-07 07:00:00,2380.18,2387.51,2379.28,2386.7
2024-06-07 08:00:00,2386.71,2387.74,2375.04,2376.05
2024-06-07 09:00:00,2376.04,2377.83,2372.97,2375.49
2024-06-07 10:00:00,2375.49,2379.37,2372.82,2373.62
2024-06-07 11:00:00,2373.62,2373.94,2342.85,2347.35
2024-06-07 12:00:00,2347.35,2347.93,2337.45,2339.37
2024-06-07 13:00:00,2339.37,2339.37,2332.07,2333.65
2024-06-07 14:00:00,2333.65,2339.4,2330.94,2336.69
2024-06-07 15:00:00,2336.69,2339.39,2313.53,2319.37
2024-06-07 16:00:00,2319.33,2328.08,2305.0,2309.51
2024-06-07 17:00:00,2309.51,2321.13,2307.68,2313.36
2024-06-07 18:00:00,2313.35,2315.54,2304.51,2305.08
2024-06-07 19:00:00,2305.06,2314.55,2303.08,2311.7
2024-06-07 20:00:00,2311.7,2312.4,2303.76,2305.47
2024-06-07 21:00:00,2305.5,2307.16,2299.96,2301.54
2024-06-07 22:00:00,2301.54,2301.54,2287.7,2288.25
2024-06-07 23:00:00,2288.27,2294.33,2286.79,2292.99
2024-06-10 01:00:00,2289.82,2298.44,2289.82,2297.51
2024-06-10 02:00:00,2297.51,2300.09,2296.57,2298.53
2024-06-10 03:00:00,2298.53,2299.84,2294.18,2297.05
2024-06-10 04:00:00,2297.05,2298.0,2293.97,2297.67
2024-06-10 05:00:00,2297.67,2301.4,2295.54,2296.27
2024-06-10 06:00:00,2296.27,2297.78,2294.9,2295.34
2024-06-10 07:00:00,2295.34,2295.84,2292.79,2294.84
2024-06-10 08:00:00,2294.84,2297.35,2292.15,2295.72
2024-06-10 09:00:00,2295.72,2296.57,2287.79,2291.23
2024-06-10 10:00:00,2291.23,2297.25,2290.54,2296.56
2024-06-10 11:00:00,2296.56,2297.54,2292.49,2292.62
2024-06-10 12:00:00,2292.62,2297.5,2291.88,2295.38
2024-06-10 13:00:00,2295.38,2298.83,2295.31,2298.55
2024-06-10 14:00:00,2298.54,2305.33,2297.97,2305.1
2024-06-10 15:00:00,2305.1,2308.71,2303.25,2306.21
2024-06-10 16:00:00,2306.21,2307.85,2300.45,2305.69
2024-06-10 17:00:00,2305.69,2307.26,2301.88,2302.71
2024-06-10 18:00:00,2302.71,2308.66,2301.38,2307.43
2024-06-10 19:00:00,2307.43,2313.81,2307.08,2312.98
2024-06-10 20:00:00,2312.98,2313.43,2309.12,2311.92
2024-06-10 21:00:00,2311.92,2312.02,2309.97,2310.98
2024-06-10 22:00:00,2310.98,2312.31,2308.66,2308.82
2024-06-10 23:00:00,2308.82,2311.0,2308.54,2310.93
2024-06-11 01:00:00,2310.62,2312.11,2309.72,2309.73
2024-06-11 02:00:00,2309.72,2310.59,2308.82,2309.96
2024-06-11 03:00:00,2309.96,2311.97,2309.14,2310.86
2024-06-11 04:00:00,2310.86,2310.86,2301.7,2302.85
2024-06-11 05:00:00,2302.85,2303.69,2298.83,2301.9
2024-06-11 06:00:00,2301.91,2304.44,2300.78,2303.67
2024-06-11 07:00:00,2303.67,2303.93,2301.46,2303.66
2024-06-11 08:00:00,2303.66,2304.43,2297.73,2299.63
2024-06-11 09:00:00,2299.63,2304.64,2298.75,2302.09
2024-06-11 10:00:00,2302.09,2305.43,2301.69,2304.59
2024-06-11 11:00:00,2304.6,2307.71,2303.26,2306.04
2024-06-11 12:00:00,2306.04,2307.4,2301.59,2306.45
2024-06-11 13:00:00,2306.49,2308.9,2305.3,2307.96
2024-06-11 14:00:00,2307.96,2308.34,2305.54,2307.69
2024-06-11 15:00:00,2307.7,2319.94,2307.62,2317.99
2024-06-11 16:00:00,2317.99,2319.62,2309.3,2314.67
2024-06-11 17:00:00,2314.69,2317.83,2312.46,2314.77
2024-06-11 18:00:00,2314.77,2315.91,2309.98,2310.18
2024-06-11 19:00:00,2310.18,2312.42,2305.93,2308.59
2024-06-11 20:00:00,2308.59,2313.48,2307.91,2312.83
2024-06-11 21:00:00,2312.83,2315.72,2312.17,2313.79
2024-06-11 22:00:00,2313.81,2315.73,2312.55,2315.38
2024-06-11 23:00:00,2315.38,2316.94,2314.8,2316.89
2024-06-12 01:00:00,2316.62,2317.66,2315.15,2316.92
2024-06-12 02:00:00,2316.95,2317.54,2314.02,2315.18
2024-06-12 03:00:00,2315.18,2315.66,2313.49,2313.8
2024-06-12 04:00:00,2313.8,2315.22,2310.84,2314.48
2024-06-12 05:00:00,2314.47,2315.57,2310.7,2313.65
2024-06-12 06:00:00,2313.65,2316.74,2313.64,2314.01
2024-06-12 07:00:00,2314.01,2314.39,2312.52,2312.75
2024-06-12 08:00:00,2312.75,2315.42,2312.46,2315.02
2024-06-12 09:00:00,2315.02,2317.78,2313.83,2314.88
2024-06-12 10:00:00,2314.88,2315.42,2311.19,2314.58
2024-06-12 11:00:00,2314.58,2315.8,2310.86,2312.86
2024-06-12 12:00:00,2312.83,2315.44,2312.23,2314.04
2024-06-12 13:00:00,2314.04,2314.78,2312.29,2313.44
2024-06-12 14:00:00,2313.44,2314.8,2312.25,2312.91
2024-06-12 15:00:00,2312.91,2337.67,2311.62,2336.04
2024-06-12 16:00:00,2336.03,2341.67,2325.01,2329.89
2024-06-12 17:00:00,2329.89,2329.93,2320.12,2325.38
2024-06-12 18:00:00,2325.37,2337.19,2324.72,2335.68
2024-06-12 19:00:00,2335.68,2338.2,2333.2,2337.73
2024-06-12 20:00:00,2337.73,2339.61,2332.85,2334.48
2024-06-12 21:00:00,2334.54,2334.73,2319.49,2322.75
2024-06-12 22:00:00,2322.74,2324.71,2315.87,2321.27
2024-06-12 23:00:00,2321.32,2324.88,2320.3,2324.88
2024-06-13 01:00:00,2324.36,2324.46,2321.73,2321.93
2024-06-13 02:00:00,2321.93,2322.36,2320.3,2320.6
2024-06-13 03:00:00,2320.6,2322.98,2317.69,2320.76
2024-06-13 04:00:00,2320.76,2321.58,2308.14,2312.68
2024-06-13 05:00:00,2312.69,2316.15,2310.69,2314.19
2024-06-13 06:00:00,2314.19,2316.35,2312.63,2314.29
2024-06-13 07:00:00,2314.29,2314.87,2309.37,2311.83
2024-06-13 08:00:00,2311.83,2312.31,2308.98,2311.68
2024-06-13 09:00:00,2311.68,2316.16,2311.23,2315.71
2024-06-13 10:00:00,2315.71,2318.65,2313.34,2317.07
2024-06-13 11:00:00,2317.07,2317.28,2314.0,2315.63
2024-06-13 12:00:00,2315.63,2318.49,2313.46,2315.47
2024-06-13 13:00:00,2315.49,2320.0,2315.32,2316.36
2024-06-13 14:00:00,2316.36,2316.75,2303.96,2307.09
2024-06-13 15:00:00,2307.09,2326.66,2305.61,2323.39
2024-06-13 16:00:00,2323.4,2324.76,2308.37,2310.7
2024-06-13 17:00:00,2310.69,2314.53,2305.75,2313.61
2024-06-13 18:00:00,2313.61,2317.09,2297.8,2298.99
2024-06-13 19:00:00,2299.0,2300.39,2295.52,2299.31
2024-06-13 20:00:00,2299.3,2304.47,2299.11,2301.45
2024-06-13 21:00:00,2301.47,2304.01,2300.12,2303.05
2024-06-13 22:00:00,2303.05,2304.95,2302.77,2303.41
2024-06-13 23:00:00,2303.41,2304.34,2302.96,2303.86
2024-06-14 01:00:00,2303.74,2304.11,2302.96,2302.98
2024-06-14 02:00:00,2302.98,2303.3,2301.75,2302.33
2024-06-14 03:00:00,2302.33,2305.73,2301.54,2304.97
2024-06-14 04:00:00,2304.97,2307.18,2303.14,2306.07
2024-06-14 05:00:00,2306.07,2307.1,2304.23,2306.7
2024-06-14 06:00:00,2306.7,2308.69,2305.0,2305.49
2024-06-14 07:00:00,2305.49,2306.14,2303.56,2305.96
2024-06-14 08:00:00,2305.96,2311.62,2305.59,2309.92
2024-06-14 09:00:00,2309.92,2312.79,2307.47,2312.7
2024-06-14 10:00:00,2312.7,2316.73,2309.4,2315.33
2024-06-14 11:00:00,2315.33,2321.67,2314.83,2317.38
2024-06-14 12:00:00,2317.38,2322.75,2315.28,2322.63
2024-06-14 13:00:00,2322.63,2332.68,2320.98,2330.55
2024-06-14 14:00:00,2330.55,2336.64,2326.05,2332.02
2024-06-14 15:00:00,2332.02,2333.42,2327.25,2330.38
2024-06-14 16:00:00,2330.38,2332.95,2324.19,2330.2
2024-06-14 17:00:00,2330.2,2335.51,2327.97,2330.17
2024-06-14 18:00:00,2330.16,2332.18,2324.1,2326.16
2024-06-14 19:00:00,2326.16,2331.93,2325.46,2328.82
2024-06-14 20:00:00,2328.82,2335.61,2328.53,2334.18
2024-06-14 21:00:00,2334.19,2335.15,2332.26,2334.77
2024-06-14 22:00:00,2334.76,2335.46,2332.2,2332.47
2024-06-14 23:00:00,2332.47,2332.98,2331.0,2332.78
2024-06-17 01:00:00,2331.12,2331.49,2327.62,2328.86
2024-06-17 02:00:00,2328.86,2329.68,2327.44,2328.93
2024-06-17 03:00:00,2328.93,2328.93,2325.27,2326.43
2024-06-17 04:00:00,2326.46,2328.97,2322.8,2326.33
2024-06-17 05:00:00,2326.33,2326.33,2321.55,2322.65
2024-06-17 06:00:00,2322.65,2325.16,2321.69,2324.44
2024-06-17 07:00:00,2324.44,2326.23,2322.72,2323.66
2024-06-17 08:00:00,2323.66,2323.67,2317.88,2318.69
2024-06-17 09:00:00,2318.69,2319.27,2315.52,2317.47
2024-06-17 10:00:00,2317.45,2320.17,2315.63,2317.01
2024-06-17 11:00:00,2317.02,2322.31,2316.44,2321.34
2024-06-17 12:00:00,2321.34,2322.66,2319.27,2320.12
2024-06-17 13:00:00,2320.12,2322.57,2319.63,2320.57
2024-06-17 14:00:00,2320.57,2321.97,2317.68,2318.2
2024-06-17 15:00:00,2318.2,2321.15,2316.84,2319.65
2024-06-17 16:00:00,2319.65,2326.33,2318.79,2321.01
2024-06-17 17:00:00,2320.99,2327.64,2318.36,2324.54
2024-06-17 18:00:00,2324.53,2325.57,2310.02,2312.57
2024-06-17 19:00:00,2312.57,2317.07,2312.57,2316.92
2024-06-17 20:00:00,2316.92,2318.38,2313.3,2316.74
2024-06-17 21:00:00,2316.74,2319.24,2316.23,2317.9
2024-06-17 22:00:00,2317.9,2320.6,2317.89,2320.23
2024-06-17 23:00:00,2320.21,2320.77,2318.49,2319.11
2024-06-18 01:00:00,2320.24,2321.2,2319.79,2321.06
2024-06-18 02:00:00,2321.06,2321.26,2319.24,2320.77
2024-06-18 03:00:00,2320.77,2325.55,2320.77,2324.12
2024-06-18 04:00:00,2324.16,2325.49,2319.32,2322.58
2024-06-18 05:00:00,2322.58,2325.66,2321.64,2324.42
2024-06-18 06:00:00,2324.42,2325.16,2323.21,2324.45
2024-06-18 07:00:00,2324.45,2324.84,2321.93,2322.58
2024-06-18 08:00:00,2322.58,2323.8,2319.44,2322.22
2024-06-18 09:00:00,2322.22,2322.74,2318.84,2320.14
2024-06-18 10:00:00,2320.14,2320.15,2315.05,2315.53
2024-06-18 11:00:00,2315.53,2315.53,2310.57,2311.32
2024-06-18 12:00:00,2311.32,2314.28,2310.93,2311.13
2024-06-18 13:00:00,2311.13,2312.39,2306.62,2308.36
2024-06-18 14:00:00,2308.36,2314.19,2306.76,2313.45
2024-06-18 15:00:00,2313.45,2324.21,2311.49,2313.98
2024-06-18 16:00:00,2313.98,2327.78,2313.73,2326.77
2024-06-18 17:00:00,2326.75,2327.1,2322.22,2323.68
2024-06-18 18:00:00,2323.67,2329.78,2318.78,2326.9
2024-06-18 19:00:00,2326.9,2330.77,2326.51,2330.29
2024-06-18 20:00:00,2330.29,2333.17,2328.34,2329.79
2024-06-18 21:00:00,2329.79,2331.53,2327.49,2331.35
2024-06-18 22:00:00,2331.35,2331.35,2328.53,2329.35
2024-06-18 23:00:00,2329.35,2330.68,2328.9,2329.36
2024-06-19 01:00:00,2328.98,2329.54,2327.52,2328.28
2024-06-19 02:00:00,2328.26,2329.59,2327.99,2328.37
2024-06-19 03:00:00,2328.37,2330.01,2328.03,2329.48
2024-06-19 04:00:00,2329.48,2331.0,2326.51,2330.16
2024-06-19 05:00:00,2330.16,2331.31,2328.91,2330.35
2024-06-19 06:00:00,2330.35,2331.76,2328.02,2328.33
2024-06-19 07:00:00,2328.33,2328.5,2327.28,2328.01
2024-06-19 08:00:00,2328.0,2330.12,2326.89,2329.33
2024-06-19 09:00:00,2329.33,2330.78,2328.46,2330.28
2024-06-19 10:00:00,2330.28,2332.72,2329.83,2331.87
2024-06-19 11:00:00,2331.87,2335.0,2331.87,2332.58
2024-06-19 12:00:00,2332.58,2332.77,2327.72,2328.15
2024-06-19 13:00:00,2328.15,2329.91,2327.45,2327.98
2024-06-19 14:00:00,2327.98,2331.06,2325.88,2330.47
2024-06-19 15:00:00,2330.47,2332.92,2325.3,2328.38
2024-06-19 16:00:00,2328.38,2331.5,2326.82,2328.2
2024-06-19 17:00:00,2328.2,2328.42,2323.79,2326.17
2024-06-19 18:00:00,2326.17,2329.86,2325.28,2329.86
2024-06-19 19:00:00,2329.87,2331.39,2328.91,2329.41
2024-06-19 20:00:00,2329.41,2330.97,2329.24,2330.1
2024-06-19 21:00:00,2330.1,2330.17,2327.45,2328.24
2024-06-20 01:00:00,2330.0,2330.51,2328.95,2330.43
2024-06-20 02:00:00,2330.43,2330.43,2328.72,2329.4
2024-06-20 03:00:00,2329.4,2329.83,2327.78,2329.76
2024-06-20 04:00:00,2329.8,2339.04,2329.78,2336.34
2024-06-20 05:00:00,2336.34,2337.36,2332.85,2333.8
2024-06-20 06:00:00,2333.8,2334.43,2332.41,2333.95
2024-06-20 07:00:00,2333.95,2340.93,2333.82,2340.48
2024-06-20 08:00:00,2340.48,2344.93,2339.82,2340.28
2024-06-20 09:00:00,2340.28,2345.66,2340.25,2344.12
2024-06-20 10:00:00,2344.15,2344.99,2338.53,2338.63
2024-06-20 11:00:00,2338.63,2338.68,2332.68,2333.38
2024-06-20 12:00:00,2333.39,2335.8,2331.67,2334.68
2024-06-20 13:00:00,2334.68,2340.65,2333.52,2339.55
2024-06-20 14:00:00,2339.55,2341.37,2337.81,2339.33
2024-06-20 15:00:00,2339.33,2343.67,2335.4,2338.51
2024-06-20 16:00:00,2338.6,2349.49,2336.68,2349.36
2024-06-20 17:00:00,2349.36,2365.04,2348.94,2364.06
2024-06-20 18:00:00,2364.06,2365.51,2351.38,2353.73
2024-06-20 19:00:00,2353.73,2357.21,2352.87,2356.39
2024-06-20 20:00:00,2356.39,2357.48,2354.67,2357.47
2024-06-20 21:00:00,2357.47,2361.04,2357.33,2358.03
2024-06-20 22:00:00,2358.03,2359.87,2357.72,2358.95
2024-06-20 23:00:00,2358.92,2360.18,2358.21,2360.07
2024-06-21 01:00:00,2359.49,2360.29,2358.17,2359.41
2024-06-21 02:00:00,2359.41,2361.15,2358.9,2360.9
2024-06-21 03:00:00,2360.9,2364.88,2360.88,2364.14
2024-06-21 04:00:00,2364.14,2364.24,2357.1,2359.67
2024-06-21 05:00:00,2359.67,2361.64,2358.19,2359.44
2024-06-21 06:00:00,2359.44,2362.23,2358.8,2362.23
2024-06-21 07:00:00,2362.23,2363.01,2361.08,2362.95
2024-06-21 08:00:00,2362.96,2365.63,2362.27,2364.62
2024-06-21 09:00:00,2364.62,2364.62,2357.98,2358.49
2024-06-21 10:00:00,2358.49,2364.45,2355.16,2363.08
2024-06-21 11:00:00,2363.07,2368.11,2362.74,2365.43
2024-06-21 12:00:00,2365.41,2367.34,2362.92,2363.94
2024-06-21 13:00:00,2363.94,2364.22,2361.39,2363.7
2024-06-21 14:00:00,2363.7,2368.74,2363.54,2366.3
2024-06-21 15:00:00,2366.3,2368.1,2360.48,2360.69
2024-06-21 16:00:00,2360.69,2363.79,2334.82,2340.55
2024-06-21 17:00:00,2340.54,2340.54,2328.64,2329.87
2024-06-21 18:00:00,2329.9,2334.8,2323.3,2327.94
2024-06-21 19:00:00,2327.95,2329.36,2323.72,2324.74
2024-06-21 20:00:00,2324.74,2325.13,2316.75,2319.32
2024-06-21 21:00:00,2319.29,2322.86,2316.76,2322.2
2024-06-21 22:00:00,2322.2,2323.41,2320.49,2322.17
2024-06-21 23:00:00,2322.17,2322.7,2320.79,2321.42
2024-06-24 01:00:00,2320.92,2322.2,2320.33,2321.55
2024-06-24 02:00:00,2321.55,2321.55,2317.72,2319.25
2024-06-24 03:00:00,2319.25,2321.79,2317.97,2320.95
2024-06-24 04:00:00,2320.95,2326.34,2319.03,2323.7
2024-06-24 05:00:00,2323.7,2325.24,2319.65,2324.83
2024-06-24 06:00:00,2324.83,2326.66,2324.37,2325.5
2024-06-24 07:00:00,2325.5,2326.65,2324.16,2324.5
2024-06-24 08:00:00,2324.5,2327.3,2323.67,2325.17
2024-06-24 09:00:00,2325.15,2325.36,2321.35,2323.57
2024-06-24 10:00:00,2323.57,2331.86,2321.89,2330.82
2024-06-24 11:00:00,2330.82,2332.83,2329.25,2330.6
2024-06-24 12:00:00,2330.6,2331.01,2320.69,2325.12
2024-06-24 13:00:00,2325.11,2327.17,2324.52,2325.23
2024-06-24 14:00:00,2325.23,2328.12,2324.19,2326.26
2024-06-24 15:00:00,2326.26,2327.88,2323.37,2327.65
2024-06-24 16:00:00,2327.65,2333.92,2325.97,2328.05
2024-06-24 17:00:00,2328.05,2333.71,2326.94,2330.75
2024-06-24 18:00:00,2330.75,2333.2,2327.55,2327.71
2024-06-24 19:00:00,2327.7,2332.28,2326.91,2331.76
2024-06-24 20:00:00,2331.76,2333.23,2330.65,2332.06
2024-06-24 21:00:00,2332.06,2334.75,2331.96,2333.87
2024-06-24 22:00:00,2333.87,2333.87,2330.99,2331.76
2024-06-24 23:00:00,2331.76,2334.39,2331.75,2334.34
2024-06-25 01:00:00,2333.93,2334.32,2331.75,2331.79
2024-06-25 02:00:00,2331.79,2331.93,2330.25,2330.91
2024-06-25 03:00:00,2330.91,2331.01,2328.27,2330.12
2024-06-25 04:00:00,2330.12,2330.96,2323.23,2325.87
2024-06-25 05:00:00,2325.87,2327.11,2324.55,2326.55
2024-06-25 06:00:00,2326.55,2328.59,2324.03,2324.13
2024-06-25 07:00:00,2324.13,2327.83,2322.74,2327.45
2024-06-25 08:00:00,2327.45,2330.17,2324.54,2325.02
2024-06-25 09:00:00,2325.01,2328.14,2323.51,2327.34
2024-06-25 10:00:00,2327.3,2327.72,2324.08,2324.83
2024-06-25 11:00:00,2324.83,2330.58,2323.04,2329.64
2024-06-25 12:00:00,2329.64,2334.0,2329.3,2333.1
2024-06-25 13:00:00,2333.1,2337.14,2332.67,2335.35
2024-06-25 14:00:00,2335.35,2335.87,2327.51,2330.18
2024-06-25 15:00:00,2330.18,2330.53,2324.07,2324.2
2024-06-25 16:00:00,2324.25,2327.47,2320.29,2325.66
2024-06-25 17:00:00,2325.66,2328.26,2319.5,2327.17
2024-06-25 18:00:00,2327.21,2327.74,2315.62,2324.77
2024-06-25 19:00:00,2324.78,2325.05,2315.51,2317.91
2024-06-25 20:00:00,2317.91,2320.13,2316.85,2319.14
2024-06-25 21:00:00,2319.14,2319.79,2317.05,2319.28
2024-06-25 22:00:00,2319.28,2320.66,2318.82,2319.84
2024-06-25 23:00:00,2319.82,2319.91,2318.01,2319.49
2024-06-26 01:00:00,2319.96,2321.31,2319.03,2320.69
2024-06-26 02:00:00,2320.69,2321.45,2318.67,2320.07
2024-06-26 03:00:00,2320.07,2324.05,2317.76,2318.46
2024-06-26 04:00:00,2318.46,2320.78,2310.53,2312.94
2024-06-26 05:00:00,2312.94,2321.7,2312.41,2319.46
2024-06-26 06:00:00,2319.46,2321.07,2316.7,2317.3
2024-06-26 07:00:00,2317.3,2317.73,2315.15,2316.84
2024-06-26 08:00:00,2316.84,2318.22,2311.87,2312.11
2024-06-26 09:00:00,2312.11,2317.39,2309.69,2317.2
2024-06-26 10:00:00,2317.2,2317.39,2313.0,2316.13
2024-06-26 11:00:00,2316.14,2318.09,2312.95,2315.66
2024-06-26 12:00:00,2315.67,2318.46,2315.67,2316.35
2024-06-26 13:00:00,2316.35,2316.51,2307.76,2308.32
2024-06-26 14:00:00,2308.32,2314.03,2304.44,2313.06
2024-06-26 15:00:00,2313.06,2317.89,2310.16,2310.16
2024-06-26 16:00:00,2310.15,2311.63,2293.66,2296.4
2024-06-26 17:00:00,2296.35,2301.32,2295.43,2297.44
2024-06-26 18:00:00,2297.52,2304.2,2295.96,2300.09
2024-06-26 19:00:00,2300.09,2302.24,2298.52,2299.75
2024-06-26 20:00:00,2299.75,2303.03,2299.41,2301.96
2024-06-26 21:00:00,2301.96,2302.11,2298.61,2299.03
2024-06-26 22:00:00,2299.03,2299.51,2297.0,2298.73
2024-06-26 23:00:00,2298.73,2299.17,2297.26,2298.16
2024-06-27 01:00:00,2298.86,2299.04,2298.22,2298.26
2024-06-27 02:00:00,2298.26,2298.61,2296.86,2298.38
2024-06-27 03:00:00,2298.38,2300.19,2297.99,2299.07
2024-06-27 04:00:00,2299.07,2299.8,2296.85,2297.84
2024-06-27 05:00:00,2297.84,2300.09,2297.83,2299.38
2024-06-27 06:00:00,2299.38,2299.87,2298.03,2299.01
2024-06-27 07:00:00,2299.01,2301.19,2298.75,2300.53
2024-06-27 08:00:00,2300.53,2300.63,2296.85,2297.53
2024-06-27 09:00:00,2297.53,2303.45,2296.52,2301.28
2024-06-27 10:00:00,2301.26,2302.62,2300.02,2302.39
2024-06-27 11:00:00,2302.39,2308.38,2302.1,2307.62
2024-06-27 12:00:00,2307.62,2313.84,2307.39,2312.6
2024-06-27 13:00:00,2312.6,2315.55,2312.32,2315.18
2024-06-27 14:00:00,2315.18,2317.9,2313.44,2317.1
2024-06-27 15:00:00,2317.1,2325.62,2316.09,2322.87
2024-06-27 16:00:00,2322.87,2325.01,2319.53,2323.35
2024-06-27 17:00:00,2323.35,2330.84,2322.67,2329.01
2024-06-27 18:00:00,2329.01,2330.93,2325.1,2327.54
2024-06-27 19:00:00,2327.54,2328.34,2324.04,2325.45
2024-06-27 20:00:00,2325.45,2328.04,2324.34,2325.8
2024-06-27 21:00:00,2325.8,2326.44,2322.49,2326.3
2024-06-27 22:00:00,2326.3,2327.78,2325.69,2326.08
2024-06-27 23:00:00,2326.08,2328.56,2325.52,2327.46
2024-06-28 01:00:00,2326.98,2327.36,2325.89,2326.92
2024-06-28 02:00:00,2326.92,2327.95,2326.48,2327.74
2024-06-28 03:00:00,2327.74,2328.28,2321.47,2321.68
2024-06-28 04:00:00,2321.67,2324.47,2319.08,2320.37
2024-06-28 05:00:00,2320.37,2324.27,2319.87,2323.7
2024-06-28 06:00:00,2323.7,2325.01,2320.78,2321.79
2024-06-28 07:00:00,2321.79,2321.83,2319.8,2321.25
2024-06-28 08:00:00,2321.25,2327.08,2320.99,2325.78
2024-06-28 09:00:00,2325.78,2328.14,2325.12,2327.42
2024-06-28 10:00:00,2327.48,2328.86,2324.83,2327.19
2024-06-28 11:00:00,2327.19,2331.92,2326.52,2328.74
2024-06-28 12:00:00,2328.74,2330.42,2327.32,2330.35
2024-06-28 13:00:00,2330.35,2336.81,2329.46,2335.82
2024-06-28 14:00:00,2335.82,2337.22,2333.38,2333.95
2024-06-28 15:00:00,2333.95,2339.36,2330.86,2335.5
2024-06-28 16:00:00,2335.5,2339.74,2326.81,2330.36
2024-06-28 17:00:00,2330.35,2333.79,2322.94,2326.52
2024-06-28 18:00:00,2326.52,2330.46,2324.18,2328.62
2024-06-28 19:00:00,2328.62,2332.61,2327.8,2330.02
2024-06-28 20:00:00,2330.02,2332.75,2326.51,2326.91
2024-06-28 21:00:00,2326.91,2328.49,2325.38,2325.76
2024-06-28 22:00:00,2325.76,2326.3,2322.99,2325.1
2024-06-28 23:00:00,2325.05,2326.57,2322.85,2326.47
2024-07-01 01:00:00,2323.09,2325.81,2322.8,2324.61
2024-07-01 02:00:00,2324.61,2326.14,2323.16,2324.93
2024-07-01 03:00:00,2324.92,2325.4,2322.2,2324.87
2024-07-01 04:00:00,2324.85,2328.65,2323.53,2327.9
2024-07-01 05:00:00,2327.9,2327.9,2324.5,2326.7
2024-07-01 06:00:00,2326.7,2327.71,2324.47,2324.8
2024-07-01 07:00:00,2324.8,2326.12,2321.46,2323.69
2024-07-01 08:00:00,2323.69,2323.97,2318.54,2321.92
2024-07-01 09:00:00,2321.92,2329.03,2321.35,2326.52
2024-07-01 10:00:00,2326.52,2326.98,2323.7,2323.77
2024-07-01 11:00:00,2323.77,2326.27,2321.93,2325.89
2024-07-01 12:00:00,2325.89,2329.5,2325.5,2327.46
2024-07-01 13:00:00,2327.48,2332.56,2327.48,2332.55
2024-07-01 14:00:00,2332.64,2338.29,2332.18,2338.23
2024-07-01 15:00:00,2338.23,2338.54,2327.19,2327.42
2024-07-01 16:00:00,2327.42,2334.16,2325.48,2326.27
2024-07-01 17:00:00,2326.62,2334.31,2319.31,2324.09
2024-07-01 18:00:00,2324.09,2329.08,2323.12,2327.81
2024-07-01 19:00:00,2327.82,2331.87,2326.7,2328.2
2024-07-01 20:00:00,2328.2,2329.95,2326.78,2329.27
2024-07-01 21:00:00,2329.27,2330.81,2327.07,2329.98
2024-07-01 22:00:00,2329.98,2331.53,2329.01,2331.05
2024-07-01 23:00:00,2331.05,2332.42,2330.92,2331.74
2024-07-02 01:00:00,2331.92,2332.17,2331.49,2331.8
2024-07-02 02:00:00,2331.81,2332.56,2331.7,2332.27
2024-07-02 03:00:00,2332.27,2333.97,2331.81,2333.12
2024-07-02 04:00:00,2333.12,2334.25,2331.19,2334.05
2024-07-02 05:00:00,2334.09,2334.39,2331.25,2332.39
2024-07-02 06:00:00,2332.39,2332.72,2325.82,2326.08
2024-07-02 07:00:00,2326.1,2327.88,2324.94,2327.31
2024-07-02 08:00:00,2327.31,2330.88,2326.35,2329.94
2024-07-02 09:00:00,2329.94,2331.84,2327.64,2330.79
2024-07-02 10:00:00,2330.62,2330.97,2323.34,2330.87
2024-07-02 11:00:00,2330.82,2332.52,2328.45,2331.22
2024-07-02 12:00:00,2331.22,2331.97,2324.15,2324.89
2024-07-02 13:00:00,2324.95,2326.55,2322.91,2324.55
2024-07-02 14:00:00,2324.55,2325.67,2320.06,2320.76
2024-07-02 15:00:00,2320.76,2328.75,2319.07,2327.47
2024-07-02 16:00:00,2327.47,2336.86,2326.13,2334.4
2024-07-02 17:00:00,2334.4,2335.42,2323.06,2326.65
2024-07-02 18:00:00,2326.65,2330.51,2324.17,2324.75
2024-07-02 19:00:00,2324.75,2325.0,2320.99,2322.88
2024-07-02 20:00:00,2322.88,2325.28,2322.1,2324.72
2024-07-02 21:00:00,2324.73,2328.95,2324.58,2328.41
2024-07-02 22:00:00,2328.42,2331.38,2328.19,2330.87
2024-07-02 23:00:00,2330.87,2331.04,2328.75,2329.35
2024-07-03 01:00:00,2330.19,2331.24,2329.83,2330.07
2024-07-03 02:00:00,2330.07,2331.46,2329.74,2330.33
2024-07-03 03:00:00,2330.33,2332.19,2330.28,2330.29
2024-07-03 04:00:00,2330.3,2331.63,2328.46,2329.14
2024-07-03 05:00:00,2329.14,2331.11,2326.95,2328.96
2024-07-03 06:00:00,2328.96,2332.57,2328.13,2331.74
2024-07-03 07:00:00,2331.74,2335.31,2331.74,2334.5
2024-07-03 08:00:00,2334.5,2335.78,2332.0,2333.4
2024-07-03 09:00:00,2333.42,2341.24,2332.99,2340.23
2024-07-03 10:00:00,2340.24,2347.22,2338.92,2345.44
2024-07-03 11:00:00,2345.44,2347.57,2343.11,2344.67
2024-07-03 12:00:00,2344.67,2346.53,2342.2,2346.32
2024-07-03 13:00:00,2346.33,2349.54,2344.59,2347.0
2024-07-03 14:00:00,2346.98,2346.98,2342.47,2345.43
2024-07-03 15:00:00,2345.44,2356.11,2344.98,2350.55
2024-07-03 16:00:00,2350.54,2358.79,2347.62,2355.11
2024-07-03 17:00:00,2355.16,2364.96,2355.16,2362.51
2024-07-03 18:00:00,2362.5,2364.06,2360.0,2363.09
2024-07-03 19:00:00,2363.09,2363.21,2355.17,2356.67
2024-07-03 20:00:00,2356.65,2360.92,2353.89,2356.71
2024-07-03 21:00:00,2356.74,2357.99,2355.26,2356.4
2024-07-03 22:00:00,2356.4,2356.72,2353.72,2354.31
2024-07-03 23:00:00,2354.31,2356.43,2354.27,2356.09
2024-07-04 01:00:00,2356.69,2359.26,2356.09,2358.85
2024-07-04 02:00:00,2358.9,2359.68,2357.73,2358.83
2024-07-04 03:00:00,2358.83,2359.34,2356.53,2358.63
2024-07-04 04:00:00,2358.63,2362.54,2358.33,2362.02
2024-07-04 05:00:00,2362.03,2362.31,2357.49,2359.31
2024-07-04 06:00:00,2359.31,2360.37,2357.22,2358.12
2024-07-04 07:00:00,2358.12,2359.65,2357.68,2358.55
2024-07-04 08:00:00,2358.55,2358.61,2355.57,2356.91
2024-07-04 09:00:00,2356.91,2357.25,2350.54,2356.44
2024-07-04 10:00:00,2356.43,2357.76,2353.69,2357.57
2024-07-04 11:00:00,2357.57,2359.68,2355.56,2358.9
2024-07-04 12:00:00,2358.9,2359.12,2355.74,2357.8
2024-07-04 13:00:00,2357.8,2359.2,2356.46,2358.07
2024-07-04 14:00:00,2358.07,2360.06,2357.6,2358.5
2024-07-04 15:00:00,2358.5,2360.37,2357.01,2357.78
2024-07-04 16:00:00,2357.77,2360.1,2357.3,2359.78
2024-07-04 17:00:00,2359.78,2361.92,2358.07,2358.95
2024-07-04 18:00:00,2358.95,2360.76,2355.5,2357.46
2024-07-04 19:00:00,2357.46,2359.18,2357.0,2357.87
2024-07-04 20:00:00,2357.87,2358.06,2356.21,2356.34
2024-07-04 21:00:00,2356.34,2357.32,2356.18,2356.96
2024-07-05 01:00:00,2356.89,2357.46,2354.28,2357.46
2024-07-05 02:00:00,2357.46,2357.77,2356.43,2356.78
2024-07-05 03:00:00,2356.78,2359.09,2356.09,2358.91
2024-07-05 04:00:00,2358.91,2360.34,2356.91,2358.44
2024-07-05 05:00:00,2358.44,2363.18,2358.16,2360.54
2024-07-05 06:00:00,2360.53,2362.38,2359.59,2361.86
2024-07-05 07:00:00,2361.86,2364.7,2361.41,2363.98
2024-07-05 08:00:00,2363.98,2365.04,2362.64,2364.74
2024-07-05 09:00:00,2364.75,2366.39,2363.63,2364.03
2024-07-05 10:00:00,2364.03,2367.52,2362.27,2365.27
2024-07-05 11:00:00,2365.27,2368.13,2364.66,2366.5
2024-07-05 12:00:00,2366.5,2366.92,2362.05,2362.45
2024-07-05 13:00:00,2362.45,2365.51,2361.9,2365.07
2024-07-05 14:00:00,2365.07,2366.05,2362.35,2365.87
2024-07-05 15:00:00,2365.87,2376.25,2351.62,2372.16
2024-07-05 16:00:00,2372.17,2385.18,2370.7,2383.23
2024-07-05 17:00:00,2383.22,2384.45,2374.53,2380.74
2024-07-05 18:00:00,2380.74,2388.41,2378.55,2384.73
2024-07-05 19:00:00,2384.73,2387.6,2384.03,2386.53
2024-07-05 20:00:00,2386.53,2389.93,2384.64,2385.81
2024-07-05 21:00:00,2385.81,2392.62,2385.19,2391.08
2024-07-05 22:00:00,2391.07,2392.96,2388.15,2388.79
2024-07-05 23:00:00,2388.79,2391.64,2388.24,2391.11
2024-07-08 01:00:00,2389.46,2390.2,2385.0,2385.35
2024-07-08 02:00:00,2385.34,2386.95,2384.8,2386.11
2024-07-08 03:00:00,2386.11,2387.84,2384.58,2386.72
2024-07-08 04:00:00,2386.72,2391.12,2384.26,2386.55
2024-07-08 05:00:00,2386.53,2387.22,2381.45,2382.96
2024-07-08 06:00:00,2382.96,2384.19,2380.79,2382.95
2024-07-08 07:00:00,2382.96,2385.08,2382.09,2384.99
2024-07-08 08:00:00,2384.99,2386.8,2381.62,2382.85
2024-07-08 09:00:00,2382.85,2384.24,2376.81,2377.06
2024-07-08 10:00:00,2377.04,2381.14,2376.71,2377.92
2024-07-08 11:00:00,2377.91,2378.85,2371.93,2372.93
2024-07-08 12:00:00,2372.91,2373.85,2368.35,2370.21
2024-07-08 13:00:00,2370.24,2374.29,2369.72,2374.16
2024-07-08 14:00:00,2374.16,2375.67,2372.55,2375.39
2024-07-08 15:00:00,2375.39,2377.51,2370.36,2372.82
2024-07-08 16:00:00,2372.83,2377.15,2370.33,2375.63
2024-07-08 17:00:00,2375.61,2379.57,2373.26,2373.3
2024-07-08 18:00:00,2373.3,2375.02,2351.07,2355.53
2024-07-08 19:00:00,2355.56,2358.84,2351.08,2358.73
2024-07-08 20:00:00,2358.73,2359.75,2355.63,2357.29
2024-07-08 21:00:00,2357.3,2358.23,2354.9,2356.64
2024-07-08 22:00:00,2356.62,2359.86,2356.15,2359.16
2024-07-08 23:00:00,2359.17,2359.89,2358.0,2359.19
2024-07-09 01:00:00,2358.94,2359.83,2358.85,2359.81
2024-07-09 02:00:00,2359.81,2362.1,2359.81,2361.81
2024-07-09 03:00:00,2361.81,2363.71,2360.82,2361.9
2024-07-09 04:00:00,2361.9,2365.31,2361.39,2363.47
2024-07-09 05:00:00,2363.47,2366.7,2360.53,2364.05
2024-07-09 06:00:00,2364.05,2367.99,2363.37,2367.75
2024-07-09 07:00:00,2367.75,2368.81,2366.43,2367.45
2024-07-09 08:00:00,2367.45,2368.41,2364.21,2364.61
2024-07-09 09:00:00,2364.61,2365.55,2362.78,2364.17
2024-07-09 10:00:00,2364.19,2364.55,2358.39,2359.03
2024-07-09 11:00:00,2359.05,2362.01,2358.31,2361.69
2024-07-09 12:00:00,2361.69,2365.36,2361.62,2364.32
2024-07-09 13:00:00,2364.32,2365.63,2362.18,2363.12
2024-07-09 14:00:00,2363.12,2363.22,2357.58,2360.69
2024-07-09 15:00:00,2360.69,2361.28,2356.14,2360.23
2024-07-09 16:00:00,2360.19,2368.51,2359.55,2367.76
2024-07-09 17:00:00,2367.76,2371.52,2354.13,2354.98
2024-07-09 18:00:00,2354.98,2362.28,2349.47,2362.1
2024-07-09 19:00:00,2362.1,2363.17,2356.56,2357.54
2024-07-09 20:00:00,2357.54,2362.58,2357.53,2361.91
2024-07-09 21:00:00,2361.91,2365.34,2361.12,2364.54
2024-07-09 22:00:00,2364.57,2365.66,2362.98,2363.61
2024-07-09 23:00:00,2363.61,2365.03,2363.59,2363.85
2024-07-10 01:00:00,2363.68,2364.48,2362.82,2364.48
2024-07-10 02:00:00,2364.48,2366.1,2364.47,2365.09
2024-07-10 03:00:00,2365.09,2366.57,2364.53,2364.71
2024-07-10 04:00:00,2364.72,2369.91,2363.33,2368.26
2024-07-10 05:00:00,2368.26,2370.28,2366.91,2369.37
2024-07-10 06:00:00,2369.37,2369.89,2366.48,2368.19
2024-07-10 07:00:00,2368.19,2368.95,2366.65,2367.77
2024-07-10 08:00:00,2367.77,2370.4,2367.4,2368.41
2024-07-10 09:00:00,2368.42,2372.8,2367.21,2371.97
2024-07-10 10:00:00,2371.97,2374.98,2371.47,2372.68
2024-07-10 11:00:00,2372.68,2374.3,2371.5,2372.87
2024-07-10 12:00:00,2372.87,2374.26,2371.73,2371.92
2024-07-10 13:00:00,2371.92,2375.37,2371.78,2372.53
2024-07-10 14:00:00,2372.53,2378.43,2372.48,2378.37
2024-07-10 15:00:00,2378.37,2381.87,2377.29,2377.85
2024-07-10 16:00:00,2377.85,2386.66,2376.35,2383.26
2024-07-10 17:00:00,2383.31,2385.17,2373.99,2374.93
2024-07-10 18:00:00,2374.93,2380.81,2374.12,2378.82
2024-07-10 19:00:00,2378.81,2381.37,2376.7,2377.9
2024-07-10 20:00:00,2377.9,2378.57,2370.47,2373.07
2024-07-10 21:00:00,2373.08,2373.64,2369.97,2372.69
2024-07-10 22:00:00,2372.68,2372.69,2370.63,2371.84
2024-07-10 23:00:00,2371.84,2372.45,2370.91,2371.35
2024-07-11 01:00:00,2372.09,2372.9,2371.26,2372.87
2024-07-11 02:00:00,2372.87,2372.93,2372.31,2372.87
2024-07-11 03:00:00,2372.87,2374.44,2371.49,2374.26
2024-07-11 04:00:00,2374.26,2376.36,2373.07,2375.97
2024-07-11 05:00:00,2375.97,2377.84,2374.38,2377.43
2024-07-11 06:00:00,2377.43,2380.26,2376.9,2378.72
2024-07-11 07:00:00,2378.72,2382.52,2378.66,2382.0
2024-07-11 08:00:00,2382.0,2383.03,2381.22,2382.58
2024-07-11 09:00:00,2382.58,2383.28,2378.52,2381.89
2024-07-11 10:00:00,2381.87,2382.03,2378.86,2379.96
2024-07-11 11:00:00,2379.96,2384.12,2379.6,2381.42
2024-07-11 12:00:00,2381.41,2384.65,2381.41,2384.08
2024-07-11 13:00:00,2384.08,2384.08,2380.51,2382.35
2024-07-11 14:00:00,2382.33,2383.47,2379.08,2380.85
2024-07-11 15:00:00,2380.86,2409.77,2378.26,2406.37
2024-07-11 16:00:00,2406.36,2413.01,2395.89,2406.7
2024-07-11 17:00:00,2406.72,2417.97,2404.34,2417.76
2024-07-11 18:00:00,2417.76,2424.57,2412.5,2417.26
2024-07-11 19:00:00,2417.32,2419.28,2411.63,2411.68
2024-07-11 20:00:00,2411.68,2416.68,2410.05,2413.7
2024-07-11 21:00:00,2413.7,2416.7,2412.93,2416.51
2024-07-11 22:00:00,2416.51,2418.68,2414.1,2414.13
2024-07-11 23:00:00,2414.13,2415.51,2413.2,2415.32
2024-07-12 01:00:00,2413.2,2414.15,2411.18,2414.14
2024-07-12 02:00:00,2414.05,2416.15,2412.02,2416.02
2024-07-12 03:00:00,2416.02,2416.32,2411.07,2412.06
2024-07-12 04:00:00,2412.06,2414.27,2407.08,2407.98
2024-07-12 05:00:00,2408.04,2411.08,2406.69,2409.62
2024-07-12 06:00:00,2409.62,2410.22,2408.57,2408.79
2024-07-12 07:00:00,2408.79,2409.97,2408.22,2408.63
2024-07-12 08:00:00,2408.64,2410.15,2405.46,2408.1
2024-07-12 09:00:00,2408.1,2408.29,2402.18,2404.16
2024-07-12 10:00:00,2404.16,2405.58,2400.38,2404.18
2024-07-12 11:00:00,2404.18,2408.24,2403.83,2407.46
2024-07-12 12:00:00,2407.46,2408.32,2403.19,2404.99
2024-07-12 13:00:00,2404.99,2405.52,2399.87,2400.23
2024-07-12 14:00:00,2400.23,2402.73,2398.36,2401.78
2024-07-12 15:00:00,2401.78,2404.35,2391.49,2397.93
2024-07-12 16:00:00,2397.93,2405.71,2396.85,2403.52
2024-07-12 17:00:00,2403.42,2410.9,2403.42,2409.0
2024-07-12 18:00:00,2409.0,2413.75,2408.09,2411.8
2024-07-12 19:00:00,2411.8,2416.94,2411.78,2415.95
2024-07-12 20:00:00,2415.95,2418.27,2414.53,2417.88
2024-07-12 21:00:00,2417.88,2418.02,2413.9,2414.19
2024-07-12 22:00:00,2414.19,2414.8,2412.26,2412.85
2024-07-12 23:00:00,2412.85,2412.85,2411.29,2411.5
2024-07-15 01:00:00,2411.41,2412.04,2406.92,2407.63
2024-07-15 02:00:00,2407.63,2408.77,2405.7,2408.71
2024-07-15 03:00:00,2408.71,2408.87,2406.28,2408.47
2024-07-15 04:00:00,2408.47,2410.35,2404.98,2410.07
2024-07-15 05:00:00,2410.07,2410.97,2408.18,2409.21
2024-07-15 06:00:00,2409.21,2412.02,2408.66,2411.65
2024-07-15 07:00:00,2411.65,2413.4,2410.7,2411.51
2024-07-15 08:00:00,2411.51,2413.94,2408.0,2408.14
2024-07-15 09:00:00,2408.14,2408.3,2402.06,2403.26
2024-07-15 10:00:00,2403.26,2407.99,2401.37,2407.94
2024-07-15 11:00:00,2407.95,2412.12,2406.95,2412.04
2024-07-15 12:00:00,2412.04,2412.63,2407.75,2410.75
2024-07-15 13:00:00,2410.75,2415.84,2410.73,2414.86
2024-07-15 14:00:00,2414.86,2420.36,2414.61,2418.28
2024-07-15 15:00:00,2418.28,2420.87,2413.54,2414.86
2024-07-15 16:00:00,2414.86,2419.33,2411.52,2419.13
2024-07-15 17:00:00,2419.14,2432.0,2418.2,2431.59
2024-07-15 18:00:00,2431.58,2437.49,2431.44,2433.3
2024-07-15 19:00:00,2433.29,2439.79,2429.56,2430.24
2024-07-15 20:00:00,2430.24,2430.31,2420.51,2421.47
2024-07-15 21:00:00,2421.55,2424.84,2419.79,2422.48
2024-07-15 22:00:00,2422.48,2423.29,2420.28,2421.15
2024-07-15 23:00:00,2421.15,2422.42,2420.72,2422.26
2024-07-16 01:00:00,2422.11,2422.11,2420.94,2421.03
2024-07-16 02:00:00,2421.03,2422.74,2421.02,2422.58
2024-07-16 03:00:00,2422.59,2422.83,2420.0,2421.25
2024-07-16 04:00:00,2421.25,2427.76,2421.25,2427.29
2024-07-16 05:00:00,2427.29,2430.34,2426.11,2430.22
2024-07-16 06:00:00,2430.22,2431.51,2426.65,2428.66
2024-07-16 07:00:00,2428.66,2429.48,2425.12,2429.27
2024-07-16 08:00:00,2429.27,2432.81,2428.18,2431.97
2024-07-16 09:00:00,2431.96,2433.88,2428.17,2433.87
2024-07-16 10:00:00,2433.87,2439.32,2432.64,2437.0
2024-07-16 11:00:00,2437.0,2438.58,2433.66,2436.63
2024-07-16 12:00:00,2436.63,2443.35,2435.14,2442.5
2024-07-16 13:00:00,2442.5,2443.38,2439.76,2440.15
2024-07-16 14:00:00,2440.15,2442.47,2438.16,2439.55
2024-07-16 15:00:00,2439.55,2444.06,2429.44,2432.67
2024-07-16 16:00:00,2432.7,2447.98,2431.01,2442.79
2024-07-16 17:00:00,2442.8,2454.07,2440.56,2452.12
2024-07-16 18:00:00,2452.12,2465.29,2451.97,2463.24
2024-07-16 19:00:00,2463.23,2463.73,2457.91,2459.22
2024-07-16 20:00:00,2459.21,2466.32,2458.74,2464.7
2024-07-16 21:00:00,2464.7,2466.64,2462.51,2465.42
2024-07-16 22:00:00,2465.43,2468.74,2463.23,2468.6
2024-07-16 23:00:00,2468.62,2469.71,2466.88,2468.71
2024-07-17 01:00:00,2467.78,2470.01,2466.26,2469.01
2024-07-17 02:00:00,2469.0,2469.79,2467.48,2468.32
2024-07-17 03:00:00,2468.32,2473.32,2466.2,2468.77
2024-07-17 04:00:00,2468.77,2481.25,2468.62,2479.5
2024-07-17 05:00:00,2479.5,2482.41,2469.73,2474.65
2024-07-17 06:00:00,2474.65,2474.65,2464.03,2471.76
2024-07-17 07:00:00,2471.76,2472.73,2467.72,2467.82
2024-07-17 08:00:00,2467.82,2471.03,2465.44,2465.5
2024-07-17 09:00:00,2465.49,2467.58,2461.82,2466.42
2024-07-17 10:00:00,2466.44,2474.4,2464.2,2474.22
2024-07-17 11:00:00,2474.22,2478.93,2471.54,2475.0
2024-07-17 12:00:00,2475.0,2475.48,2469.85,2475.17
2024-07-17 13:00:00,2475.17,2476.41,2466.71,2467.89
2024-07-17 14:00:00,2467.89,2473.36,2467.32,2470.09
2024-07-17 15:00:00,2470.09,2475.45,2468.76,2473.48
2024-07-17 16:00:00,2473.48,2483.48,2471.35,2483.03
2024-07-17 17:00:00,2483.03,2483.66,2461.17,2463.76
2024-07-17 18:00:00,2463.76,2465.99,2458.03,2463.54
2024-07-17 19:00:00,2463.53,2465.1,2452.87,2455.66
2024-07-17 20:00:00,2455.67,2459.33,2451.88,2452.6
2024-07-17 21:00:00,2452.6,2458.22,2451.58,2458.01
2024-07-17 22:00:00,2458.01,2460.42,2457.08,2458.08
2024-07-17 23:00:00,2458.1,2459.48,2457.27,2458.69
2024-07-18 01:00:00,2458.62,2459.48,2458.01,2459.23
2024-07-18 02:00:00,2459.26,2461.91,2459.16,2461.36
2024-07-18 03:00:00,2461.36,2461.5,2457.41,2458.88
2024-07-18 04:00:00,2458.88,2464.15,2457.63,2462.45
2024-07-18 05:00:00,2462.45,2466.01,2460.36,2465.63
2024-07-18 06:00:00,2465.63,2468.98,2465.29,2468.03
2024-07-18 07:00:00,2468.03,2468.26,2465.12,2465.31
2024-07-18 08:00:00,2465.32,2469.93,2464.99,2466.97
2024-07-18 09:00:00,2466.97,2472.17,2464.65,2471.5
2024-07-18 10:00:00,2471.5,2474.93,2470.84,2471.97
2024-07-18 11:00:00,2471.97,2473.7,2465.6,2465.99
2024-07-18 12:00:00,2465.99,2467.71,2464.72,2465.69
2024-07-18 13:00:00,2465.69,2466.35,2461.59,2464.21
2024-07-18 14:00:00,2464.21,2466.33,2462.2,2464.51
2024-07-18 15:00:00,2464.51,2468.89,2462.64,2464.04
2024-07-18 16:00:00,2464.04,2466.29,2457.63,2465.12
2024-07-18 17:00:00,2465.13,2469.89,2460.18,2468.45
2024-07-18 18:00:00,2468.45,2469.08,2461.23,2461.3
2024-07-18 19:00:00,2461.3,2462.12,2455.88,2456.24
2024-07-18 20:00:00,2456.24,2457.56,2451.8,2456.32
2024-07-18 21:00:00,2456.32,2456.54,2450.87,2451.5
2024-07-18 22:00:00,2451.5,2451.82,2440.36,2442.94
2024-07-18 23:00:00,2442.95,2445.5,2441.29,2445.12
2024-07-19 01:00:00,2444.75,2445.28,2443.72,2444.43
2024-07-19 02:00:00,2444.43,2445.27,2441.29,2441.29
2024-07-19 03:00:00,2441.29,2441.37,2426.28,2434.39
2024-07-19 04:00:00,2434.42,2434.64,2420.51,2426.14
2024-07-19 05:00:00,2426.14,2428.67,2422.62,2428.35
2024-07-19 06:00:00,2428.35,2429.53,2424.96,2428.73
2024-07-19 07:00:00,2428.73,2429.3,2424.01,2425.48
2024-07-19 08:00:00,2425.48,2426.11,2421.15,2423.34
2024-07-19 09:00:00,2423.34,2424.0,2414.33,2419.96
2024-07-19 10:00:00,2419.98,2422.23,2412.97,2418.22
2024-07-19 11:00:00,2418.22,2421.69,2416.36,2420.48
2024-07-19 12:00:00,2420.48,2421.12,2414.88,2416.19
2024-07-19 13:00:00,2416.19,2416.38,2410.72,2412.5
2024-07-19 14:00:00,2412.5,2414.39,2408.49,2410.08
2024-07-19 15:00:00,2410.08,2410.19,2401.58,2403.73
2024-07-19 16:00:00,2403.73,2406.67,2393.87,2403.88
2024-07-19 17:00:00,2403.88,2404.76,2396.09,2398.1
2024-07-19 18:00:00,2398.1,2408.49,2397.91,2405.41
2024-07-19 19:00:00,2405.41,2406.03,2399.42,2399.68
2024-07-19 20:00:00,2399.71,2400.86,2395.7,2399.19
2024-07-19 21:00:00,2399.19,2400.35,2397.2,2398.61
2024-07-19 22:00:00,2398.61,2400.16,2397.14,2398.68
2024-07-19 23:00:00,2398.81,2400.55,2397.81,2400.46
2024-07-22 01:00:00,2403.72,2411.72,2402.5,2411.37
2024-07-22 02:00:00,2411.35,2412.03,2409.3,2411.57
2024-07-22 03:00:00,2411.57,2411.69,2406.92,2407.91
2024-07-22 04:00:00,2407.91,2412.2,2405.73,2406.43
2024-07-22 05:00:00,2406.43,2408.23,2403.36,2406.57
2024-07-22 06:00:00,2406.59,2409.54,2405.88,2406.78
2024-07-22 07:00:00,2406.78,2407.14,2403.25,2405.61
2024-07-22 08:00:00,2405.61,2407.37,2402.98,2402.99
2024-07-22 09:00:00,2402.99,2405.28,2399.0,2402.41
2024-07-22 10:00:00,2402.47,2404.65,2399.76,2402.57
2024-07-22 11:00:00,2402.57,2404.74,2399.88,2400.9
2024-07-22 12:00:00,2400.9,2405.76,2399.88,2404.43
2024-07-22 13:00:00,2404.43,2408.41,2403.71,2406.88
2024-07-22 14:00:00,2406.89,2407.63,2398.05,2398.05
2024-07-22 15:00:00,2398.06,2399.59,2388.85,2394.32
2024-07-22 16:00:00,2394.32,2400.2,2391.49,2392.75
2024-07-22 17:00:00,2392.75,2394.84,2383.88,2387.25
2024-07-22 18:00:00,2387.25,2390.54,2384.28,2386.29
2024-07-22 19:00:00,2386.29,2393.34,2386.14,2393.05
2024-07-22 20:00:00,2393.05,2396.39,2391.8,2394.06
2024-07-22 21:00:00,2394.06,2396.49,2392.53,2395.76
2024-07-22 22:00:00,2395.76,2400.08,2395.21,2399.06
2024-07-22 23:00:00,2399.05,2399.48,2395.79,2396.38
2024-07-23 01:00:00,2397.66,2397.66,2395.19,2395.2
2024-07-23 02:00:00,2395.19,2396.24,2394.81,2395.78
2024-07-23 03:00:00,2395.78,2400.29,2395.56,2399.96
2024-07-23 04:00:00,2399.96,2404.02,2397.93,2401.07
2024-07-23 05:00:00,2401.07,2402.43,2397.58,2399.66
2024-07-23 06:00:00,2399.66,2400.75,2396.23,2398.35
2024-07-23 07:00:00,2398.35,2399.62,2395.84,2396.57
2024-07-23 08:00:00,2396.57,2396.93,2390.79,2392.59
2024-07-23 09:00:00,2392.59,2393.82,2388.28,2390.44
2024-07-23 10:00:00,2390.43,2399.22,2390.03,2397.87
2024-07-23 11:00:00,2397.87,2407.16,2396.36,2404.04
2024-07-23 12:00:00,2404.04,2408.11,2403.21,2406.88
2024-07-23 13:00:00,2406.88,2408.29,2405.63,2407.7
2024-07-23 14:00:00,2407.7,2412.05,2406.05,2407.64
2024-07-23 15:00:00,2407.63,2409.29,2403.73,2405.45
2024-07-23 16:00:00,2405.48,2407.68,2399.56,2402.02
2024-07-23 17:00:00,2401.99,2407.47,2399.69,2402.97
2024-07-23 18:00:00,2402.96,2407.23,2402.14,2405.5
2024-07-23 19:00:00,2405.47,2406.85,2403.0,2405.37
2024-07-23 20:00:00,2405.35,2408.24,2402.68,2404.98
2024-07-23 21:00:00,2404.98,2406.21,2403.83,2405.73
2024-07-23 22:00:00,2405.73,2409.08,2405.43,2407.53
2024-07-23 23:00:00,2407.56,2410.04,2405.43,2409.54
2024-07-24 01:00:00,2408.76,2409.72,2408.03,2409.34
2024-07-24 02:00:00,2409.35,2409.49,2407.89,2408.52
2024-07-24 03:00:00,2408.52,2410.26,2408.06,2408.35
2024-07-24 04:00:00,2408.35,2412.2,2405.0,2408.24
2024-07-24 05:00:00,2408.24,2415.89,2407.23,2414.2
2024-07-24 06:00:00,2414.2,2418.42,2413.65,2416.54
2024-07-24 07:00:00,2416.54,2418.04,2414.81,2417.88
2024-07-24 08:00:00,2417.88,2418.0,2413.06,2416.16
2024-07-24 09:00:00,2416.16,2419.21,2414.21,2417.58
2024-07-24 10:00:00,2417.58,2417.89,2411.66,2414.67
2024-07-24 11:00:00,2414.67,2415.14,2410.75,2411.85
2024-07-24 12:00:00,2411.85,2414.91,2409.84,2413.44
2024-07-24 13:00:00,2413.44,2416.49,2412.2,2413.67
2024-07-24 14:00:00,2413.67,2417.79,2410.62,2417.49
2024-07-24 15:00:00,2417.49,2422.01,2416.26,2421.48
2024-07-24 16:00:00,2421.48,2426.66,2413.65,2421.87
2024-07-24 17:00:00,2421.87,2432.02,2419.22,2430.26
2024-07-24 18:00:00,2430.33,2431.38,2422.41,2424.83
2024-07-24 19:00:00,2424.83,2424.92,2418.6,2419.04
2024-07-24 20:00:00,2419.04,2419.61,2408.08,2409.23
2024-07-24 21:00:00,2409.23,2409.46,2405.68,2408.27
2024-07-24 22:00:00,2408.25,2408.75,2398.4,2398.45
2024-07-24 23:00:00,2398.46,2400.55,2396.78,2397.25
2024-07-25 01:00:00,2398.14,2398.63,2393.03,2397.87
2024-07-25 02:00:00,2397.87,2401.22,2397.07,2398.74
2024-07-25 03:00:00,2398.74,2399.31,2396.07,2397.08
2024-07-25 04:00:00,2397.08,2400.05,2370.71,2376.46
2024-07-25 05:00:00,2376.46,2380.78,2369.95,2372.62
2024-07-25 06:00:00,2372.62,2375.57,2366.81,2374.81
2024-07-25 07:00:00,2374.81,2378.02,2373.2,2377.63
2024-07-25 08:00:00,2377.63,2377.9,2369.09,2376.32
2024-07-25 09:00:00,2376.32,2378.73,2369.91,2372.13
2024-07-25 10:00:00,2372.13,2377.53,2365.86,2374.06
2024-07-25 11:00:00,2374.06,2377.62,2372.04,2374.67
2024-07-25 12:00:00,2374.67,2376.24,2370.51,2373.7
2024-07-25 13:00:00,2373.7,2382.52,2371.96,2381.28
2024-07-25 14:00:00,2381.28,2381.79,2368.06,2368.54
2024-07-25 15:00:00,2368.54,2376.82,2362.82,2371.17
2024-07-25 16:00:00,2371.16,2376.36,2362.14,2365.1
2024-07-25 17:00:00,2365.03,2368.48,2358.08,2366.74
2024-07-25 18:00:00,2366.74,2368.47,2362.16,2363.23
2024-07-25 19:00:00,2363.23,2364.6,2357.57,2362.62
2024-07-25 20:00:00,2362.62,2365.52,2353.12,2356.17
2024-07-25 21:00:00,2356.17,2360.3,2354.29,2357.23
2024-07-25 22:00:00,2357.2,2363.9,2356.16,2362.57
2024-07-25 23:00:00,2362.57,2365.37,2359.38,2364.58
2024-07-26 01:00:00,2364.55,2365.4,2362.9,2363.36
2024-07-26 02:00:00,2363.37,2364.82,2362.1,2363.83
2024-07-26 03:00:00,2363.83,2365.42,2362.25,2362.76
2024-07-26 04:00:00,2362.76,2373.94,2355.88,2373.51
2024-07-26 05:00:00,2373.54,2379.34,2370.53,2374.23
2024-07-26 06:00:00,2374.23,2378.35,2371.54,2371.76
2024-07-26 07:00:00,2371.76,2372.85,2369.8,2369.83
2024-07-26 08:00:00,2369.83,2375.3,2368.27,2374.27
2024-07-26 09:00:00,2374.27,2374.42,2365.27,2369.63
2024-07-26 10:00:00,2369.63,2371.97,2367.65,2371.56
2024-07-26 11:00:00,2371.56,2374.16,2369.37,2372.98
2024-07-26 12:00:00,2372.98,2374.5,2371.76,2373.83
2024-07-26 13:00:00,2373.83,2375.32,2372.7,2372.77
2024-07-26 14:00:00,2372.77,2375.83,2370.3,2373.3
2024-07-26 15:00:00,2373.3,2379.07,2371.03,2377.5
2024-07-26 16:00:00,2377.5,2383.18,2373.99,2381.65
2024-07-26 17:00:00,2381.65,2390.77,2380.05,2381.97
2024-07-26 18:00:00,2381.94,2386.95,2380.01,2385.24
2024-07-26 19:00:00,2385.23,2390.37,2384.64,2389.2
2024-07-26 20:00:00,2389.2,2389.21,2381.16,2383.47
2024-07-26 21:00:00,2383.47,2386.24,2382.81,2384.42
2024-07-26 22:00:00,2384.42,2387.06,2382.73,2386.35
2024-07-26 23:00:00,2386.34,2388.82,2385.44,2388.35
2024-07-29 01:00:00,2388.17,2403.11,2387.82,2395.77
2024-07-29 02:00:00,2395.78,2398.96,2394.76,2397.1
2024-07-29 03:00:00,2397.07,2401.64,2397.07,2400.03
2024-07-29 04:00:00,2400.04,2402.5,2388.71,2392.84
2024-07-29 05:00:00,2392.84,2394.75,2390.99,2393.21
2024-07-29 06:00:00,2393.21,2395.25,2391.96,2394.64
2024-07-29 07:00:00,2394.64,2396.1,2393.34,2394.87
2024-07-29 08:00:00,2394.87,2396.18,2390.24,2392.73
2024-07-29 09:00:00,2392.73,2395.48,2390.76,2391.78
2024-07-29 10:00:00,2391.78,2394.4,2389.52,2391.61
2024-07-29 11:00:00,2391.61,2392.74,2386.98,2390.37
2024-07-29 12:00:00,2390.37,2393.45,2389.87,2392.81
2024-07-29 13:00:00,2392.81,2395.43,2392.04,2392.57
2024-07-29 14:00:00,2392.57,2393.09,2386.89,2387.74
2024-07-29 15:00:00,2387.74,2394.2,2385.51,2393.86
2024-07-29 16:00:00,2393.87,2396.75,2389.89,2391.85
2024-07-29 17:00:00,2392.0,2394.11,2380.13,2381.4
2024-07-29 18:00:00,2381.33,2383.02,2369.62,2376.83
2024-07-29 19:00:00,2376.83,2379.04,2374.53,2378.16
2024-07-29 20:00:00,2378.16,2383.46,2377.47,2378.27
2024-07-29 21:00:00,2378.27,2380.74,2376.94,2379.6
2024-07-29 22:00:00,2379.6,2385.43,2378.33,2383.09
2024-07-29 23:00:00,2383.09,2384.56,2381.28,2383.52
2024-07-30 01:00:00,2382.45,2384.96,2382.25,2384.05
2024-07-30 02:00:00,2384.05,2384.26,2380.97,2381.16
2024-07-30 03:00:00,2381.16,2383.83,2380.28,2381.84
2024-07-30 04:00:00,2381.84,2382.46,2376.52,2379.73
2024-07-30 05:00:00,2379.75,2383.28,2378.53,2381.85
2024-07-30 06:00:00,2381.85,2385.99,2381.45,2385.84
2024-07-30 07:00:00,2385.84,2388.3,2385.73,2386.4
2024-07-30 08:00:00,2386.4,2389.88,2386.08,2388.79
2024-07-30 09:00:00,2388.79,2391.07,2387.76,2390.32
2024-07-30 10:00:00,2390.33,2392.03,2388.91,2390.28
2024-07-30 11:00:00,2390.33,2391.53,2388.58,2389.47
2024-07-30 12:00:00,2389.46,2390.09,2387.8,2389.13
2024-07-30 13:00:00,2389.14,2392.43,2387.91,2391.63
2024-07-30 14:00:00,2391.68,2392.19,2386.98,2387.11
2024-07-30 15:00:00,2387.1,2388.38,2385.72,2386.53
2024-07-30 16:00:00,2386.55,2397.77,2385.8,2393.94
2024-07-30 17:00:00,2393.94,2396.05,2387.6,2391.72
2024-07-30 18:00:00,2391.69,2392.48,2383.42,2385.36
2024-07-30 19:00:00,2385.37,2400.41,2385.09,2399.97
2024-07-30 20:00:00,2399.94,2410.96,2399.89,2405.75
2024-07-30 21:00:00,2405.75,2407.39,2403.71,2404.89
2024-07-30 22:00:00,2404.9,2408.41,2403.8,2407.07
2024-07-30 23:00:00,2407.06,2412.87,2407.05,2410.86
2024-07-31 01:00:00,2410.91,2410.91,2408.14,2409.21
2024-07-31 02:00:00,2409.21,2410.27,2408.52,2409.88
2024-07-31 03:00:00,2409.88,2410.08,2407.89,2409.04
2024-07-31 04:00:00,2409.04,2412.3,2403.91,2409.18
2024-07-31 05:00:00,2409.17,2409.48,2404.13,2407.47
2024-07-31 06:00:00,2407.47,2419.12,2407.26,2416.41
2024-07-31 07:00:00,2416.41,2421.34,2414.43,2421.15
2024-07-31 08:00:00,2421.15,2422.15,2417.39,2417.76
2024-07-31 09:00:00,2417.76,2425.46,2416.54,2421.38
2024-07-31 10:00:00,2421.36,2421.94,2415.98,2417.17
2024-07-31 11:00:00,2417.17,2421.76,2415.42,2421.45
2024-07-31 12:00:00,2421.47,2422.3,2417.9,2421.02
2024-07-31 13:00:00,2421.02,2422.91,2417.61,2418.5
2024-07-31 14:00:00,2418.5,2423.28,2418.13,2419.56
2024-07-31 15:00:00,2419.56,2422.84,2417.38,2420.47
2024-07-31 16:00:00,2420.48,2427.59,2417.87,2426.28
2024-07-31 17:00:00,2426.27,2429.02,2419.22,2422.48
2024-07-31 18:00:00,2422.48,2424.25,2420.1,2423.12
2024-07-31 19:00:00,2423.12,2427.74,2422.43,2426.96
2024-07-31 20:00:00,2426.99,2429.05,2425.57,2425.57
2024-07-31 21:00:00,2425.57,2435.4,2421.56,2433.84
2024-07-31 22:00:00,2433.76,2450.86,2431.16,2449.84
2024-07-31 23:00:00,2449.87,2451.04,2446.19,2447.25
2024-08-01 01:00:00,2447.63,2448.29,2446.92,2447.61
2024-08-01 02:00:00,2447.62,2447.97,2444.31,2445.79
2024-08-01 03:00:00,2445.78,2449.49,2445.3,2447.58
2024-08-01 04:00:00,2447.58,2458.4,2446.09,2451.43
2024-08-01 05:00:00,2451.43,2451.43,2437.32,2441.3
2024-08-01 06:00:00,2441.3,2444.6,2439.29,2442.75
2024-08-01 07:00:00,2442.75,2446.86,2442.48,2444.26
2024-08-01 08:00:00,2444.26,2448.0,2443.62,2447.06
2024-08-01 09:00:00,2447.05,2448.86,2444.14,2444.77
2024-08-01 10:00:00,2444.78,2444.92,2439.93,2440.3
2024-08-01 11:00:00,2440.3,2442.42,2433.2,2433.85
2024-08-01 12:00:00,2433.86,2435.09,2430.27,2433.04
2024-08-01 13:00:00,2433.06,2436.84,2431.98,2435.16
2024-08-01 14:00:00,2435.17,2443.01,2434.38,2440.81
2024-08-01 15:00:00,2440.81,2454.86,2440.33,2450.71
2024-08-01 16:00:00,2450.72,2457.37,2448.58,2453.35
2024-08-01 17:00:00,2453.4,2462.29,2443.28,2448.72
2024-08-01 18:00:00,2448.71,2451.77,2442.14,2445.15
2024-08-01 19:00:00,2445.19,2448.75,2443.45,2444.5
2024-08-01 20:00:00,2444.52,2444.72,2435.81,2439.33
2024-08-01 21:00:00,2439.37,2440.99,2434.96,2439.64
2024-08-01 22:00:00,2439.65,2444.16,2438.29,2443.31
2024-08-01 23:00:00,2443.34,2447.56,2441.81,2446.29
2024-08-02 01:00:00,2447.18,2447.18,2443.68,2445.19
2024-08-02 02:00:00,2445.23,2446.57,2444.1,2445.82
2024-08-02 03:00:00,2445.82,2452.37,2443.88,2449.06
2024-08-02 04:00:00,2449.06,2450.95,2435.01,2447.16
2024-08-02 05:00:00,2447.17,2455.68,2446.77,2455.68
2024-08-02 06:00:00,2455.67,2459.44,2451.72,2454.54
2024-08-02 07:00:00,2454.54,2460.35,2454.32,2457.93
2024-08-02 08:00:00,2457.93,2466.9,2457.71,2466.7
2024-08-02 09:00:00,2466.78,2468.47,2462.47,2465.63
2024-08-02 10:00:00,2465.63,2466.73,2460.23,2461.66
2024-08-02 11:00:00,2461.66,2465.35,2460.97,2462.02
2024-08-02 12:00:00,2462.01,2464.27,2461.02,2463.97
2024-08-02 13:00:00,2463.94,2465.35,2460.97,2463.51
2024-08-02 14:00:00,2463.5,2464.69,2457.63,2459.23
2024-08-02 15:00:00,2459.23,2477.7,2455.82,2472.98
2024-08-02 16:00:00,2472.97,2474.32,2455.79,2469.86
2024-08-02 17:00:00,2469.87,2474.39,2428.41,2431.58
2024-08-02 18:00:00,2431.59,2435.72,2410.82,2433.21
2024-08-02 19:00:00,2433.22,2439.25,2426.37,2430.46
2024-08-02 20:00:00,2430.46,2431.58,2423.16,2427.79
2024-08-02 21:00:00,2427.8,2433.65,2426.79,2429.09
2024-08-02 22:00:00,2429.09,2438.25,2425.65,2437.46
2024-08-02 23:00:00,2437.49,2442.45,2435.66,2441.36
2024-08-05 01:00:00,2441.07,2446.16,2437.83,2441.46
2024-08-05 02:00:00,2441.45,2445.75,2439.17,2441.02
2024-08-05 03:00:00,2441.02,2441.09,2413.96,2422.25
2024-08-05 04:00:00,2422.2,2441.96,2420.12,2439.48
2024-08-05 05:00:00,2439.46,2446.15,2433.09,2442.82
2024-08-05 06:00:00,2442.82,2452.57,2442.7,2450.99
2024-08-05 07:00:00,2450.99,2458.77,2450.89,2452.71
2024-08-05 08:00:00,2452.74,2452.74,2432.47,2438.0
2024-08-05 09:00:00,2437.98,2438.75,2422.22,2428.65
2024-08-05 10:00:00,2428.65,2445.55,2424.64,2431.97
2024-08-05 11:00:00,2431.98,2434.45,2423.3,2425.0
2024-08-05 12:00:00,2425.02,2428.8,2419.18,2424.19
2024-08-05 13:00:00,2424.19,2425.66,2408.11,2408.58
2024-08-05 14:00:00,2408.58,2408.58,2383.24,2386.77
2024-08-05 15:00:00,2386.78,2392.33,2364.36,2374.55
2024-08-05 16:00:00,2374.55,2397.02,2374.55,2393.07
2024-08-05 17:00:00,2393.07,2397.48,2386.96,2396.93
2024-08-05 18:00:00,2396.88,2412.23,2396.55,2402.78
2024-08-05 19:00:00,2402.8,2408.8,2399.05,2403.05
2024-08-05 20:00:00,2403.05,2406.65,2400.26,2405.0
2024-08-05 21:00:00,2405.06,2408.89,2403.77,2405.0
2024-08-05 22:00:00,2405.03,2413.1,2404.71,2407.71
2024-08-05 23:00:00,2407.71,2411.6,2405.45,2410.01
2024-08-06 01:00:00,2411.06,2412.47,2407.96,2408.94
2024-08-06 02:00:00,2408.94,2410.04,2404.43,2404.82
2024-08-06 03:00:00,2404.82,2418.33,2404.62,2415.9
2024-08-06 04:00:00,2415.9,2417.76,2410.71,2412.42
2024-08-06 05:00:00,2412.42,2413.18,2405.91,2407.51
2024-08-06 06:00:00,2407.51,2411.09,2406.57,2409.07
2024-08-06 07:00:00,2409.07,2412.63,2406.49,2408.06
2024-08-06 08:00:00,2408.06,2411.88,2398.15,2398.77
2024-08-06 09:00:00,2398.77,2408.34,2394.87,2401.64
2024-08-06 10:00:00,2401.64,2410.67,2401.55,2409.9
2024-08-06 11:00:00,2409.9,2415.42,2408.17,2411.09
2024-08-06 12:00:00,2411.09,2415.54,2410.31,2413.42
2024-08-06 13:00:00,2413.42,2416.34,2411.61,2412.41
2024-08-06 14:00:00,2412.41,2415.32,2410.21,2410.91
2024-08-06 15:00:00,2410.96,2412.27,2391.8,2393.07
2024-08-06 16:00:00,2395.57,2399.45,2388.84,2395.77
2024-08-06 17:00:00,2395.73,2403.18,2386.32,2388.39
2024-08-06 18:00:00,2388.39,2391.13,2381.41,2387.53
2024-08-06 19:00:00,2387.53,2391.42,2385.64,2389.98
2024-08-06 20:00:00,2389.97,2393.51,2387.66,2391.93
2024-08-06 21:00:00,2391.93,2396.07,2391.35,2392.84
2024-08-06 22:00:00,2392.84,2393.1,2386.48,2387.68
2024-08-06 23:00:00,2387.68,2390.15,2386.99,2389.93
2024-08-07 01:00:00,2390.15,2390.59,2388.04,2388.7
2024-08-07 02:00:00,2388.7,2389.7,2382.88,2383.85
2024-08-07 03:00:00,2383.85,2387.4,2381.09,2386.53
2024-08-07 04:00:00,2386.54,2387.61,2379.02,2384.12
2024-08-07 05:00:00,2384.12,2388.47,2380.92,2384.14
2024-08-07 06:00:00,2384.19,2387.55,2383.2,2386.01
2024-08-07 07:00:00,2386.01,2394.76,2385.76,2392.86
2024-08-07 08:00:00,2392.86,2396.17,2388.67,2391.43
2024-08-07 09:00:00,2391.44,2397.62,2389.6,2394.77
2024-08-07 10:00:00,2394.77,2394.93,2388.06,2389.36
2024-08-07 11:00:00,2389.36,2393.75,2388.36,2393.35
2024-08-07 12:00:00,2393.35,2396.4,2392.48,2394.32
2024-08-07 13:00:00,2394.32,2398.11,2393.18,2397.5
2024-08-07 14:00:00,2397.49,2402.4,2394.31,2401.11
2024-08-07 15:00:00,2401.15,2407.05,2399.02,2403.86
2024-08-07 16:00:00,2403.86,2404.91,2397.08,2400.07
2024-08-07 17:00:00,2400.07,2403.44,2397.98,2399.1
2024-08-07 18:00:00,2399.1,2401.89,2392.0,2394.55
2024-08-07 19:00:00,2394.55,2399.8,2392.83,2399.74
2024-08-07 20:00:00,2399.73,2399.76,2389.5,2389.86
2024-08-07 21:00:00,2389.86,2391.73,2383.84,2386.24
2024-08-07 22:00:00,2386.24,2390.54,2385.35,2385.66
2024-08-07 23:00:00,2385.66,2387.35,2381.81,2382.97
2024-08-08 01:00:00,2381.37,2384.38,2381.09,2383.7
2024-08-08 02:00:00,2383.7,2385.89,2382.78,2384.86
2024-08-08 03:00:00,2384.86,2388.9,2383.24,2385.55
2024-08-08 04:00:00,2385.55,2391.39,2385.01,2386.86
2024-08-08 05:00:00,2386.86,2390.95,2386.28,2390.52
2024-08-08 06:00:00,2390.52,2394.72,2388.67,2394.35
2024-08-08 07:00:00,2394.34,2396.41,2392.73,2394.36
2024-08-08 08:00:00,2394.37,2395.53,2392.47,2395.29
2024-08-08 09:00:00,2395.29,2400.71,2392.64,2397.78
2024-08-08 10:00:00,2397.78,2400.31,2394.77,2396.84
2024-08-08 11:00:00,2396.84,2398.15,2392.89,2394.54
2024-08-08 12:00:00,2394.54,2399.01,2393.84,2396.26
2024-08-08 13:00:00,2396.26,2406.48,2396.25,2405.32
2024-08-08 14:00:00,2405.32,2413.62,2405.01,2412.3
2024-08-08 15:00:00,2412.3,2415.52,2407.12,2408.1
2024-08-08 16:00:00,2408.1,2415.52,2402.32,2414.19
2024-08-08 17:00:00,2414.19,2424.34,2409.29,2413.74
2024-08-08 18:00:00,2413.74,2420.35,2411.93,2418.7
2024-08-08 19:00:00,2418.7,2423.85,2416.77,2418.12
2024-08-08 20:00:00,2418.12,2424.94,2415.82,2423.53
2024-08-08 21:00:00,2423.53,2426.35,2422.35,2424.03
2024-08-08 22:00:00,2424.03,2424.88,2421.61,2423.61
2024-08-08 23:00:00,2423.61,2427.68,2423.11,2427.33
2024-08-09 01:00:00,2427.12,2427.42,2424.57,2425.84
2024-08-09 02:00:00,2425.83,2426.5,2422.91,2424.64
2024-08-09 03:00:00,2424.64,2425.36,2422.63,2423.98
2024-08-09 04:00:00,2423.99,2427.54,2420.14,2427.26
2024-08-09 05:00:00,2427.26,2428.85,2422.39,2422.52
2024-08-09 06:00:00,2422.52,2423.42,2419.35,2421.1
2024-08-09 07:00:00,2421.1,2424.5,2420.24,2423.94
2024-08-09 08:00:00,2423.94,2424.0,2417.13,2417.17
2024-08-09 09:00:00,2417.17,2421.83,2416.91,2420.74
2024-08-09 10:00:00,2420.75,2427.03,2420.35,2423.16
2024-08-09 11:00:00,2423.16,2426.76,2422.25,2424.55
2024-08-09 12:00:00,2424.54,2425.57,2422.72,2423.57
2024-08-09 13:00:00,2423.58,2431.44,2423.07,2430.49
2024-08-09 14:00:00,2430.5,2432.65,2425.19,2426.76
2024-08-09 15:00:00,2426.76,2429.92,2423.83,2429.69
2024-08-09 16:00:00,2429.69,2433.19,2421.04,2426.74
2024-08-09 17:00:00,2426.71,2435.97,2425.46,2428.72
2024-08-09 18:00:00,2428.72,2432.62,2426.6,2431.48
2024-08-09 19:00:00,2431.48,2434.75,2427.63,2434.48
2024-08-09 20:00:00,2434.48,2437.07,2430.53,2430.59
2024-08-09 21:00:00,2430.6,2430.92,2427.26,2429.89
2024-08-09 22:00:00,2429.88,2430.08,2427.41,2429.1
2024-08-09 23:00:00,2429.1,2431.14,2429.1,2431.01
2024-08-12 01:00:00,2428.14,2433.39,2427.32,2430.43
2024-08-12 02:00:00,2430.43,2430.62,2427.3,2427.91
2024-08-12 03:00:00,2427.91,2429.1,2426.8,2428.53
2024-08-12 04:00:00,2428.53,2430.34,2424.7,2426.01
2024-08-12 05:00:00,2426.01,2427.52,2423.83,2426.23
2024-08-12 06:00:00,2426.23,2429.38,2425.75,2428.67
2024-08-12 07:00:00,2428.67,2433.6,2428.28,2433.41
2024-08-12 08:00:00,2433.41,2435.11,2429.13,2434.68
2024-08-12 09:00:00,2434.68,2437.23,2433.75,2436.83
2024-08-12 10:00:00,2436.83,2442.87,2435.59,2441.62
2024-08-12 11:00:00,2441.64,2443.82,2439.64,2442.02
2024-08-12 12:00:00,2442.02,2445.11,2440.62,2442.7
2024-08-12 13:00:00,2442.69,2444.78,2441.49,2443.85
2024-08-12 14:00:00,2443.86,2444.28,2439.67,2441.6
2024-08-12 15:00:00,2441.6,2445.45,2441.44,2444.48
2024-08-12 16:00:00,2444.48,2457.53,2442.13,2454.27
2024-08-12 17:00:00,2454.26,2455.52,2444.56,2453.34
2024-08-12 18:00:00,2453.34,2460.61,2452.96,2459.81
2024-08-12 19:00:00,2459.81,2466.13,2459.06,2463.17
2024-08-12 20:00:00,2463.17,2468.59,2461.8,2467.12
2024-08-12 21:00:00,2467.13,2471.01,2466.45,2470.3
2024-08-12 22:00:00,2470.3,2472.19,2469.74,2470.51
2024-08-12 23:00:00,2470.51,2473.13,2470.44,2472.01
2024-08-13 01:00:00,2470.3,2474.12,2470.19,2473.74
2024-08-13 02:00:00,2473.76,2476.03,2472.78,2475.58
2024-08-13 03:00:00,2475.58,2476.98,2468.51,2472.14
2024-08-13 04:00:00,2472.16,2473.69,2460.92,2466.41
2024-08-13 05:00:00,2466.43,2467.66,2461.48,2461.48
2024-08-13 06:00:00,2461.5,2464.71,2461.37,2463.48
2024-08-13 07:00:00,2463.48,2465.05,2460.2,2462.04
2024-08-13 08:00:00,2462.04,2464.42,2458.5,2462.74
2024-08-13 09:00:00,2462.75,2464.63,2461.17,2463.32
2024-08-13 10:00:00,2463.32,2466.16,2460.85,2464.21
2024-08-13 11:00:00,2464.25,2464.38,2458.98,2460.6
2024-08-13 12:00:00,2460.65,2462.09,2458.94,2460.69
2024-08-13 13:00:00,2460.69,2463.51,2459.45,2462.18
2024-08-13 14:00:00,2462.18,2466.64,2461.54,2465.76
2024-08-13 15:00:00,2465.77,2472.52,2464.33,2467.67
2024-08-13 16:00:00,2467.67,2475.54,2458.96,2472.92
2024-08-13 17:00:00,2472.92,2473.26,2464.25,2471.38
2024-08-13 18:00:00,2471.38,2473.04,2465.99,2468.7
2024-08-13 19:00:00,2468.68,2471.06,2466.37,2469.5
2024-08-13 20:00:00,2469.5,2470.32,2465.95,2467.66
2024-08-13 21:00:00,2467.66,2468.98,2466.38,2467.82
2024-08-13 22:00:00,2467.81,2468.84,2462.25,2467.1
2024-08-13 23:00:00,2467.09,2467.84,2464.59,2464.99
2024-08-14 01:00:00,2466.22,2466.32,2463.87,2465.56
2024-08-14 02:00:00,2465.56,2465.56,2463.01,2464.17
2024-08-14 03:00:00,2464.17,2467.4,2464.07,2465.72
2024-08-14 04:00:00,2465.69,2472.6,2464.6,2465.46
2024-08-14 05:00:00,2465.46,2465.73,2455.44,2459.98
2024-08-14 06:00:00,2459.98,2461.63,2458.81,2460.92
2024-08-14 07:00:00,2460.92,2462.98,2460.05,2461.87
2024-08-14 08:00:00,2461.87,2462.59,2459.28,2462.07
2024-08-14 09:00:00,2462.07,2467.76,2460.41,2467.4
2024-08-14 10:00:00,2467.43,2471.93,2466.38,2470.95
2024-08-14 11:00:00,2470.94,2478.59,2468.75,2474.44
2024-08-14 12:00:00,2474.44,2475.33,2471.09,2472.91
2024-08-14 13:00:00,2472.93,2476.14,2470.52,2475.08
2024-08-14 14:00:00,2475.06,2475.29,2471.76,2474.77
2024-08-14 15:00:00,2474.77,2479.89,2462.56,2468.91
2024-08-14 16:00:00,2468.9,2469.55,2449.45,2458.09
2024-08-14 17:00:00,2457.83,2458.34,2447.02,2450.24
2024-08-14 18:00:00,2450.25,2452.2,2442.12,2444.07
2024-08-14 19:00:00,2444.07,2445.51,2438.08,2444.23
2024-08-14 20:00:00,2444.23,2445.12,2440.35,2441.54
2024-08-14 21:00:00,2441.55,2448.06,2440.68,2447.78
2024-08-14 22:00:00,2447.77,2448.45,2444.43,2447.21
2024-08-14 23:00:00,2447.21,2448.37,2446.61,2447.98
2024-08-15 01:00:00,2448.52,2448.83,2446.66,2447.94
2024-08-15 02:00:00,2447.94,2449.51,2447.24,2449.45
2024-08-15 03:00:00,2449.45,2454.3,2448.54,2450.18
2024-08-15 04:00:00,2450.2,2453.57,2448.23,2450.71
2024-08-15 05:00:00,2450.71,2452.55,2449.85,2451.5
2024-08-15 06:00:00,2451.5,2454.39,2451.38,2453.68
2024-08-15 07:00:00,2453.68,2455.53,2452.82,2453.45
2024-08-15 08:00:00,2453.43,2455.11,2450.35,2453.91
2024-08-15 09:00:00,2453.91,2458.79,2452.74,2456.07
2024-08-15 10:00:00,2456.06,2456.68,2454.4,2455.78
2024-08-15 11:00:00,2455.81,2457.24,2453.61,2455.54
2024-08-15 12:00:00,2455.52,2457.29,2455.35,2456.8
2024-08-15 13:00:00,2456.81,2460.32,2456.81,2458.19
2024-08-15 14:00:00,2458.19,2464.21,2457.92,2463.58
2024-08-15 15:00:00,2463.58,2470.09,2441.1,2441.24
2024-08-15 16:00:00,2441.18,2451.47,2432.23,2444.49
2024-08-15 17:00:00,2444.51,2458.62,2444.51,2452.26
2024-08-15 18:00:00,2452.26,2459.59,2450.59,2458.39
2024-08-15 19:00:00,2458.43,2459.94,2455.1,2455.74
2024-08-15 20:00:00,2455.73,2456.47,2453.49,2455.5
2024-08-15 21:00:00,2455.51,2458.36,2454.85,2458.29
2024-08-15 22:00:00,2458.29,2461.66,2454.21,2455.61
2024-08-15 23:00:00,2455.6,2457.5,2454.78,2456.51
2024-08-16 01:00:00,2455.81,2455.98,2454.64,2454.89
2024-08-16 02:00:00,2454.89,2458.31,2454.42,2457.37
2024-08-16 03:00:00,2457.37,2459.78,2456.97,2458.38
2024-08-16 04:00:00,2458.38,2460.11,2455.79,2457.35
2024-08-16 05:00:00,2457.35,2457.75,2453.59,2454.97
2024-08-16 06:00:00,2454.97,2455.69,2450.78,2452.47
2024-08-16 07:00:00,2452.47,2453.73,2452.01,2452.73
2024-08-16 08:00:00,2452.73,2456.37,2452.64,2455.74
2024-08-16 09:00:00,2455.75,2457.87,2454.68,2454.99
2024-08-16 10:00:00,2454.99,2464.52,2451.15,2462.01
2024-08-16 11:00:00,2462.01,2464.09,2459.14,2462.4
2024-08-16 12:00:00,2462.4,2464.4,2461.25,2463.45
2024-08-16 13:00:00,2463.4,2468.21,2462.88,2464.64
2024-08-16 14:00:00,2464.64,2472.38,2464.64,2472.22
2024-08-16 15:00:00,2472.21,2492.44,2471.33,2491.69
2024-08-16 16:00:00,2491.69,2500.14,2483.68,2494.38
2024-08-16 17:00:00,2494.38,2495.11,2477.58,2487.25
2024-08-16 18:00:00,2487.25,2492.33,2485.7,2491.78
2024-08-16 19:00:00,2491.79,2497.84,2491.73,2495.95
2024-08-16 20:00:00,2495.95,2500.17,2493.16,2499.77
2024-08-16 21:00:00,2499.77,2505.58,2498.51,2503.38
2024-08-16 22:00:00,2503.37,2508.97,2501.79,2507.91
2024-08-16 23:00:00,2507.93,2509.75,2505.53,2507.21
2024-08-19 01:00:00,2506.25,2506.25,2502.34,2504.91
2024-08-19 02:00:00,2504.91,2506.85,2503.47,2506.47
2024-08-19 03:00:00,2506.47,2506.79,2500.34,2502.08
2024-08-19 04:00:00,2502.08,2506.08,2494.97,2498.18
2024-08-19 05:00:00,2498.22,2503.99,2496.3,2503.58
2024-08-19 06:00:00,2503.58,2505.86,2500.63,2503.29
2024-08-19 07:00:00,2503.29,2504.71,2498.88,2500.66
2024-08-19 08:00:00,2500.7,2502.43,2499.12,2501.12
2024-08-19 09:00:00,2501.12,2505.22,2499.71,2502.15
2024-08-19 10:00:00,2502.15,2504.95,2499.76,2503.08
2024-08-19 11:00:00,2503.08,2507.2,2502.36,2503.15
2024-08-19 12:00:00,2503.16,2503.99,2499.83,2499.97
2024-08-19 13:00:00,2499.96,2500.14,2489.5,2489.83
2024-08-19 14:00:00,2489.83,2495.26,2486.53,2494.5
2024-08-19 15:00:00,2494.5,2495.51,2488.86,2491.17
2024-08-19 16:00:00,2491.2,2495.89,2485.67,2494.8
2024-08-19 17:00:00,2494.78,2504.81,2493.93,2501.32
2024-08-19 18:00:00,2501.32,2505.99,2499.98,2504.03
2024-08-19 19:00:00,2504.03,2507.46,2501.97,2505.5
2024-08-19 20:00:00,2505.5,2505.84,2500.77,2503.16
2024-08-19 21:00:00,2503.16,2504.87,2502.53,2504.3
2024-08-19 22:00:00,2504.3,2505.88,2503.12,2505.53
2024-08-19 23:00:00,2505.53,2505.64,2503.43,2504.21
2024-08-20 01:00:00,2503.78,2504.62,2502.09,2504.34
2024-08-20 02:00:00,2504.34,2504.34,2502.52,2503.68
2024-08-20 03:00:00,2503.68,2506.94,2503.41,2504.99
2024-08-20 04:00:00,2504.99,2508.25,2501.37,2502.02
2024-08-20 05:00:00,2502.02,2502.39,2498.74,2499.69
2024-08-20 06:00:00,2499.69,2502.4,2499.11,2501.78
2024-08-20 07:00:00,2501.78,2502.8,2499.56,2500.85
2024-08-20 08:00:00,2500.85,2503.74,2499.52,2499.54
2024-08-20 09:00:00,2499.54,2505.77,2497.34,2502.52
2024-08-20 10:00:00,2502.48,2515.19,2501.23,2514.95
2024-08-20 11:00:00,2514.95,2523.12,2514.39,2519.89
2024-08-20 12:00:00,2519.91,2525.23,2519.85,2521.75
2024-08-20 13:00:00,2521.75,2524.56,2521.21,2522.91
2024-08-20 14:00:00,2522.91,2527.12,2522.22,2526.37
2024-08-20 15:00:00,2526.37,2529.25,2521.7,2526.93
2024-08-20 16:00:00,2526.83,2531.76,2519.94,2529.91
2024-08-20 17:00:00,2529.96,2530.24,2520.48,2523.84
2024-08-20 18:00:00,2523.84,2523.98,2505.9,2508.52
2024-08-20 19:00:00,2508.51,2510.59,2500.87,2509.11
2024-08-20 20:00:00,2509.1,2513.28,2506.8,2510.65
2024-08-20 21:00:00,2510.65,2515.49,2509.35,2513.37
2024-08-20 22:00:00,2513.37,2515.32,2510.96,2515.03
2024-08-20 23:00:00,2515.03,2516.95,2513.63,2514.03
2024-08-21 01:00:00,2513.94,2515.84,2513.43,2514.78
2024-08-21 02:00:00,2514.78,2516.08,2512.89,2512.98
2024-08-21 03:00:00,2512.98,2515.98,2512.52,2513.49
2024-08-21 04:00:00,2513.54,2517.07,2510.84,2516.85
2024-08-21 05:00:00,2516.83,2519.93,2516.01,2519.43
2024-08-21 06:00:00,2519.43,2519.46,2513.09,2517.39
2024-08-21 07:00:00,2517.39,2517.69,2513.86,2516.18
2024-08-21 08:00:00,2516.18,2518.47,2515.01,2515.26
2024-08-21 09:00:00,2515.26,2519.65,2511.81,2514.51
2024-08-21 10:00:00,2514.51,2517.08,2508.15,2509.78
2024-08-21 11:00:00,2509.78,2512.46,2506.97,2507.33
2024-08-21 12:00:00,2507.33,2509.24,2504.58,2505.68
2024-08-21 13:00:00,2505.68,2509.79,2504.52,2509.44
2024-08-21 14:00:00,2509.44,2513.29,2506.92,2511.84
2024-08-21 15:00:00,2511.84,2513.7,2507.12,2510.6
2024-08-21 16:00:00,2510.6,2512.96,2498.03,2503.03
2024-08-21 17:00:00,2503.07,2506.69,2493.88,2501.5
2024-08-21 18:00:00,2501.5,2511.13,2501.49,2508.54
2024-08-21 19:00:00,2508.5,2508.87,2503.25,2507.12
2024-08-21 20:00:00,2507.12,2511.38,2506.95,2509.34
2024-08-21 21:00:00,2509.38,2519.17,2508.79,2516.01
2024-08-21 22:00:00,2516.01,2516.41,2510.94,2511.51
2024-08-21 23:00:00,2511.51,2512.46,2509.81,2512.35
2024-08-22 01:00:00,2512.23,2514.02,2511.7,2514.0
2024-08-22 02:00:00,2514.0,2514.44,2512.29,2512.85
2024-08-22 03:00:00,2512.75,2514.71,2511.18,2513.75
2024-08-22 04:00:00,2513.75,2514.16,2507.07,2507.66
2024-08-22 05:00:00,2507.66,2508.67,2500.01,2502.36
2024-08-22 06:00:00,2502.36,2504.71,2501.19,2502.35
2024-08-22 07:00:00,2502.35,2502.46,2499.36,2501.93
2024-08-22 08:00:00,2501.93,2506.28,2500.71,2505.56
2024-08-22 09:00:00,2505.56,2510.62,2503.59,2507.54
2024-08-22 10:00:00,2507.54,2509.81,2504.49,2507.15
2024-08-22 11:00:00,2507.15,2507.55,2502.49,2503.7
2024-08-22 12:00:00,2503.7,2508.08,2501.15,2507.3
2024-08-22 13:00:00,2507.3,2509.13,2505.24,2505.39
2024-08-22 14:00:00,2505.36,2506.04,2498.04,2499.52
2024-08-22 15:00:00,2499.59,2504.2,2495.25,2500.68
2024-08-22 16:00:00,2500.69,2501.59,2483.05,2487.83
2024-08-22 17:00:00,2487.83,2487.83,2470.85,2480.05
2024-08-22 18:00:00,2480.05,2484.29,2475.05,2481.93
2024-08-22 19:00:00,2481.95,2486.04,2481.38,2484.3
2024-08-22 20:00:00,2484.3,2484.43,2479.71,2482.32
2024-08-22 21:00:00,2482.31,2484.85,2480.37,2482.25
2024-08-22 22:00:00,2482.25,2483.49,2478.58,2482.97
2024-08-22 23:00:00,2482.97,2484.9,2482.5,2484.65
2024-08-23 01:00:00,2485.28,2485.66,2484.39,2485.19
2024-08-23 02:00:00,2485.19,2487.6,2485.01,2487.6
2024-08-23 03:00:00,2487.6,2492.3,2486.55,2490.03
2024-08-23 04:00:00,2490.03,2491.51,2487.91,2490.87
2024-08-23 05:00:00,2490.87,2491.61,2486.72,2490.0
2024-08-23 06:00:00,2490.0,2493.64,2489.52,2493.25
2024-08-23 07:00:00,2493.25,2494.52,2492.59,2493.38
2024-08-23 08:00:00,2493.38,2495.8,2491.15,2491.89
2024-08-23 09:00:00,2491.89,2494.62,2490.66,2492.91
2024-08-23 10:00:00,2492.95,2494.12,2491.72,2493.48
2024-08-23 11:00:00,2493.48,2499.95,2493.09,2499.01
2024-08-23 12:00:00,2499.02,2501.88,2497.02,2498.94
2024-08-23 13:00:00,2498.95,2499.32,2495.65,2499.09
2024-08-23 14:00:00,2499.09,2502.47,2497.46,2501.61
2024-08-23 15:00:00,2501.61,2502.35,2498.42,2501.31
2024-08-23 16:00:00,2501.31,2503.92,2494.47,2498.64
2024-08-23 17:00:00,2498.6,2517.93,2497.04,2509.19
2024-08-23 18:00:00,2509.19,2518.37,2508.0,2509.86
2024-08-23 19:00:00,2509.86,2510.53,2501.82,2510.31
2024-08-23 20:00:00,2510.31,2513.2,2509.59,2510.89
2024-08-23 21:00:00,2510.9,2511.9,2509.15,2509.76
2024-08-23 22:00:00,2509.76,2512.79,2507.91,2510.8
2024-08-23 23:00:00,2510.8,2512.34,2509.64,2512.03
2024-08-26 01:00:00,2511.94,2514.55,2510.9,2512.99
2024-08-26 02:00:00,2512.99,2516.66,2512.94,2515.99
2024-08-26 03:00:00,2515.99,2516.97,2512.45,2513.73
2024-08-26 04:00:00,2513.73,2515.52,2510.59,2513.39
2024-08-26 05:00:00,2513.39,2515.35,2511.82,2511.96
2024-08-26 06:00:00,2511.96,2512.98,2509.34,2509.87
2024-08-26 07:00:00,2509.87,2510.9,2508.97,2509.66
2024-08-26 08:00:00,2509.64,2511.35,2508.75,2510.57
2024-08-26 09:00:00,2510.54,2515.32,2509.82,2515.11
2024-08-26 10:00:00,2515.08,2521.81,2514.17,2521.51
2024-08-26 11:00:00,2521.51,2525.78,2520.74,2524.23
2024-08-26 12:00:00,2524.23,2525.61,2523.44,2525.06
2024-08-26 13:00:00,2525.06,2526.64,2522.57,2524.93
2024-08-26 14:00:00,2524.93,2526.88,2520.95,2526.55
2024-08-26 15:00:00,2526.55,2526.94,2522.56,2523.9
2024-08-26 16:00:00,2523.88,2526.46,2515.52,2515.92
2024-08-26 17:00:00,2515.94,2519.0,2510.68,2516.97
2024-08-26 18:00:00,2516.97,2517.5,2511.43,2515.86
2024-08-26 19:00:00,2515.86,2520.51,2513.65,2520.26
2024-08-26 20:00:00,2520.26,2523.37,2516.53,2518.09
2024-08-26 21:00:00,2518.09,2519.57,2515.6,2516.93
2024-08-26 22:00:00,2516.93,2521.01,2516.88,2518.19
2024-08-26 23:00:00,2518.19,2519.06,2517.48,2517.94
2024-08-27 01:00:00,2517.7,2517.8,2517.09,2517.35
2024-08-27 02:00:00,2517.31,2517.69,2515.51,2515.53
2024-08-27 03:00:00,2515.52,2516.78,2512.95,2513.14
2024-08-27 04:00:00,2513.14,2514.11,2508.31,2509.75
2024-08-27 05:00:00,2509.74,2510.44,2505.88,2508.75
2024-08-27 06:00:00,2508.75,2509.2,2505.87,2509.07
2024-08-27 07:00:00,2509.07,2509.55,2506.24,2507.35
2024-08-27 08:00:00,2507.35,2513.8,2506.66,2513.57
2024-08-27 09:00:00,2513.6,2517.52,2512.83,2514.93
2024-08-27 10:00:00,2514.93,2517.58,2504.58,2504.97
2024-08-27 11:00:00,2504.97,2512.5,2503.57,2511.07
2024-08-27 12:00:00,2511.07,2513.83,2508.11,2508.94
2024-08-27 13:00:00,2508.94,2510.43,2506.9,2509.04
2024-08-27 14:00:00,2509.04,2512.53,2508.68,2511.46
2024-08-27 15:00:00,2511.46,2514.4,2507.78,2509.89
2024-08-27 16:00:00,2509.89,2515.13,2503.57,2512.51
2024-08-27 17:00:00,2512.12,2518.12,2507.81,2514.76
2024-08-27 18:00:00,2514.76,2520.27,2511.55,2512.17
2024-08-27 19:00:00,2512.18,2514.47,2509.9,2514.42
2024-08-27 20:00:00,2514.43,2521.72,2514.14,2520.05
2024-08-27 21:00:00,2520.05,2525.95,2519.92,2524.49
2024-08-27 22:00:00,2524.49,2525.74,2523.09,2525.12
2024-08-27 23:00:00,2525.14,2525.93,2523.81,2524.66
2024-08-28 01:00:00,2525.17,2526.04,2524.93,2525.65
2024-08-28 02:00:00,2525.66,2529.07,2524.23,2525.33
2024-08-28 03:00:00,2525.33,2525.88,2523.94,2524.48
2024-08-28 04:00:00,2524.48,2524.48,2516.86,2517.14
2024-08-28 05:00:00,2517.15,2518.56,2513.44,2516.37
2024-08-28 06:00:00,2516.37,2517.11,2513.33,2515.86
2024-08-28 07:00:00,2515.86,2516.16,2510.29,2511.58
2024-08-28 08:00:00,2511.58,2511.73,2505.51,2505.81
2024-08-28 09:00:00,2505.81,2509.01,2503.31,2508.56
2024-08-28 10:00:00,2508.54,2511.41,2507.57,2510.04
2024-08-28 11:00:00,2510.05,2510.05,2506.03,2508.2
2024-08-28 12:00:00,2508.2,2511.41,2507.82,2510.15
2024-08-28 13:00:00,2510.15,2510.47,2502.62,2505.36
2024-08-28 14:00:00,2505.36,2505.49,2500.74,2501.45
2024-08-28 15:00:00,2501.45,2501.61,2493.68,2500.62
2024-08-28 16:00:00,2500.62,2510.64,2499.52,2506.7
2024-08-28 17:00:00,2506.62,2509.13,2504.04,2507.65
2024-08-28 18:00:00,2507.64,2510.24,2505.08,2506.11
2024-08-28 19:00:00,2506.13,2506.48,2496.37,2501.94
2024-08-28 20:00:00,2501.94,2506.36,2500.62,2505.44
2024-08-28 21:00:00,2505.44,2508.27,2503.67,2508.06
2024-08-28 22:00:00,2508.06,2509.64,2506.85,2507.64
2024-08-28 23:00:00,2507.64,2508.61,2502.84,2504.61
2024-08-29 01:00:00,2506.09,2508.75,2504.85,2507.21
2024-08-29 02:00:00,2507.21,2508.2,2506.45,2508.15
2024-08-29 03:00:00,2508.14,2515.35,2508.0,2512.34
2024-08-29 04:00:00,2512.35,2514.78,2511.73,2513.18
2024-08-29 05:00:00,2513.18,2515.11,2511.67,2512.86
2024-08-29 06:00:00,2512.86,2516.84,2512.42,2516.69
2024-08-29 07:00:00,2516.69,2518.18,2515.58,2515.9
2024-08-29 08:00:00,2515.9,2519.99,2513.84,2518.84
2024-08-29 09:00:00,2518.84,2521.16,2516.3,2516.94
2024-08-29 10:00:00,2516.94,2519.22,2515.23,2519.2
2024-08-29 11:00:00,2519.19,2520.17,2515.14,2517.17
2024-08-29 12:00:00,2517.18,2524.37,2515.96,2522.9
2024-08-29 13:00:00,2522.98,2524.44,2520.86,2523.19
2024-08-29 14:00:00,2523.15,2523.41,2519.11,2519.95
2024-08-29 15:00:00,2519.95,2519.96,2503.66,2509.22
2024-08-29 16:00:00,2509.23,2519.24,2508.23,2516.82
2024-08-29 17:00:00,2516.84,2522.3,2514.4,2522.19
2024-08-29 18:00:00,2522.18,2525.69,2518.58,2522.62
2024-08-29 19:00:00,2522.63,2526.76,2517.48,2525.31
2024-08-29 20:00:00,2525.29,2528.71,2523.51,2525.9
2024-08-29 21:00:00,2525.9,2526.4,2521.04,2523.1
2024-08-29 22:00:00,2523.1,2524.88,2520.92,2521.15
2024-08-29 23:00:00,2521.16,2522.26,2520.74,2521.15
2024-08-30 01:00:00,2520.73,2521.74,2520.45,2521.01
2024-08-30 02:00:00,2521.01,2521.01,2518.91,2519.62
2024-08-30 03:00:00,2519.62,2519.7,2516.71,2517.82
2024-08-30 04:00:00,2517.82,2520.1,2514.46,2516.08
2024-08-30 05:00:00,2516.08,2517.92,2514.2,2516.1
2024-08-30 06:00:00,2516.1,2517.06,2512.32,2513.54
2024-08-30 07:00:00,2513.52,2514.61,2512.23,2513.38
2024-08-30 08:00:00,2513.37,2516.37,2512.57,2513.84
2024-08-30 09:00:00,2513.84,2524.13,2513.2,2517.8
2024-08-30 10:00:00,2517.8,2521.4,2517.56,2519.36
2024-08-30 11:00:00,2519.36,2526.74,2518.9,2522.95
2024-08-30 12:00:00,2522.95,2526.91,2522.67,2524.21
2024-08-30 13:00:00,2524.22,2524.81,2515.13,2515.26
2024-08-30 14:00:00,2515.32,2521.67,2515.05,2519.52
2024-08-30 15:00:00,2519.52,2524.84,2516.29,2519.76
2024-08-30 16:00:00,2519.74,2519.89,2512.93,2515.37
2024-08-30 17:00:00,2515.24,2518.45,2506.42,2509.15
2024-08-30 18:00:00,2509.13,2509.56,2500.28,2502.51
2024-08-30 19:00:00,2502.52,2506.07,2496.7,2497.74
2024-08-30 20:00:00,2497.74,2500.48,2494.17,2499.64
2024-08-30 21:00:00,2499.59,2504.78,2499.48,2502.43
2024-08-30 22:00:00,2502.42,2504.04,2498.35,2502.38
2024-08-30 23:00:00,2502.32,2503.54,2501.84,2503.31
2024-09-02 01:00:00,2502.75,2504.67,2502.55,2503.46
2024-09-02 02:00:00,2503.48,2503.75,2501.98,2503.03
2024-09-02 03:00:00,2503.03,2505.03,2501.19,2501.55
2024-09-02 04:00:00,2501.57,2504.73,2496.66,2497.99
2024-09-02 05:00:00,2497.99,2498.28,2490.05,2491.96
2024-09-02 06:00:00,2491.96,2496.42,2491.49,2496.28
2024-09-02 07:00:00,2496.28,2499.46,2496.21,2496.95
2024-09-02 08:00:00,2496.95,2498.5,2495.33,2496.52
2024-09-02 09:00:00,2496.52,2501.42,2495.89,2497.64
2024-09-02 10:00:00,2497.64,2499.54,2496.2,2498.26
2024-09-02 11:00:00,2498.25,2507.3,2497.31,2506.36
2024-09-02 12:00:00,2506.36,2506.62,2498.19,2499.02
2024-09-02 13:00:00,2499.01,2502.05,2498.17,2499.25
2024-09-02 14:00:00,2499.25,2500.27,2497.16,2499.83
2024-09-02 15:00:00,2499.83,2503.23,2498.85,2501.28
2024-09-02 16:00:00,2501.28,2502.39,2498.55,2499.98
2024-09-02 17:00:00,2499.98,2502.49,2497.76,2502.05
2024-09-02 18:00:00,2502.04,2502.49,2499.9,2501.62
2024-09-02 19:00:00,2501.62,2501.94,2498.63,2500.56
2024-09-02 20:00:00,2500.56,2501.33,2498.8,2499.54
2024-09-02 21:00:00,2499.54,2500.15,2498.88,2499.62
2024-09-03 01:00:00,2499.29,2499.68,2497.55,2497.77
2024-09-03 02:00:00,2497.77,2498.52,2496.5,2497.22
2024-09-03 03:00:00,2497.26,2497.7,2495.02,2495.83
2024-09-03 04:00:00,2495.83,2495.89,2489.67,2493.77
2024-09-03 05:00:00,2493.79,2496.45,2492.49,2495.33
2024-09-03 06:00:00,2495.33,2495.89,2493.1,2494.82
2024-09-03 07:00:00,2494.82,2497.01,2493.93,2495.97
2024-09-03 08:00:00,2495.97,2495.97,2492.78,2495.05
2024-09-03 09:00:00,2495.05,2498.91,2492.82,2497.9
2024-09-03 10:00:00,2497.9,2502.08,2496.63,2500.89
2024-09-03 11:00:00,2500.87,2506.29,2500.59,2503.98
2024-09-03 12:00:00,2503.98,2505.04,2500.96,2500.96
2024-09-03 13:00:00,2500.96,2501.03,2492.68,2497.37
2024-09-03 14:00:00,2497.37,2501.62,2484.76,2489.76
2024-09-03 15:00:00,2489.76,2502.18,2487.13,2493.26
2024-09-03 16:00:00,2493.26,2497.67,2475.56,2479.8
2024-09-03 17:00:00,2479.78,2485.7,2473.39,2478.29
2024-09-03 18:00:00,2478.29,2489.53,2477.21,2488.41
2024-09-03 19:00:00,2488.41,2488.99,2483.98,2486.15
2024-09-03 20:00:00,2486.06,2492.05,2485.55,2489.5
2024-09-03 21:00:00,2489.5,2490.03,2487.11,2489.36
2024-09-03 22:00:00,2489.36,2494.4,2489.02,2492.04
2024-09-03 23:00:00,2492.06,2493.21,2491.42,2492.98
2024-09-04 01:00:00,2492.71,2494.54,2492.08,2493.18
2024-09-04 02:00:00,2493.18,2494.77,2492.36,2493.29
2024-09-04 03:00:00,2493.31,2495.04,2492.19,2492.4
2024-09-04 04:00:00,2492.38,2494.53,2491.4,2493.44
2024-09-04 05:00:00,2493.44,2496.92,2492.47,2495.32
2024-09-04 06:00:00,2495.32,2496.6,2493.59,2495.04
2024-09-04 07:00:00,2495.04,2496.78,2494.48,2495.91
2024-09-04 08:00:00,2495.93,2496.66,2492.74,2493.15
2024-09-04 09:00:00,2493.15,2493.4,2483.73,2484.31
2024-09-04 10:00:00,2484.3,2488.25,2481.99,2482.18
2024-09-04 11:00:00,2482.17,2483.36,2472.55,2473.31
2024-09-04 12:00:00,2473.32,2483.32,2471.92,2481.69
2024-09-04 13:00:00,2481.69,2490.01,2481.13,2489.07
2024-09-04 14:00:00,2489.07,2491.29,2486.76,2489.28
2024-09-04 15:00:00,2489.28,2491.14,2485.53,2486.59
2024-09-04 16:00:00,2486.59,2490.1,2482.08,2485.26
2024-09-04 17:00:00,2485.26,2500.27,2484.62,2496.22
2024-09-04 18:00:00,2496.26,2498.36,2492.82,2494.07
2024-09-04 19:00:00,2494.07,2498.0,2493.2,2496.78
2024-09-04 20:00:00,2496.77,2497.33,2493.55,2494.04
2024-09-04 21:00:00,2494.04,2495.61,2492.51,2494.69
2024-09-04 22:00:00,2494.69,2494.82,2491.51,2493.41
2024-09-04 23:00:00,2493.41,2497.01,2492.94,2495.45
2024-09-05 01:00:00,2495.42,2495.72,2494.63,2495.38
2024-09-05 02:00:00,2495.38,2496.91,2495.15,2495.89
2024-09-05 03:00:00,2495.89,2496.59,2494.54,2495.2
2024-09-05 04:00:00,2495.2,2499.36,2494.55,2496.46
2024-09-05 05:00:00,2496.46,2499.0,2496.24,2498.11
2024-09-05 06:00:00,2498.11,2498.65,2494.63,2494.89
2024-09-05 07:00:00,2494.89,2495.09,2493.85,2494.28
2024-09-05 08:00:00,2494.29,2502.34,2493.98,2502.04
2024-09-05 09:00:00,2502.04,2506.92,2500.87,2504.41
2024-09-05 10:00:00,2504.41,2507.56,2503.01,2506.46
2024-09-05 11:00:00,2506.46,2516.65,2506.01,2514.72
2024-09-05 12:00:00,2514.72,2517.29,2514.72,2515.54
2024-09-05 13:00:00,2515.54,2516.96,2513.39,2516.33
2024-09-05 14:00:00,2516.34,2518.4,2513.67,2515.27
2024-09-05 15:00:00,2515.27,2523.48,2514.16,2517.74
2024-09-05 16:00:00,2517.75,2519.44,2512.49,2514.6
2024-09-05 17:00:00,2514.6,2520.61,2507.68,2508.77
2024-09-05 18:00:00,2508.76,2511.0,2503.98,2507.13
2024-09-05 19:00:00,2507.16,2511.58,2506.14,2510.43
2024-09-05 20:00:00,2510.43,2515.46,2509.3,2515.17
2024-09-05 21:00:00,2515.17,2516.89,2514.84,2515.63
2024-09-05 22:00:00,2515.63,2516.13,2513.63,2514.9
2024-09-05 23:00:00,2514.89,2516.93,2514.86,2516.63
2024-09-06 01:00:00,2516.27,2516.53,2515.71,2516.19
2024-09-06 02:00:00,2516.19,2517.96,2516.15,2517.29
2024-09-06 03:00:00,2517.29,2517.63,2515.62,2515.99
2024-09-06 04:00:00,2515.99,2516.71,2513.52,2513.85
2024-09-06 05:00:00,2513.85,2518.04,2513.06,2517.75
2024-09-06 06:00:00,2517.75,2518.43,2516.98,2518.3
2024-09-06 07:00:00,2518.3,2519.54,2517.8,2518.47
2024-09-06 08:00:00,2518.47,2521.89,2518.46,2520.12
2024-09-06 09:00:00,2520.13,2521.48,2516.66,2519.25
2024-09-06 10:00:00,2519.25,2519.93,2516.33,2516.57
2024-09-06 11:00:00,2516.57,2518.28,2515.58,2517.88
2024-09-06 12:00:00,2517.88,2519.91,2516.4,2519.23
2024-09-06 13:00:00,2519.23,2519.88,2517.28,2518.95
2024-09-06 14:00:00,2518.95,2520.32,2514.74,2516.33
2024-09-06 15:00:00,2516.33,2529.25,2507.38,2522.27
2024-09-06 16:00:00,2522.3,2523.11,2502.27,2509.41
2024-09-06 17:00:00,2509.41,2515.64,2500.48,2506.74
2024-09-06 18:00:00,2506.74,2518.54,2503.72,2505.59
2024-09-06 19:00:00,2505.45,2505.79,2485.16,2489.01
2024-09-06 20:00:00,2489.01,2497.1,2485.94,2495.58
2024-09-06 21:00:00,2495.58,2496.94,2492.05,2494.62
2024-09-06 22:00:00,2494.7,2496.86,2490.76,2495.94
2024-09-06 23:00:00,2495.95,2497.88,2494.79,2497.13
2024-09-09 01:00:00,2496.92,2498.03,2496.2,2497.94
2024-09-09 02:00:00,2497.94,2498.34,2495.55,2496.93
2024-09-09 03:00:00,2496.93,2498.23,2495.66,2496.03
2024-09-09 04:00:00,2496.03,2498.68,2494.76,2497.8
2024-09-09 05:00:00,2497.8,2499.15,2496.98,2497.15
2024-09-09 06:00:00,2497.15,2500.51,2496.76,2499.3
2024-09-09 07:00:00,2499.3,2499.57,2497.53,2498.24
2024-09-09 08:00:00,2498.24,2498.32,2487.49,2487.89
2024-09-09 09:00:00,2487.89,2493.62,2485.57,2489.81
2024-09-09 10:00:00,2489.81,2496.71,2488.85,2494.26
2024-09-09 11:00:00,2494.32,2495.64,2490.1,2492.23
2024-09-09 12:00:00,2492.23,2497.64,2492.11,2496.45
2024-09-09 13:00:00,2496.48,2499.24,2493.2,2494.46
2024-09-09 14:00:00,2494.46,2498.89,2493.44,2497.24
2024-09-09 15:00:00,2497.23,2504.17,2496.34,2500.93
2024-09-09 16:00:00,2500.93,2505.27,2499.37,2499.81
2024-09-09 17:00:00,2499.84,2501.25,2493.33,2496.91
2024-09-09 18:00:00,2496.91,2499.56,2493.63,2499.15
2024-09-09 19:00:00,2499.15,2505.31,2499.15,2504.4
2024-09-09 20:00:00,2504.4,2506.54,2499.47,2499.99
2024-09-09 21:00:00,2500.0,2505.33,2499.47,2504.78
2024-09-09 22:00:00,2504.78,2506.14,2502.7,2506.03
2024-09-09 23:00:00,2506.02,2507.24,2505.33,2506.37
2024-09-10 01:00:00,2506.71,2507.21,2505.87,2507.08
2024-09-10 02:00:00,2507.08,2507.69,2505.75,2506.79
2024-09-10 03:00:00,2506.79,2507.51,2504.84,2505.45
2024-09-10 04:00:00,2505.45,2506.9,2502.85,2503.9
2024-09-10 05:00:00,2503.9,2504.06,2501.84,2503.05
2024-09-10 06:00:00,2503.05,2504.4,2501.48,2502.58
2024-09-10 07:00:00,2502.59,2502.88,2501.1,2501.84
2024-09-10 08:00:00,2501.71,2504.99,2500.81,2503.87
2024-09-10 09:00:00,2503.87,2506.57,2503.41,2505.14
2024-09-10 10:00:00,2505.14,2507.74,2502.13,2502.79
2024-09-10 11:00:00,2502.8,2503.15,2500.16,2502.31
2024-09-10 12:00:00,2502.31,2506.12,2500.22,2506.12
2024-09-10 13:00:00,2506.12,2509.69,2505.2,2505.7
2024-09-10 14:00:00,2505.7,2507.17,2504.27,2504.64
2024-09-10 15:00:00,2504.61,2514.11,2504.53,2513.88
2024-09-10 16:00:00,2513.88,2515.37,2506.35,2506.83
2024-09-10 17:00:00,2506.83,2509.28,2500.93,2509.09
2024-09-10 18:00:00,2509.09,2518.48,2508.25,2512.71
2024-09-10 19:00:00,2512.71,2515.52,2510.7,2514.46
2024-09-10 20:00:00,2514.46,2515.71,2512.89,2513.18
2024-09-10 21:00:00,2513.18,2516.67,2512.12,2516.41
2024-09-10 22:00:00,2516.41,2517.52,2514.14,2517.31
2024-09-10 23:00:00,2517.31,2517.42,2515.79,2516.64
2024-09-11 01:00:00,2516.73,2517.14,2516.37,2516.49
2024-09-11 02:00:00,2516.49,2518.88,2516.41,2518.74
2024-09-11 03:00:00,2518.67,2519.16,2516.2,2516.61
2024-09-11 04:00:00,2516.61,2522.59,2515.02,2518.72
2024-09-11 05:00:00,2518.72,2520.35,2517.65,2518.78
2024-09-11 06:00:00,2518.79,2519.97,2516.85,2519.5
2024-09-11 07:00:00,2519.5,2520.18,2518.66,2519.64
2024-09-11 08:00:00,2519.64,2522.49,2519.38,2521.32
2024-09-11 09:00:00,2521.33,2529.08,2520.93,2526.62
2024-09-11 10:00:00,2526.62,2527.75,2520.79,2521.49
2024-09-11 11:00:00,2521.5,2527.26,2520.78,2524.31
2024-09-11 12:00:00,2524.31,2524.71,2522.09,2523.26
2024-09-11 13:00:00,2523.26,2523.31,2519.87,2521.83
2024-09-11 14:00:00,2521.83,2524.24,2520.77,2522.24
2024-09-11 15:00:00,2522.24,2523.34,2502.21,2508.19
2024-09-11 16:00:00,2508.23,2512.93,2503.19,2509.66
2024-09-11 17:00:00,2509.66,2510.46,2500.93,2509.47
2024-09-11 18:00:00,2509.51,2514.96,2508.77,2514.85
2024-09-11 19:00:00,2514.85,2520.13,2513.74,2515.24
2024-09-11 20:00:00,2515.24,2516.91,2512.41,2514.65
2024-09-11 21:00:00,2514.65,2516.39,2511.27,2511.53
2024-09-11 22:00:00,2511.53,2513.29,2509.84,2512.98
2024-09-11 23:00:00,2512.99,2513.87,2511.34,2511.56
2024-09-12 01:00:00,2513.22,2513.94,2512.47,2512.93
2024-09-12 02:00:00,2512.93,2513.11,2511.86,2511.95
2024-09-12 03:00:00,2511.95,2512.48,2511.13,2512.22
2024-09-12 04:00:00,2512.22,2515.24,2511.72,2513.22
2024-09-12 05:00:00,2513.22,2514.13,2511.08,2512.26
2024-09-12 06:00:00,2512.26,2516.08,2512.2,2515.87
2024-09-12 07:00:00,2515.87,2517.8,2515.65,2517.07
2024-09-12 08:00:00,2517.07,2519.76,2517.04,2519.48
2024-09-12 09:00:00,2519.48,2522.29,2516.78,2516.94
2024-09-12 10:00:00,2516.94,2517.75,2514.57,2515.96
2024-09-12 11:00:00,2515.96,2519.34,2515.14,2517.4
2024-09-12 12:00:00,2517.4,2519.24,2516.42,2518.81
2024-09-12 13:00:00,2518.81,2521.13,2513.19,2513.27
2024-09-12 14:00:00,2513.26,2520.38,2513.06,2519.54
2024-09-12 15:00:00,2519.55,2535.33,2518.98,2528.69
2024-09-12 16:00:00,2528.56,2551.69,2522.11,2545.44
2024-09-12 17:00:00,2545.43,2554.79,2541.85,2553.39
2024-09-12 18:00:00,2553.4,2555.21,2548.89,2553.36
2024-09-12 19:00:00,2553.36,2553.73,2544.91,2550.74
2024-09-12 20:00:00,2550.79,2554.83,2550.18,2554.01
2024-09-12 21:00:00,2554.07,2558.88,2552.06,2555.92
2024-09-12 22:00:00,2555.92,2559.17,2554.61,2557.88
2024-09-12 23:00:00,2557.87,2560.15,2556.8,2558.64
2024-09-13 01:00:00,2558.32,2559.57,2557.26,2557.44
2024-09-13 02:00:00,2557.44,2558.65,2556.75,2558.53
2024-09-13 03:00:00,2558.53,2562.7,2556.81,2561.62
2024-09-13 04:00:00,2561.63,2568.02,2559.97,2563.24
2024-09-13 05:00:00,2563.24,2565.65,2561.65,2565.41
2024-09-13 06:00:00,2565.41,2570.1,2564.69,2567.94
2024-09-13 07:00:00,2567.94,2570.11,2566.68,2568.88
2024-09-13 08:00:00,2568.88,2570.32,2565.97,2566.61
2024-09-13 09:00:00,2566.59,2568.85,2563.16,2567.13
2024-09-13 10:00:00,2567.13,2571.12,2563.91,2569.82
2024-09-13 11:00:00,2569.82,2570.99,2565.73,2569.98
2024-09-13 12:00:00,2569.99,2572.97,2567.04,2568.61
2024-09-13 13:00:00,2568.61,2569.35,2565.65,2567.12
2024-09-13 14:00:00,2567.12,2568.35,2563.77,2567.38
2024-09-13 15:00:00,2567.38,2575.94,2566.1,2575.88
2024-09-13 16:00:00,2575.87,2583.43,2573.56,2577.63
2024-09-13 17:00:00,2577.63,2580.24,2573.17,2578.39
2024-09-13 18:00:00,2578.39,2582.49,2573.69,2582.31
2024-09-13 19:00:00,2582.31,2585.17,2580.13,2584.38
2024-09-13 20:00:00,2584.38,2586.09,2581.52,2582.71
2024-09-13 21:00:00,2582.7,2584.05,2580.76,2582.3
2024-09-13 22:00:00,2582.3,2582.99,2578.72,2582.67
2024-09-13 23:00:00,2582.67,2582.95,2579.44,2579.45
2024-09-16 01:00:00,2578.74,2580.47,2577.58,2580.12
2024-09-16 02:00:00,2580.12,2580.36,2578.31,2579.16
2024-09-16 03:00:00,2579.16,2582.4,2578.91,2581.34
2024-09-16 04:00:00,2581.34,2582.88,2579.92,2581.77
2024-09-16 05:00:00,2581.77,2585.98,2581.56,2585.45
2024-09-16 06:00:00,2585.45,2588.97,2583.84,2586.36
2024-09-16 07:00:00,2586.36,2586.77,2584.96,2585.85
2024-09-16 08:00:00,2585.85,2589.54,2585.49,2588.81
2024-09-16 09:00:00,2588.83,2589.68,2585.18,2585.34
2024-09-16 10:00:00,2585.34,2585.68,2579.55,2582.14
2024-09-16 11:00:00,2582.14,2588.52,2581.45,2586.87
2024-09-16 12:00:00,2586.87,2588.36,2584.22,2585.54
2024-09-16 13:00:00,2585.54,2586.43,2575.3,2579.83
2024-09-16 14:00:00,2579.8,2583.24,2578.71,2582.98
2024-09-16 15:00:00,2583.01,2583.58,2578.53,2583.44
2024-09-16 16:00:00,2583.44,2589.36,2581.26,2588.26
2024-09-16 17:00:00,2588.26,2588.54,2576.13,2580.26
2024-09-16 18:00:00,2580.26,2581.91,2577.73,2579.91
2024-09-16 19:00:00,2579.91,2584.12,2579.6,2583.72
2024-09-16 20:00:00,2583.72,2584.17,2579.91,2582.64
2024-09-16 21:00:00,2582.64,2582.92,2580.24,2581.06
2024-09-16 22:00:00,2581.06,2583.27,2579.64,2582.55
2024-09-16 23:00:00,2582.55,2583.53,2581.84,2582.42
2024-09-17 01:00:00,2582.7,2583.63,2582.46,2582.98
2024-09-17 02:00:00,2582.98,2583.91,2582.23,2583.72
2024-09-17 03:00:00,2583.72,2584.49,2580.3,2580.33
2024-09-17 04:00:00,2580.33,2582.76,2578.46,2582.63
2024-09-17 05:00:00,2582.63,2586.37,2581.04,2581.59
2024-09-17 06:00:00,2581.59,2581.59,2576.85,2577.24
2024-09-17 07:00:00,2577.24,2579.18,2574.92,2576.93
2024-09-17 08:00:00,2576.93,2579.59,2574.59,2579.33
2024-09-17 09:00:00,2579.33,2586.95,2579.33,2584.38
2024-09-17 10:00:00,2584.38,2585.71,2582.76,2583.86
2024-09-17 11:00:00,2583.86,2584.17,2577.67,2580.16
2024-09-17 12:00:00,2580.14,2580.17,2571.79,2573.66
2024-09-17 13:00:00,2573.66,2576.09,2569.77,2573.02
2024-09-17 14:00:00,2573.02,2581.66,2572.3,2579.86
2024-09-17 15:00:00,2579.86,2581.62,2568.39,2577.81
2024-09-17 16:00:00,2577.8,2579.58,2573.13,2573.72
2024-09-17 17:00:00,2573.72,2582.25,2571.83,2576.49
2024-09-17 18:00:00,2576.5,2577.1,2561.82,2565.63
2024-09-17 19:00:00,2565.66,2566.67,2561.44,2563.14
2024-09-17 20:00:00,2563.14,2570.48,2560.68,2569.92
2024-09-17 21:00:00,2569.92,2571.67,2568.72,2570.19
2024-09-17 22:00:00,2570.19,2571.19,2567.02,2568.68
2024-09-17 23:00:00,2568.71,2570.3,2568.38,2569.47
2024-09-18 01:00:00,2570.24,2571.43,2569.94,2570.79
2024-09-18 02:00:00,2570.79,2574.44,2570.74,2574.09
2024-09-18 03:00:00,2574.09,2574.83,2571.51,2573.09
2024-09-18 04:00:00,2573.09,2576.49,2571.59,2572.24
2024-09-18 05:00:00,2572.24,2574.16,2570.06,2573.78
2024-09-18 06:00:00,2573.77,2576.41,2572.82,2575.9
2024-09-18 07:00:00,2575.9,2576.49,2567.97,2568.65
2024-09-18 08:00:00,2568.65,2569.26,2565.75,2567.67
2024-09-18 09:00:00,2567.67,2570.04,2566.63,2569.16
2024-09-18 10:00:00,2569.16,2571.98,2568.69,2571.57
2024-09-18 11:00:00,2571.57,2571.96,2568.29,2569.8
2024-09-18 12:00:00,2569.8,2571.98,2568.02,2571.98
2024-09-18 13:00:00,2571.98,2578.15,2571.08,2576.17
2024-09-18 14:00:00,2576.17,2580.76,2575.1,2577.48
2024-09-18 15:00:00,2577.48,2578.9,2573.58,2576.27
2024-09-18 16:00:00,2576.27,2578.6,2568.66,2571.86
2024-09-18 17:00:00,2571.79,2574.86,2568.1,2571.73
2024-09-18 18:00:00,2571.73,2574.51,2568.14,2569.78
2024-09-18 19:00:00,2569.78,2575.26,2568.93,2574.89
2024-09-18 20:00:00,2574.9,2574.9,2566.75,2567.33
2024-09-18 21:00:00,2567.33,2600.18,2567.33,2575.81
2024-09-18 22:00:00,2575.74,2576.26,2546.87,2549.0
2024-09-18 23:00:00,2548.99,2560.95,2548.49,2559.29
2024-09-19 01:00:00,2558.62,2561.64,2555.8,2559.34
2024-09-19 02:00:00,2559.34,2559.74,2556.3,2559.33
2024-09-19 03:00:00,2559.33,2559.58,2557.0,2558.82
2024-09-19 04:00:00,2558.82,2558.82,2551.07,2555.33
2024-09-19 05:00:00,2555.34,2566.71,2555.34,2564.2
2024-09-19 06:00:00,2564.2,2565.35,2561.34,2564.02
2024-09-19 07:00:00,2564.02,2564.15,2559.62,2564.14
2024-09-19 08:00:00,2564.14,2574.54,2564.04,2574.51
2024-09-19 09:00:00,2574.52,2578.8,2573.98,2575.88
2024-09-19 10:00:00,2575.88,2584.65,2575.08,2584.43
2024-09-19 11:00:00,2584.43,2586.67,2581.45,2585.0
2024-09-19 12:00:00,2585.0,2594.9,2584.08,2591.82
2024-09-19 13:00:00,2591.83,2591.87,2585.96,2588.69
2024-09-19 14:00:00,2588.69,2589.79,2584.45,2589.46
2024-09-19 15:00:00,2589.45,2591.3,2573.27,2576.88
2024-09-19 16:00:00,2576.82,2582.56,2569.83,2575.21
2024-09-19 17:00:00,2575.22,2584.61,2571.76,2581.26
2024-09-19 18:00:00,2581.27,2589.45,2580.47,2589.12
2024-09-19 19:00:00,2589.13,2592.6,2587.79,2591.78
2024-09-19 20:00:00,2591.78,2592.73,2587.95,2590.57
2024-09-19 21:00:00,2590.59,2590.81,2586.65,2588.28
2024-09-19 22:00:00,2588.28,2588.93,2586.0,2588.4
2024-09-19 23:00:00,2588.41,2589.79,2585.99,2586.78
2024-09-20 01:00:00,2586.38,2587.88,2586.18,2587.74
2024-09-20 02:00:00,2587.74,2587.78,2586.47,2587.26
2024-09-20 03:00:00,2587.26,2588.54,2586.14,2588.15
2024-09-20 04:00:00,2588.15,2589.54,2584.83,2588.39
2024-09-20 05:00:00,2588.35,2592.55,2587.46,2591.57
2024-09-20 06:00:00,2591.58,2593.67,2590.95,2591.47
2024-09-20 07:00:00,2591.47,2594.41,2591.42,2593.76
2024-09-20 08:00:00,2593.77,2595.24,2592.43,2594.53
2024-09-20 09:00:00,2594.52,2607.05,2594.34,2605.53
2024-09-20 10:00:00,2605.51,2609.76,2604.77,2607.22
2024-09-20 11:00:00,2607.22,2612.75,2605.53,2609.78
2024-09-20 12:00:00,2609.78,2610.53,2602.59,2606.33
2024-09-20 13:00:00,2606.33,2614.25,2606.27,2613.17
2024-09-20 14:00:00,2613.25,2615.46,2610.32,2613.73
2024-09-20 15:00:00,2613.72,2619.37,2613.47,2615.61
2024-09-20 16:00:00,2615.61,2616.6,2602.69,2606.72
2024-09-20 17:00:00,2606.72,2617.18,2604.78,2614.03
2024-09-20 18:00:00,2614.03,2623.02,2611.24,2622.83
2024-09-20 19:00:00,2622.83,2625.76,2619.76,2624.89
2024-09-20 20:00:00,2624.92,2625.41,2619.27,2619.59
2024-09-20 21:00:00,2619.59,2622.27,2617.87,2621.78
2024-09-20 22:00:00,2621.77,2623.42,2620.72,2621.17
2024-09-20 23:00:00,2621.16,2622.39,2619.09,2622.17
2024-09-23 01:00:00,2620.74,2621.98,2619.74,2620.47
2024-09-23 02:00:00,2620.48,2621.54,2619.68,2620.25
2024-09-23 03:00:00,2620.25,2620.45,2618.21,2618.31
2024-09-23 04:00:00,2618.31,2621.54,2616.13,2620.19
2024-09-23 05:00:00,2620.19,2626.23,2618.85,2625.4
2024-09-23 06:00:00,2625.4,2631.12,2624.9,2628.56
2024-09-23 07:00:00,2628.56,2631.0,2628.05,2629.43
2024-09-23 08:00:00,2629.43,2631.39,2626.84,2630.03
2024-09-23 09:00:00,2630.03,2630.17,2624.5,2624.5
2024-09-23 10:00:00,2624.5,2625.06,2613.85,2615.18
2024-09-23 11:00:00,2615.18,2619.7,2614.7,2616.87
2024-09-23 12:00:00,2616.87,2622.1,2615.41,2621.62
2024-09-23 13:00:00,2621.61,2623.67,2620.75,2621.57
2024-09-23 14:00:00,2621.57,2625.8,2620.98,2624.1
2024-09-23 15:00:00,2624.1,2628.13,2620.1,2627.09
2024-09-23 16:00:00,2627.09,2634.31,2625.66,2631.99
2024-09-23 17:00:00,2631.96,2634.89,2628.12,2630.44
2024-09-23 18:00:00,2630.44,2631.98,2625.82,2629.32
2024-09-23 19:00:00,2629.31,2630.86,2626.62,2628.24
2024-09-23 20:00:00,2628.22,2629.19,2626.51,2628.02
2024-09-23 21:00:00,2628.04,2628.79,2626.06,2627.37
2024-09-23 22:00:00,2627.37,2627.96,2625.74,2626.3
2024-09-23 23:00:00,2626.29,2628.58,2626.22,2628.42
2024-09-24 01:00:00,2627.56,2628.47,2627.23,2627.5
2024-09-24 02:00:00,2627.52,2627.52,2625.89,2626.38
2024-09-24 03:00:00,2626.38,2626.67,2623.93,2625.26
2024-09-24 04:00:00,2625.24,2630.22,2624.95,2629.15
2024-09-24 05:00:00,2629.15,2629.35,2626.77,2629.01
2024-09-24 06:00:00,2629.01,2636.15,2628.86,2634.05
2024-09-24 07:00:00,2634.05,2638.29,2632.06,2638.13
2024-09-24 08:00:00,2638.13,2640.11,2625.24,2625.44
2024-09-24 09:00:00,2625.44,2629.92,2624.56,2628.73
2024-09-24 10:00:00,2628.73,2630.29,2622.65,2628.96
2024-09-24 11:00:00,2628.95,2629.56,2625.97,2629.07
2024-09-24 12:00:00,2629.07,2630.91,2627.14,2630.8
2024-09-24 13:00:00,2630.8,2636.15,2630.65,2633.43
2024-09-24 14:00:00,2633.42,2633.44,2623.42,2626.42
2024-09-24 15:00:00,2626.42,2633.32,2623.55,2633.21
2024-09-24 16:00:00,2633.21,2637.32,2631.01,2635.35
2024-09-24 17:00:00,2635.36,2647.2,2634.6,2643.63
2024-09-24 18:00:00,2643.63,2648.45,2639.83,2643.18
2024-09-24 19:00:00,2643.18,2655.22,2642.5,2653.56
2024-09-24 20:00:00,2653.56,2654.53,2649.88,2654.09
2024-09-24 21:00:00,2654.12,2657.72,2653.45,2657.33
2024-09-24 22:00:00,2657.33,2664.39,2656.49,2662.82
2024-09-24 23:00:00,2662.75,2663.72,2656.54,2657.15
2024-09-25 01:00:00,2658.54,2659.85,2657.71,2659.17
2024-09-25 02:00:00,2659.16,2659.25,2656.73,2658.2
2024-09-25 03:00:00,2658.2,2661.07,2656.68,2660.87
2024-09-25 04:00:00,2660.88,2662.91,2655.56,2660.12
2024-09-25 05:00:00,2660.1,2670.54,2659.73,2670.13
2024-09-25 06:00:00,2670.13,2670.24,2659.92,2661.57
2024-09-25 07:00:00,2661.57,2661.72,2657.71,2658.95
2024-09-25 08:00:00,2658.95,2659.85,2654.49,2657.28
2024-09-25 09:00:00,2657.28,2659.83,2653.55,2654.7
2024-09-25 10:00:00,2654.74,2657.67,2650.53,2656.98
2024-09-25 11:00:00,2656.98,2658.54,2654.64,2655.94
2024-09-25 12:00:00,2655.95,2657.72,2652.76,2656.98
2024-09-25 13:00:00,2656.98,2658.21,2654.43,2655.61
2024-09-25 14:00:00,2655.61,2658.1,2653.96,2657.49
2024-09-25 15:00:00,2657.49,2660.83,2657.02,2659.6
2024-09-25 16:00:00,2659.57,2666.13,2658.4,2664.46
2024-09-25 17:00:00,2664.46,2667.53,2654.35,2658.92
2024-09-25 18:00:00,2659.06,2660.82,2655.33,2657.86
2024-09-25 19:00:00,2657.82,2658.84,2649.85,2653.71
2024-09-25 20:00:00,2653.71,2662.99,2653.18,2660.63
2024-09-25 21:00:00,2660.63,2661.73,2659.12,2660.44
2024-09-25 22:00:00,2660.44,2661.61,2659.47,2659.75
2024-09-25 23:00:00,2659.75,2660.27,2656.3,2657.02
2024-09-26 01:00:00,2658.15,2659.65,2657.12,2658.31
2024-09-26 02:00:00,2658.31,2659.51,2656.16,2656.32
2024-09-26 03:00:00,2656.35,2660.37,2655.43,2659.13
2024-09-26 04:00:00,2659.13,2661.46,2657.76,2660.85
2024-09-26 05:00:00,2660.85,2661.64,2657.1,2658.15
2024-09-26 06:00:00,2658.15,2662.61,2657.73,2662.6
2024-09-26 07:00:00,2662.6,2662.96,2660.23,2660.7
2024-09-26 08:00:00,2660.7,2663.5,2659.83,2661.54
2024-09-26 09:00:00,2661.53,2662.69,2658.02,2661.77
2024-09-26 10:00:00,2661.78,2666.9,2659.51,2664.73
2024-09-26 11:00:00,2664.68,2670.51,2664.63,2669.04
2024-09-26 12:00:00,2669.04,2669.87,2666.99,2668.91
2024-09-26 13:00:00,2668.93,2675.69,2667.53,2672.72
2024-09-26 14:00:00,2672.67,2685.59,2672.29,2682.85
2024-09-26 15:00:00,2682.85,2684.25,2668.58,2677.27
2024-09-26 16:00:00,2677.27,2679.77,2654.83,2660.75
2024-09-26 17:00:00,2660.78,2669.65,2659.66,2665.87
2024-09-26 18:00:00,2665.89,2673.22,2662.48,2671.44
2024-09-26 19:00:00,2671.4,2672.5,2662.97,2668.21
2024-09-26 20:00:00,2668.23,2672.29,2667.63,2670.98
2024-09-26 21:00:00,2670.98,2677.15,2670.15,2675.94
2024-09-26 22:00:00,2675.95,2677.92,2672.32,2673.7
2024-09-26 23:00:00,2673.7,2674.06,2670.88,2672.23
2024-09-27 01:00:00,2672.08,2673.21,2671.81,2672.38
2024-09-27 02:00:00,2672.4,2673.24,2672.01,2672.72
2024-09-27 03:00:00,2672.72,2672.74,2669.43,2669.83
2024-09-27 04:00:00,2669.83,2672.81,2666.28,2669.58
2024-09-27 05:00:00,2669.59,2671.08,2667.3,2669.03
2024-09-27 06:00:00,2669.03,2673.99,2668.69,2673.69
2024-09-27 07:00:00,2673.69,2673.94,2669.34,2670.51
2024-09-27 08:00:00,2670.51,2671.33,2662.36,2664.87
2024-09-27 09:00:00,2664.87,2669.52,2664.1,2665.89
2024-09-27 10:00:00,2665.92,2668.29,2660.95,2664.8
2024-09-27 11:00:00,2664.72,2665.45,2661.85,2662.59
2024-09-27 12:00:00,2662.59,2665.01,2658.38,2663.76
2024-09-27 13:00:00,2663.76,2665.66,2662.08,2664.38
2024-09-27 14:00:00,2664.38,2669.22,2664.33,2666.15
2024-09-27 15:00:00,2666.15,2674.32,2662.37,2670.08
2024-09-27 16:00:00,2670.03,2670.83,2664.07,2666.05
2024-09-27 17:00:00,2666.05,2666.95,2649.41,2649.49
2024-09-27 18:00:00,2649.49,2654.66,2644.78,2649.85
2024-09-27 19:00:00,2649.83,2656.34,2646.09,2651.81
2024-09-27 20:00:00,2651.81,2652.35,2643.18,2645.17
2024-09-27 21:00:00,2645.17,2648.93,2643.5,2648.0
2024-09-27 22:00:00,2648.0,2652.88,2645.64,2652.11
2024-09-27 23:00:00,2651.99,2659.2,2651.16,2658.88
2024-09-30 01:00:00,2661.64,2663.52,2659.88,2662.75
2024-09-30 02:00:00,2662.75,2665.13,2661.71,2663.6
2024-09-30 03:00:00,2663.6,2666.03,2661.29,2661.67
2024-09-30 04:00:00,2661.64,2664.42,2647.39,2652.69
2024-09-30 05:00:00,2652.69,2656.43,2650.29,2652.6
2024-09-30 06:00:00,2652.61,2655.56,2652.24,2653.57
2024-09-30 07:00:00,2653.57,2655.93,2652.14,2655.91
2024-09-30 08:00:00,2655.91,2659.37,2654.41,2657.85
2024-09-30 09:00:00,2657.87,2660.12,2655.73,2657.87
2024-09-30 10:00:00,2657.92,2660.65,2650.68,2650.95
2024-09-30 11:00:00,2650.95,2656.69,2650.65,2653.53
2024-09-30 12:00:00,2653.58,2653.69,2648.41,2649.72
2024-09-30 13:00:00,2649.74,2650.1,2635.81,2636.95
2024-09-30 14:00:00,2636.95,2642.89,2634.51,2641.7
2024-09-30 15:00:00,2641.7,2644.24,2634.98,2638.96
2024-09-30 16:00:00,2638.96,2642.14,2630.53,2635.82
2024-09-30 17:00:00,2635.79,2636.19,2628.88,2633.29
2024-09-30 18:00:00,2633.29,2636.48,2630.33,2633.93
2024-09-30 19:00:00,2633.93,2639.43,2633.49,2639.11
2024-09-30 20:00:00,2639.1,2641.85,2636.45,2637.88
2024-09-30 21:00:00,2637.88,2638.35,2624.73,2631.55
2024-09-30 22:00:00,2631.54,2631.81,2626.56,2631.02
2024-09-30 23:00:00,2631.0,2635.14,2630.8,2634.66
2024-10-01 01:00:00,2633.74,2635.03,2633.22,2635.03
2024-10-01 02:00:00,2635.06,2636.26,2634.6,2635.73
2024-10-01 03:00:00,2635.73,2637.23,2633.92,2636.53
2024-10-01 04:00:00,2636.53,2639.81,2635.57,2639.79
2024-10-01 05:00:00,2639.79,2639.99,2635.04,2636.44
2024-10-01 06:00:00,2636.44,2638.65,2634.56,2638.01
2024-10-01 07:00:00,2638.01,2640.44,2637.44,2639.66
2024-10-01 08:00:00,2639.66,2644.4,2639.61,2643.08
2024-10-01 09:00:00,2643.08,2645.58,2642.68,2645.28
2024-10-01 10:00:00,2645.33,2647.46,2641.73,2645.65
2024-10-01 11:00:00,2645.67,2646.82,2642.41,2646.59
2024-10-01 12:00:00,2646.59,2649.29,2645.44,2648.7
2024-10-01 13:00:00,2648.7,2650.58,2648.27,2650.36
2024-10-01 14:00:00,2650.36,2652.15,2646.91,2650.29
2024-10-01 15:00:00,2650.29,2656.68,2650.24,2651.54
2024-10-01 16:00:00,2651.54,2671.81,2648.04,2667.71
2024-10-01 17:00:00,2667.71,2669.92,2657.44,2659.22
2024-10-01 18:00:00,2659.13,2665.47,2653.95,2663.5
2024-10-01 19:00:00,2663.5,2673.11,2661.3,2666.49
2024-10-01 20:00:00,2666.54,2671.74,2661.26,2662.53
2024-10-01 21:00:00,2662.53,2664.95,2657.62,2661.17
2024-10-01 22:00:00,2661.16,2664.4,2658.22,2658.72
2024-10-01 23:00:00,2658.72,2664.02,2657.9,2663.38
2024-10-02 01:00:00,2661.62,2662.91,2661.19,2662.12
2024-10-02 02:00:00,2662.13,2662.29,2660.21,2660.41
2024-10-02 03:00:00,2660.41,2660.67,2657.03,2657.47
2024-10-02 04:00:00,2657.47,2662.07,2656.32,2660.62
2024-10-02 05:00:00,2660.62,2661.15,2658.84,2660.17
2024-10-02 06:00:00,2660.17,2661.57,2655.16,2655.41
2024-10-02 07:00:00,2655.42,2656.53,2652.67,2654.16
2024-10-02 08:00:00,2654.16,2656.2,2644.56,2648.05
2024-10-02 09:00:00,2648.05,2650.74,2647.24,2649.7
2024-10-02 10:00:00,2649.72,2655.52,2649.52,2655.42
2024-10-02 11:00:00,2655.43,2655.88,2648.69,2652.47
2024-10-02 12:00:00,2652.47,2655.51,2651.68,2652.95
2024-10-02 13:00:00,2652.95,2654.42,2648.82,2649.19
2024-10-02 14:00:00,2649.19,2652.64,2648.02,2649.56
2024-10-02 15:00:00,2649.56,2653.01,2643.76,2649.59
2024-10-02 16:00:00,2649.62,2660.89,2649.25,2659.57
2024-10-02 17:00:00,2659.59,2663.4,2647.48,2648.13
2024-10-02 18:00:00,2648.14,2650.72,2641.15,2650.0
2024-10-02 19:00:00,2650.0,2652.36,2648.17,2649.75
2024-10-02 20:00:00,2649.75,2652.82,2647.19,2652.21
2024-10-02 21:00:00,2652.21,2655.99,2651.17,2654.07
2024-10-02 22:00:00,2654.08,2658.98,2653.7,2658.66
2024-10-02 23:00:00,2658.68,2659.95,2658.32,2658.63
2024-10-03 01:00:00,2658.88,2660.39,2658.63,2659.55
2024-10-03 02:00:00,2659.55,2661.26,2659.46,2660.33
2024-10-03 03:00:00,2660.34,2662.96,2657.45,2657.82
2024-10-03 04:00:00,2657.82,2658.96,2655.0,2658.29
2024-10-03 05:00:00,2658.29,2658.71,2655.39,2655.81
2024-10-03 06:00:00,2655.81,2658.06,2653.34,2656.07
2024-10-03 07:00:00,2656.07,2656.56,2654.69,2655.02
2024-10-03 08:00:00,2655.02,2656.66,2651.95,2653.3
2024-10-03 09:00:00,2653.3,2657.5,2651.34,2655.92
2024-10-03 10:00:00,2655.93,2656.32,2643.54,2645.27
2024-10-03 11:00:00,2645.27,2647.47,2641.87,2645.17
2024-10-03 12:00:00,2645.17,2647.64,2641.04,2644.85
2024-10-03 13:00:00,2644.85,2648.1,2644.08,2646.83
2024-10-03 14:00:00,2646.83,2649.06,2643.7,2648.06
2024-10-03 15:00:00,2648.05,2654.01,2642.13,2642.43
2024-10-03 16:00:00,2642.42,2651.4,2641.65,2647.7
2024-10-03 17:00:00,2647.02,2654.49,2637.72,2650.22
2024-10-03 18:00:00,2650.22,2654.6,2648.01,2648.87
2024-10-03 19:00:00,2648.87,2661.19,2648.6,2660.06
2024-10-03 20:00:00,2660.06,2662.14,2655.18,2656.77
2024-10-03 21:00:00,2656.77,2659.72,2655.42,2657.55
2024-10-03 22:00:00,2657.55,2659.46,2657.03,2657.94
2024-10-03 23:00:00,2657.93,2657.97,2655.78,2655.99
2024-10-04 01:00:00,2655.91,2656.31,2654.36,2656.07
2024-10-04 02:00:00,2656.07,2656.64,2654.37,2655.82
2024-10-04 03:00:00,2655.82,2657.58,2655.52,2657.31
2024-10-04 04:00:00,2657.31,2659.25,2656.81,2658.32
2024-10-04 05:00:00,2658.32,2663.56,2657.99,2662.11
2024-10-04 06:00:00,2662.11,2663.64,2660.81,2661.14
2024-10-04 07:00:00,2661.13,2665.87,2660.67,2664.13
2024-10-04 08:00:00,2664.13,2667.87,2664.13,2667.44
2024-10-04 09:00:00,2667.44,2667.61,2659.74,2660.3
2024-10-04 10:00:00,2660.31,2663.17,2658.78,2661.07
2024-10-04 11:00:00,2661.07,2661.57,2658.89,2659.11
2024-10-04 12:00:00,2659.11,2660.26,2656.89,2657.53
2024-10-04 13:00:00,2657.53,2660.78,2657.21,2658.32
2024-10-04 14:00:00,2658.32,2662.6,2657.47,2661.38
2024-10-04 15:00:00,2661.38,2661.5,2632.03,2638.87
2024-10-04 16:00:00,2638.85,2655.18,2637.54,2651.9
2024-10-04 17:00:00,2651.91,2661.17,2646.5,2658.41
2024-10-04 18:00:00,2658.43,2670.16,2647.84,2653.28
2024-10-04 19:00:00,2653.29,2653.88,2641.91,2645.38
2024-10-04 20:00:00,2645.41,2650.47,2644.03,2650.1
2024-10-04 21:00:00,2650.1,2650.78,2644.37,2645.64
2024-10-04 22:00:00,2645.64,2652.13,2642.8,2651.59
2024-10-04 23:00:00,2651.63,2653.33,2649.86,2652.84
2024-10-07 01:00:00,2651.47,2652.21,2649.74,2650.85
2024-10-07 02:00:00,2650.83,2652.46,2649.76,2650.19
2024-10-07 03:00:00,2650.19,2651.14,2647.8,2649.3
2024-10-07 04:00:00,2649.3,2651.96,2643.88,2646.2
2024-10-07 05:00:00,2646.22,2648.68,2645.32,2645.33
2024-10-07 06:00:00,2645.33,2647.48,2643.86,2647.46
2024-10-07 07:00:00,2647.46,2648.65,2646.38,2646.8
2024-10-07 08:00:00,2646.8,2646.8,2640.11,2640.75
2024-10-07 09:00:00,2640.77,2643.95,2639.76,2643.25
2024-10-07 10:00:00,2643.26,2652.87,2642.08,2652.09
2024-10-07 11:00:00,2652.1,2656.43,2651.7,2652.37
2024-10-07 12:00:00,2652.37,2657.28,2650.74,2656.62
2024-10-07 13:00:00,2656.62,2658.53,2655.22,2655.39
2024-10-07 14:00:00,2655.38,2659.64,2655.11,2656.99
2024-10-07 15:00:00,2657.02,2659.27,2637.78,2640.12
2024-10-07 16:00:00,2640.12,2653.77,2639.72,2642.79
2024-10-07 17:00:00,2642.79,2647.81,2640.49,2640.86
2024-10-07 18:00:00,2640.86,2650.15,2639.13,2645.71
2024-10-07 19:00:00,2645.71,2646.97,2642.67,2646.87
2024-10-07 20:00:00,2646.87,2648.81,2644.2,2647.98
2024-10-07 21:00:00,2648.0,2648.11,2639.74,2640.87
2024-10-07 22:00:00,2640.88,2644.72,2640.42,2643.31
2024-10-07 23:00:00,2643.27,2643.75,2641.8,2642.67
2024-10-08 01:00:00,2641.96,2649.17,2641.73,2644.21
2024-10-08 02:00:00,2644.22,2644.89,2642.49,2643.04
2024-10-08 03:00:00,2643.04,2645.16,2642.36,2643.57
2024-10-08 04:00:00,2643.57,2647.91,2637.95,2647.33
2024-10-08 05:00:00,2647.33,2648.23,2633.78,2635.77
2024-10-08 06:00:00,2635.77,2645.76,2635.27,2642.99
2024-10-08 07:00:00,2642.99,2643.87,2641.37,2643.11
2024-10-08 08:00:00,2643.11,2646.37,2641.58,2645.02
2024-10-08 09:00:00,2645.02,2646.49,2635.78,2636.42
2024-10-08 10:00:00,2636.41,2638.53,2631.19,2634.02
2024-10-08 11:00:00,2633.99,2640.38,2628.65,2637.95
2024-10-08 12:00:00,2637.95,2641.99,2635.79,2641.45
2024-10-08 13:00:00,2641.45,2647.49,2639.84,2646.36
2024-10-08 14:00:00,2646.36,2651.89,2646.28,2650.77
2024-10-08 15:00:00,2650.77,2653.06,2639.73,2645.91
2024-10-08 16:00:00,2645.91,2647.67,2636.66,2639.69
2024-10-08 17:00:00,2639.69,2640.47,2619.73,2621.03
2024-10-08 18:00:00,2621.13,2621.22,2604.79,2613.04
2024-10-08 19:00:00,2613.0,2616.28,2606.71,2609.02
2024-10-08 20:00:00,2609.02,2618.13,2605.56,2614.53
2024-10-08 21:00:00,2614.53,2617.03,2613.9,2615.81
2024-10-08 22:00:00,2615.81,2623.62,2614.96,2622.97
2024-10-08 23:00:00,2622.97,2623.15,2618.93,2621.91
2024-10-09 01:00:00,2621.96,2622.37,2620.63,2622.0
2024-10-09 02:00:00,2622.0,2623.79,2621.17,2621.95
2024-10-09 03:00:00,2621.95,2623.26,2621.0,2621.2
2024-10-09 04:00:00,2621.2,2624.31,2618.42,2619.94
2024-10-09 05:00:00,2620.0,2620.41,2616.84,2618.44
2024-10-09 06:00:00,2618.44,2618.86,2614.95,2617.16
2024-10-09 07:00:00,2617.16,2618.67,2615.51,2616.02
2024-10-09 08:00:00,2616.02,2624.31,2615.7,2619.69
2024-10-09 09:00:00,2619.69,2619.69,2610.69,2612.8
2024-10-09 10:00:00,2612.79,2615.66,2609.19,2611.65
2024-10-09 11:00:00,2611.67,2617.41,2610.48,2616.29
2024-10-09 12:00:00,2616.28,2618.62,2614.7,2618.06
2024-10-09 13:00:00,2618.06,2621.55,2616.09,2621.13
2024-10-09 14:00:00,2621.13,2622.47,2616.99,2619.03
2024-10-09 15:00:00,2619.03,2622.35,2615.45,2618.89
2024-10-09 16:00:00,2618.89,2620.71,2606.94,2609.68
2024-10-09 17:00:00,2609.68,2611.94,2605.39,2609.9
2024-10-09 18:00:00,2609.9,2617.94,2609.51,2614.82
2024-10-09 19:00:00,2614.82,2615.87,2607.81,2608.7
2024-10-09 20:00:00,2608.7,2609.95,2606.49,2609.62
2024-10-09 21:00:00,2609.73,2611.14,2605.2,2606.37
2024-10-09 22:00:00,2606.38,2610.25,2606.31,2609.33
2024-10-09 23:00:00,2609.23,2609.47,2606.96,2607.74
2024-10-10 01:00:00,2607.44,2609.03,2607.44,2608.92
2024-10-10 02:00:00,2608.92,2609.43,2607.93,2608.47
2024-10-10 03:00:00,2608.46,2610.18,2605.95,2609.35
2024-10-10 04:00:00,2609.35,2612.54,2606.82,2609.15
2024-10-10 05:00:00,2609.13,2615.63,2608.03,2615.26
2024-10-10 06:00:00,2615.26,2616.97,2611.42,2611.79
2024-10-10 07:00:00,2611.8,2614.74,2611.59,2613.93
2024-10-10 08:00:00,2613.93,2615.55,2612.5,2613.34
2024-10-10 09:00:00,2613.34,2616.43,2610.64,2612.51
2024-10-10 10:00:00,2612.52,2617.06,2610.29,2616.71
2024-10-10 11:00:00,2616.73,2617.36,2613.53,2615.51
2024-10-10 12:00:00,2615.51,2618.49,2614.35,2617.24
2024-10-10 13:00:00,2617.24,2618.44,2615.57,2618.01
2024-10-10 14:00:00,2618.01,2618.92,2611.31,2613.05
2024-10-10 15:00:00,2613.06,2627.34,2602.64,2625.07
2024-10-10 16:00:00,2625.08,2627.99,2615.84,2626.73
2024-10-10 17:00:00,2626.72,2629.82,2622.84,2625.51
2024-10-10 18:00:00,2625.52,2626.23,2618.98,2623.66
2024-10-10 19:00:00,2623.66,2629.16,2618.74,2619.28
2024-10-10 20:00:00,2619.28,2626.29,2616.59,2623.91
2024-10-10 21:00:00,2623.91,2629.18,2623.38,2626.48
2024-10-10 22:00:00,2626.48,2631.46,2626.01,2629.23
2024-10-10 23:00:00,2629.17,2631.51,2628.9,2630.1
2024-10-11 01:00:00,2628.48,2629.12,2628.11,2628.26
2024-10-11 02:00:00,2628.26,2635.81,2628.26,2633.24
2024-10-11 03:00:00,2633.24,2634.42,2631.99,2633.84
2024-10-11 04:00:00,2633.84,2638.03,2632.96,2637.85
2024-10-11 05:00:00,2637.85,2644.14,2635.33,2642.45
2024-10-11 06:00:00,2642.44,2646.08,2640.69,2645.53
2024-10-11 07:00:00,2645.52,2646.08,2643.92,2645.61
2024-10-11 08:00:00,2645.61,2645.96,2643.23,2644.75
2024-10-11 09:00:00,2644.75,2647.2,2638.06,2639.51
2024-10-11 10:00:00,2639.51,2645.53,2638.46,2645.38
2024-10-11 11:00:00,2645.37,2646.19,2639.11,2639.29
2024-10-11 12:00:00,2639.29,2641.71,2636.26,2637.89
2024-10-11 13:00:00,2637.88,2642.27,2637.1,2641.64
2024-10-11 14:00:00,2641.63,2644.83,2638.74,2644.77
2024-10-11 15:00:00,2644.73,2650.12,2640.64,2643.06
2024-10-11 16:00:00,2643.06,2653.38,2642.68,2650.11
2024-10-11 17:00:00,2650.04,2655.28,2646.45,2653.1
2024-10-11 18:00:00,2653.1,2659.27,2653.06,2658.8
2024-10-11 19:00:00,2658.8,2661.44,2657.91,2660.46
2024-10-11 20:00:00,2660.46,2661.23,2656.32,2659.65
2024-10-11 21:00:00,2659.64,2659.69,2656.19,2658.68
2024-10-11 22:00:00,2658.68,2658.86,2655.23,2656.13
2024-10-11 23:00:00,2656.13,2657.26,2654.74,2657.15
2024-10-14 01:00:00,2649.9,2652.57,2646.84,2650.34
2024-10-14 02:00:00,2650.34,2650.72,2647.7,2648.1
2024-10-14 03:00:00,2648.1,2648.37,2645.16,2646.76
2024-10-14 04:00:00,2646.75,2648.48,2643.57,2646.09
2024-10-14 05:00:00,2646.09,2655.5,2643.2,2655.15
2024-10-14 06:00:00,2655.15,2657.39,2653.75,2655.64
2024-10-14 07:00:00,2655.64,2660.36,2655.31,2659.22
2024-10-14 08:00:00,2659.22,2660.72,2657.14,2659.0
2024-10-14 09:00:00,2659.0,2666.82,2657.55,2664.07
2024-10-14 10:00:00,2664.08,2665.26,2659.16,2660.47
2024-10-14 11:00:00,2660.49,2661.94,2658.35,2659.43
2024-10-14 12:00:00,2659.43,2663.01,2656.89,2658.53
2024-10-14 13:00:00,2658.54,2660.92,2655.84,2655.87
2024-10-14 14:00:00,2655.87,2656.87,2651.05,2652.15
2024-10-14 15:00:00,2652.15,2654.65,2649.28,2651.42
2024-10-14 16:00:00,2651.39,2661.24,2647.76,2655.49
2024-10-14 17:00:00,2655.49,2657.05,2644.81,2645.7
2024-10-14 18:00:00,2645.7,2649.08,2644.06,2646.79
2024-10-14 19:00:00,2646.79,2649.75,2645.9,2648.61
2024-10-14 20:00:00,2648.61,2649.93,2647.32,2648.66
2024-10-14 21:00:00,2648.65,2650.96,2648.5,2649.27
2024-10-14 22:00:00,2649.28,2652.6,2647.02,2652.47
2024-10-14 23:00:00,2652.47,2653.33,2646.13,2648.61
2024-10-15 01:00:00,2649.1,2650.33,2648.13,2650.06
2024-10-15 02:00:00,2650.06,2651.0,2648.97,2649.42
2024-10-15 03:00:00,2649.42,2650.24,2647.88,2648.2
2024-10-15 04:00:00,2648.18,2651.25,2647.28,2648.38
2024-10-15 05:00:00,2648.38,2652.77,2648.09,2651.62
2024-10-15 06:00:00,2651.66,2651.66,2644.48,2645.68
2024-10-15 07:00:00,2645.69,2645.7,2643.03,2644.41
2024-10-15 08:00:00,2644.41,2644.43,2638.14,2641.92
2024-10-15 09:00:00,2641.92,2649.19,2641.46,2648.62
2024-10-15 10:00:00,2648.57,2653.9,2648.0,2650.8
2024-10-15 11:00:00,2650.8,2655.73,2649.79,2653.97
2024-10-15 12:00:00,2653.96,2655.58,2651.19,2653.57
2024-10-15 13:00:00,2653.56,2656.8,2652.65,2653.04
2024-10-15 14:00:00,2653.04,2654.58,2645.61,2647.74
2024-10-15 15:00:00,2647.75,2657.46,2647.25,2648.36
2024-10-15 16:00:00,2648.35,2653.36,2646.08,2648.74
2024-10-15 17:00:00,2648.74,2664.17,2647.83,2659.78
2024-10-15 18:00:00,2659.78,2665.22,2657.29,2664.67
2024-10-15 19:00:00,2664.66,2668.92,2661.2,2661.88
2024-10-15 20:00:00,2661.89,2664.19,2659.01,2663.61
2024-10-15 21:00:00,2663.61,2665.84,2663.44,2665.1
2024-10-15 22:00:00,2665.1,2666.48,2659.43,2661.71
2024-10-15 23:00:00,2661.69,2663.13,2660.34,2662.72
2024-10-16 01:00:00,2662.3,2662.89,2661.58,2662.16
2024-10-16 02:00:00,2662.16,2662.62,2660.48,2660.53
2024-10-16 03:00:00,2660.53,2660.53,2658.78,2660.27
2024-10-16 04:00:00,2660.27,2668.02,2660.2,2668.01
2024-10-16 05:00:00,2667.99,2670.13,2665.62,2668.07
2024-10-16 06:00:00,2668.07,2669.2,2665.35,2667.2
2024-10-16 07:00:00,2667.2,2668.26,2665.6,2666.8
2024-10-16 08:00:00,2666.79,2670.57,2666.15,2669.5
2024-10-16 09:00:00,2669.5,2677.71,2667.12,2677.31
2024-10-16 10:00:00,2677.31,2677.51,2673.34,2676.18
2024-10-16 11:00:00,2676.18,2680.19,2674.58,2679.55
2024-10-16 12:00:00,2679.55,2682.73,2678.2,2680.28
2024-10-16 13:00:00,2680.29,2681.01,2673.27,2674.33
2024-10-16 14:00:00,2674.33,2680.63,2673.02,2678.36
2024-10-16 15:00:00,2678.35,2681.91,2676.54,2681.79
2024-10-16 16:00:00,2681.79,2685.33,2672.54,2675.14
2024-10-16 17:00:00,2675.14,2681.45,2670.1,2672.21
2024-10-16 18:00:00,2672.22,2675.74,2667.63,2670.04
2024-10-16 19:00:00,2670.04,2674.23,2666.81,2674.16
2024-10-16 20:00:00,2674.16,2676.3,2673.11,2675.31
2024-10-16 21:00:00,2675.3,2676.72,2674.62,2674.96
2024-10-16 22:00:00,2674.94,2675.04,2672.83,2674.86
2024-10-16 23:00:00,2674.8,2674.95,2673.21,2673.78
2024-10-17 01:00:00,2674.51,2674.88,2673.28,2673.75
2024-10-17 02:00:00,2673.75,2674.71,2673.47,2674.13
2024-10-17 03:00:00,2674.13,2678.01,2674.13,2677.88
2024-10-17 04:00:00,2677.88,2683.05,2676.54,2683.0
2024-10-17 05:00:00,2683.03,2684.92,2678.89,2682.0
2024-10-17 06:00:00,2682.0,2682.24,2674.62,2676.73
2024-10-17 07:00:00,2676.76,2679.71,2676.5,2679.07
2024-10-17 08:00:00,2679.07,2684.33,2678.11,2683.57
2024-10-17 09:00:00,2683.57,2685.72,2680.09,2681.19
2024-10-17 10:00:00,2681.19,2683.75,2678.96,2682.01
2024-10-17 11:00:00,2682.01,2683.89,2680.04,2681.9
2024-10-17 12:00:00,2681.91,2682.12,2677.0,2679.49
2024-10-17 13:00:00,2679.49,2688.79,2679.12,2687.41
2024-10-17 14:00:00,2687.42,2688.47,2680.82,2681.3
2024-10-17 15:00:00,2681.31,2682.29,2673.17,2680.63
2024-10-17 16:00:00,2680.63,2690.08,2677.86,2688.7
2024-10-17 17:00:00,2688.7,2696.43,2684.75,2695.68
2024-10-17 18:00:00,2695.68,2696.75,2687.59,2693.36
2024-10-17 19:00:00,2693.34,2693.39,2683.92,2692.24
2024-10-17 20:00:00,2692.24,2694.24,2690.45,2691.99
2024-10-17 21:00:00,2691.99,2692.24,2689.22,2689.56
2024-10-17 22:00:00,2689.56,2692.65,2688.91,2692.04
2024-10-17 23:00:00,2692.02,2693.0,2690.95,2692.85
2024-10-18 01:00:00,2693.13,2693.39,2692.29,2692.69
2024-10-18 02:00:00,2692.69,2694.37,2692.34,2693.75
2024-10-18 03:00:00,2693.75,2695.84,2692.85,2693.07
2024-10-18 04:00:00,2693.07,2706.85,2692.88,2704.65
2024-10-18 05:00:00,2704.67,2711.96,2704.04,2708.2
2024-10-18 06:00:00,2708.2,2710.87,2707.08,2710.04
2024-10-18 07:00:00,2710.04,2711.38,2708.82,2710.21
2024-10-18 08:00:00,2710.21,2714.07,2710.15,2711.52
2024-10-18 09:00:00,2711.52,2711.69,2702.76,2707.48
2024-10-18 10:00:00,2707.48,2709.16,2702.32,2702.35
2024-10-18 11:00:00,2702.35,2706.3,2701.76,2706.27
2024-10-18 12:00:00,2706.27,2713.19,2706.22,2711.45
2024-10-18 13:00:00,2711.45,2713.18,2707.98,2712.56
2024-10-18 14:00:00,2712.55,2713.12,2708.01,2709.87
2024-10-18 15:00:00,2709.87,2717.06,2709.2,2709.6
2024-10-18 16:00:00,2709.61,2715.74,2704.96,2713.74
2024-10-18 17:00:00,2713.75,2720.16,2712.23,2717.45
2024-10-18 18:00:00,2717.45,2719.25,2713.62,2714.89
2024-10-18 19:00:00,2714.88,2719.07,2714.79,2717.63
2024-10-18 20:00:00,2717.63,2719.97,2713.67,2715.91
2024-10-18 21:00:00,2715.91,2721.24,2715.6,2720.26
2024-10-18 22:00:00,2720.26,2720.53,2718.03,2719.7
2024-10-18 23:00:00,2719.7,2722.57,2719.21,2722.14
2024-10-21 01:00:00,2722.98,2723.89,2720.4,2723.67
2024-10-21 02:00:00,2723.66,2725.12,2722.41,2723.53
2024-10-21 03:00:00,2723.53,2725.86,2721.48,2721.68
2024-10-21 04:00:00,2721.68,2729.32,2721.15,2726.39
2024-10-21 05:00:00,2726.39,2731.41,2724.92,2730.73
2024-10-21 06:00:00,2730.73,2732.83,2729.39,2731.56
2024-10-21 07:00:00,2731.55,2732.01,2729.59,2730.4
2024-10-21 08:00:00,2730.4,2730.43,2724.5,2724.93
2024-10-21 09:00:00,2724.93,2730.6,2723.62,2730.31
2024-10-21 10:00:00,2730.32,2732.5,2725.42,2730.43
2024-10-21 11:00:00,2730.43,2733.1,2729.43,2731.41
2024-10-21 12:00:00,2731.41,2736.87,2730.77,2734.55
2024-10-21 13:00:00,2734.55,2734.92,2727.76,2733.34
2024-10-21 14:00:00,2733.34,2738.07,2733.01,2734.46
2024-10-21 15:00:00,2734.47,2739.8,2732.82,2738.66
2024-10-21 16:00:00,2738.65,2740.55,2733.74,2739.0
2024-10-21 17:00:00,2739.0,2739.43,2722.33,2725.29
2024-10-21 18:00:00,2725.29,2727.18,2716.95,2720.34
2024-10-21 19:00:00,2720.14,2724.1,2718.12,2723.55
2024-10-21 20:00:00,2723.55,2725.62,2721.65,2722.87
2024-10-21 21:00:00,2722.87,2723.21,2715.34,2716.42
2024-10-21 22:00:00,2716.43,2720.99,2714.2,2719.89
2024-10-21 23:00:00,2719.89,2721.01,2718.85,2719.53
2024-10-22 01:00:00,2719.24,2721.68,2719.04,2720.74
2024-10-22 02:00:00,2720.74,2722.62,2720.39,2721.48
2024-10-22 03:00:00,2721.5,2725.16,2720.67,2724.77
2024-10-22 04:00:00,2724.77,2730.34,2724.06,2728.15
2024-10-22 05:00:00,2728.15,2730.71,2727.77,2728.86
2024-10-22 06:00:00,2728.86,2733.12,2728.7,2730.99
2024-10-22 07:00:00,2730.99,2735.96,2730.99,2734.8
2024-10-22 08:00:00,2734.8,2735.18,2729.08,2730.52
2024-10-22 09:00:00,2730.53,2737.11,2729.67,2735.16
2024-10-22 10:00:00,2735.11,2736.31,2732.55,2733.67
2024-10-22 11:00:00,2733.68,2738.38,2731.52,2734.91
2024-10-22 12:00:00,2734.91,2736.1,2729.87,2731.51
2024-10-22 13:00:00,2731.51,2739.33,2730.57,2738.93
2024-10-22 14:00:00,2738.93,2739.3,2729.51,2732.05
2024-10-22 15:00:00,2732.09,2738.06,2731.62,2736.25
2024-10-22 16:00:00,2736.25,2742.06,2735.43,2736.59
2024-10-22 17:00:00,2735.82,2743.19,2733.77,2741.89
2024-10-22 18:00:00,2741.89,2744.19,2736.89,2737.63
2024-10-22 19:00:00,2737.61,2745.56,2737.21,2745.34
2024-10-22 20:00:00,2745.35,2748.36,2743.57,2746.76
2024-10-22 21:00:00,2746.76,2747.26,2744.12,2744.67
2024-10-22 22:00:00,2744.67,2748.88,2743.87,2748.39
2024-10-22 23:00:00,2748.39,2748.88,2746.85,2748.88
2024-10-23 01:00:00,2747.32,2748.18,2746.86,2747.39
2024-10-23 02:00:00,2747.39,2748.11,2745.9,2746.59
2024-10-23 03:00:00,2746.59,2747.04,2744.81,2745.25
2024-10-23 04:00:00,2745.25,2747.23,2738.03,2738.65
2024-10-23 05:00:00,2738.65,2741.12,2737.91,2738.95
2024-10-23 06:00:00,2738.95,2747.03,2738.33,2746.09
2024-10-23 07:00:00,2746.09,2750.69,2745.32,2750.0
2024-10-23 08:00:00,2750.0,2753.21,2748.86,2751.58
2024-10-23 09:00:00,2751.58,2753.2,2748.17,2750.55
2024-10-23 10:00:00,2750.55,2755.6,2749.33,2754.94
2024-10-23 11:00:00,2754.94,2758.42,2754.69,2756.92
2024-10-23 12:00:00,2756.94,2757.6,2749.85,2750.67
2024-10-23 13:00:00,2750.67,2752.52,2749.73,2750.82
2024-10-23 14:00:00,2750.82,2752.93,2749.15,2749.98
2024-10-23 15:00:00,2749.98,2750.52,2740.77,2743.33
2024-10-23 16:00:00,2743.34,2744.12,2731.66,2737.47
2024-10-23 17:00:00,2737.51,2738.73,2716.48,2717.77
2024-10-23 18:00:00,2717.77,2722.6,2708.75,2721.8
2024-10-23 19:00:00,2721.79,2723.29,2718.55,2719.4
2024-10-23 20:00:00,2719.4,2720.66,2713.79,2716.7
2024-10-23 21:00:00,2716.7,2716.7,2712.01,2714.1
2024-10-23 22:00:00,2714.1,2718.22,2713.23,2716.22
2024-10-23 23:00:00,2716.16,2716.67,2714.23,2715.62
2024-10-24 01:00:00,2716.48,2718.3,2716.18,2718.06
2024-10-24 02:00:00,2718.07,2721.92,2718.06,2721.32
2024-10-24 03:00:00,2721.32,2721.44,2717.9,2721.28
2024-10-24 04:00:00,2721.28,2726.77,2720.29,2723.78
2024-10-24 05:00:00,2723.78,2724.5,2720.3,2723.4
2024-10-24 06:00:00,2723.4,2724.08,2721.43,2722.96
2024-10-24 07:00:00,2722.96,2727.09,2722.88,2726.55
2024-10-24 08:00:00,2726.55,2729.79,2725.9,2728.95
2024-10-24 09:00:00,2728.98,2736.45,2728.39,2735.19
2024-10-24 10:00:00,2735.21,2737.08,2732.21,2733.59
2024-10-24 11:00:00,2733.59,2737.88,2732.51,2736.82
2024-10-24 12:00:00,2736.79,2739.16,2735.83,2736.54
2024-10-24 13:00:00,2736.54,2739.14,2736.29,2736.84
2024-10-24 14:00:00,2736.84,2739.66,2735.19,2738.72
2024-10-24 15:00:00,2738.58,2741.63,2734.59,2739.08
2024-10-24 16:00:00,2739.08,2743.25,2729.65,2733.42
2024-10-24 17:00:00,2733.45,2736.19,2722.48,2732.41
2024-10-24 18:00:00,2732.4,2734.41,2726.89,2731.13
2024-10-24 19:00:00,2731.13,2735.46,2725.85,2733.64
2024-10-24 20:00:00,2733.64,2737.02,2732.94,2735.44
2024-10-24 21:00:00,2735.44,2737.79,2734.52,2735.56
2024-10-24 22:00:00,2735.56,2736.94,2733.47,2736.94
2024-10-24 23:00:00,2737.0,2737.03,2735.04,2735.95
2024-10-25 01:00:00,2735.83,2735.84,2734.54,2734.66
2024-10-25 02:00:00,2734.66,2735.56,2733.75,2733.89
2024-10-25 03:00:00,2733.89,2734.95,2731.31,2732.52
2024-10-25 04:00:00,2732.51,2735.16,2729.82,2730.02
2024-10-25 05:00:00,2730.02,2730.22,2726.24,2728.39
2024-10-25 06:00:00,2728.39,2728.4,2724.46,2726.06
2024-10-25 07:00:00,2726.06,2727.83,2723.97,2725.95
2024-10-25 08:00:00,2725.95,2729.77,2725.95,2728.56
2024-10-25 09:00:00,2728.56,2732.57,2724.98,2732.21
2024-10-25 10:00:00,2732.21,2732.22,2725.94,2726.5
2024-10-25 11:00:00,2726.5,2727.04,2718.89,2719.43
2024-10-25 12:00:00,2719.44,2721.31,2717.02,2721.27
2024-10-25 13:00:00,2721.24,2722.67,2717.24,2722.28
2024-10-25 14:00:00,2722.28,2729.37,2721.22,2724.19
2024-10-25 15:00:00,2724.19,2732.44,2723.27,2731.48
2024-10-25 16:00:00,2731.48,2732.12,2725.25,2727.71
2024-10-25 17:00:00,2727.71,2740.62,2727.66,2738.53
2024-10-25 18:00:00,2738.52,2742.07,2736.56,2737.11
2024-10-25 19:00:00,2737.11,2739.37,2734.02,2739.27
2024-10-25 20:00:00,2739.26,2745.06,2738.87,2744.38
2024-10-25 21:00:00,2744.38,2744.76,2741.31,2742.13
2024-10-25 22:00:00,2742.13,2744.37,2740.34,2742.55
2024-10-25 23:00:00,2742.59,2747.7,2742.48,2746.56
2024-10-28 01:00:00,2733.26,2736.21,2730.25,2734.58
2024-10-28 02:00:00,2734.58,2740.24,2734.58,2735.83
2024-10-28 03:00:00,2735.83,2736.26,2732.24,2732.48
2024-10-28 04:00:00,2732.48,2733.02,2724.74,2732.34
2024-10-28 05:00:00,2732.34,2735.58,2730.77,2734.17
2024-10-28 06:00:00,2734.19,2734.73,2729.72,2729.72
2024-10-28 07:00:00,2729.72,2733.37,2729.18,2732.95
2024-10-28 08:00:00,2732.94,2738.8,2731.2,2738.41
2024-10-28 09:00:00,2738.41,2744.59,2737.57,2740.57
2024-10-28 10:00:00,2740.57,2743.59,2735.87,2738.93
2024-10-28 11:00:00,2738.93,2740.84,2731.45,2732.03
2024-10-28 12:00:00,2732.01,2734.07,2728.4,2729.3
2024-10-28 13:00:00,2729.31,2733.31,2727.87,2732.21
2024-10-28 14:00:00,2732.23,2732.88,2729.8,2732.28
2024-10-28 15:00:00,2732.28,2734.85,2731.23,2734.37
2024-10-28 16:00:00,2734.38,2743.45,2732.82,2740.91
2024-10-28 17:00:00,2740.9,2745.96,2738.95,2744.21
2024-10-28 18:00:00,2744.24,2744.64,2739.69,2740.76
2024-10-28 19:00:00,2740.76,2744.98,2740.03,2742.73
2024-10-28 20:00:00,2742.73,2744.97,2740.35,2743.34
2024-10-28 21:00:00,2743.34,2743.45,2740.18,2741.95
2024-10-28 22:00:00,2741.95,2743.56,2740.35,2742.53
2024-10-28 23:00:00,2742.54,2743.07,2741.42,2742.28
2024-10-29 01:00:00,2741.34,2742.27,2739.93,2742.12
2024-10-29 02:00:00,2742.12,2744.5,2741.18,2744.49
2024-10-29 03:00:00,2744.49,2746.83,2743.3,2745.78
2024-10-29 04:00:00,2745.78,2752.4,2745.57,2752.14
2024-10-29 05:00:00,2752.15,2757.72,2750.52,2752.99
2024-10-29 06:00:00,2753.01,2753.32,2748.67,2751.79
2024-10-29 07:00:00,2751.79,2755.31,2751.4,2754.79
2024-10-29 08:00:00,2754.78,2756.82,2749.76,2750.0
2024-10-29 09:00:00,2750.0,2756.53,2748.97,2755.81
2024-10-29 10:00:00,2755.81,2756.33,2751.97,2752.47
2024-10-29 11:00:00,2752.47,2755.13,2746.39,2754.63
2024-10-29 12:00:00,2754.64,2756.62,2750.1,2752.48
2024-10-29 13:00:00,2752.48,2753.18,2747.43,2749.97
2024-10-29 14:00:00,2749.97,2753.31,2746.33,2751.83
2024-10-29 15:00:00,2751.83,2753.49,2748.99,2749.16
2024-10-29 16:00:00,2749.16,2764.02,2748.28,2760.56
2024-10-29 17:00:00,2760.56,2771.75,2760.56,2769.6
2024-10-29 18:00:00,2769.6,2770.53,2760.87,2764.32
2024-10-29 19:00:00,2764.32,2770.23,2764.18,2769.42
2024-10-29 20:00:00,2769.43,2772.57,2766.33,2769.83
2024-10-29 21:00:00,2769.86,2773.51,2768.28,2772.99
2024-10-29 22:00:00,2772.99,2774.79,2771.02,2772.24
2024-10-29 23:00:00,2772.23,2774.78,2771.91,2774.48
2024-10-30 01:00:00,2773.52,2775.42,2772.99,2774.65
2024-10-30 02:00:00,2774.65,2775.18,2773.46,2775.06
2024-10-30 03:00:00,2775.06,2779.21,2774.86,2778.11
2024-10-30 04:00:00,2778.12,2782.14,2776.98,2781.67
2024-10-30 05:00:00,2781.67,2781.89,2776.11,2780.46
2024-10-30 06:00:00,2780.47,2781.27,2777.31,2779.0
2024-10-30 07:00:00,2779.0,2780.97,2777.43,2780.18
2024-10-30 08:00:00,2780.19,2784.93,2778.07,2783.16
2024-10-30 09:00:00,2783.15,2789.85,2781.27,2787.17
2024-10-30 10:00:00,2787.17,2788.1,2780.58,2782.27
2024-10-30 11:00:00,2782.29,2784.65,2779.54,2781.84
2024-10-30 12:00:00,2781.85,2784.69,2780.3,2784.6
2024-10-30 13:00:00,2784.6,2786.51,2780.18,2780.25
2024-10-30 14:00:00,2780.25,2782.06,2778.31,2778.61
2024-10-30 15:00:00,2778.61,2783.48,2773.31,2782.49
2024-10-30 16:00:00,2782.52,2787.48,2770.96,2777.56
2024-10-30 17:00:00,2777.56,2781.86,2775.21,2780.39
2024-10-30 18:00:00,2780.37,2785.93,2771.98,2784.71
2024-10-30 19:00:00,2784.71,2787.47,2783.06,2785.41
2024-10-30 20:00:00,2785.41,2789.59,2784.0,2788.6
2024-10-30 21:00:00,2788.6,2789.99,2787.37,2787.75
2024-10-30 22:00:00,2787.8,2788.12,2784.45,2787.51
2024-10-30 23:00:00,2787.48,2788.08,2784.8,2787.39
2024-10-31 01:00:00,2786.98,2788.08,2786.19,2787.47
2024-10-31 02:00:00,2787.48,2788.14,2785.21,2785.47
2024-10-31 03:00:00,2785.47,2788.25,2784.73,2787.61
2024-10-31 04:00:00,2787.66,2790.11,2783.62,2784.74
2024-10-31 05:00:00,2784.74,2789.1,2784.45,2787.13
2024-10-31 06:00:00,2787.12,2788.42,2784.38,2784.66
2024-10-31 07:00:00,2784.75,2785.41,2782.14,2784.45
2024-10-31 08:00:00,2784.45,2786.61,2782.63,2785.18
2024-10-31 09:00:00,2785.18,2786.05,2779.7,2779.83
2024-10-31 10:00:00,2779.81,2784.07,2778.15,2782.05
2024-10-31 11:00:00,2782.05,2783.15,2777.02,2779.12
2024-10-31 12:00:00,2779.13,2780.24,2777.18,2778.25
2024-10-31 13:00:00,2778.25,2781.18,2773.32,2780.9
2024-10-31 14:00:00,2780.92,2782.6,2776.77,2779.59
2024-10-31 15:00:00,2779.59,2781.96,2772.01,2773.65
2024-10-31 16:00:00,2773.65,2773.78,2754.65,2755.34
2024-10-31 17:00:00,2755.34,2756.9,2734.7,2734.78
2024-10-31 18:00:00,2734.79,2740.95,2731.56,2740.67
2024-10-31 19:00:00,2740.65,2743.68,2738.05,2740.68
2024-10-31 20:00:00,2740.68,2743.86,2738.27,2739.61
2024-10-31 21:00:00,2739.61,2748.01,2739.6,2747.04
2024-10-31 22:00:00,2747.04,2749.75,2745.76,2746.6
2024-10-31 23:00:00,2746.59,2748.18,2743.32,2743.85
2024-11-01 01:00:00,2745.34,2747.73,2745.03,2746.19
2024-11-01 02:00:00,2746.19,2748.0,2745.53,2746.75
2024-11-01 03:00:00,2746.75,2747.31,2744.92,2745.05
2024-11-01 04:00:00,2745.05,2750.04,2744.86,2749.77
2024-11-01 05:00:00,2749.78,2750.98,2745.82,2748.71
2024-11-01 06:00:00,2748.62,2752.0,2747.44,2751.76
2024-11-01 07:00:00,2751.76,2753.02,2750.78,2752.28
2024-11-01 08:00:00,2752.28,2755.25,2751.65,2754.98
2024-11-01 09:00:00,2754.98,2757.69,2751.26,2752.01
2024-11-01 10:00:00,2752.01,2753.17,2747.17,2749.72
2024-11-01 11:00:00,2749.7,2755.06,2748.54,2753.4
2024-11-01 12:00:00,2753.43,2755.44,2748.08,2751.34
2024-11-01 13:00:00,2751.34,2751.89,2744.84,2749.64
2024-11-01 14:00:00,2749.64,2754.12,2749.64,2752.97
2024-11-01 15:00:00,2752.97,2759.91,2749.19,2753.83
2024-11-01 16:00:00,2753.87,2762.22,2752.16,2755.91
2024-11-01 17:00:00,2755.85,2759.0,2739.75,2747.25
2024-11-01 18:00:00,2747.26,2750.36,2742.56,2744.76
2024-11-01 19:00:00,2744.76,2746.18,2740.41,2743.15
2024-11-01 20:00:00,2743.15,2743.91,2735.08,2736.29
2024-11-01 21:00:00,2736.29,2738.03,2733.5,2736.2
2024-11-01 22:00:00,2736.18,2737.07,2733.17,2734.16
2024-11-01 23:00:00,2734.16,2735.56,2733.34,2735.18
2024-11-04 01:00:00,2732.22,2740.31,2732.08,2738.39
2024-11-04 02:00:00,2738.37,2740.97,2736.99,2740.39
2024-11-04 03:00:00,2740.39,2741.36,2735.34,2739.95
2024-11-04 04:00:00,2739.95,2741.0,2736.99,2739.94
2024-11-04 05:00:00,2739.94,2742.44,2739.39,2741.0
2024-11-04 06:00:00,2741.0,2742.28,2739.77,2741.06
2024-11-04 07:00:00,2741.05,2743.74,2737.75,2741.56
2024-11-04 08:00:00,2741.56,2741.63,2735.79,2741.45
2024-11-04 09:00:00,2741.45,2744.8,2735.14,2735.83
2024-11-04 10:00:00,2735.83,2738.43,2731.96,2733.39
2024-11-04 11:00:00,2733.39,2744.05,2732.59,2743.33
2024-11-04 12:00:00,2743.35,2745.27,2737.26,2738.62
2024-11-04 13:00:00,2738.62,2741.0,2736.54,2740.63
2024-11-04 14:00:00,2740.63,2744.04,2739.55,2743.38
2024-11-04 15:00:00,2743.35,2746.79,2738.76,2746.78
2024-11-04 16:00:00,2746.78,2748.19,2737.92,2743.54
2024-11-04 17:00:00,2743.54,2745.58,2737.76,2738.56
2024-11-04 18:00:00,2738.54,2738.91,2732.35,2734.23
2024-11-04 19:00:00,2734.23,2738.45,2731.81,2738.38
2024-11-04 20:00:00,2738.38,2739.3,2735.61,2738.2
2024-11-04 21:00:00,2738.2,2739.69,2737.3,2738.36
2024-11-04 22:00:00,2738.36,2738.66,2736.38,2737.37
2024-11-04 23:00:00,2737.37,2737.67,2735.96,2736.6
2024-11-05 01:00:00,2737.26,2737.58,2736.05,2736.07
2024-11-05 02:00:00,2736.07,2736.69,2734.09,2735.08
2024-11-05 03:00:00,2735.08,2736.17,2732.95,2734.24
2024-11-05 04:00:00,2734.25,2735.42,2724.72,2728.49
2024-11-05 05:00:00,2728.49,2736.0,2727.78,2735.36
2024-11-05 06:00:00,2735.36,2736.36,2733.16,2734.48
2024-11-05 07:00:00,2734.48,2737.21,2732.0,2732.62
2024-11-05 08:00:00,2732.62,2738.82,2731.81,2737.78
2024-11-05 09:00:00,2737.78,2741.35,2735.2,2736.48
2024-11-05 10:00:00,2736.49,2743.25,2732.16,2742.5
2024-11-05 11:00:00,2742.5,2745.0,2738.91,2739.94
2024-11-05 12:00:00,2739.94,2740.26,2735.6,2737.89
2024-11-05 13:00:00,2737.89,2742.98,2737.88,2741.74
2024-11-05 14:00:00,2741.74,2743.15,2737.58,2737.98
2024-11-05 15:00:00,2738.0,2746.75,2736.42,2744.73
2024-11-05 16:00:00,2744.73,2750.0,2741.46,2746.68
2024-11-05 17:00:00,2746.68,2746.68,2733.0,2742.04
2024-11-05 18:00:00,2742.04,2744.52,2736.36,2738.93
2024-11-05 19:00:00,2738.94,2743.71,2738.27,2741.99
2024-11-05 20:00:00,2741.99,2743.93,2739.42,2741.23
2024-11-05 21:00:00,2741.23,2742.3,2739.56,2740.55
2024-11-05 22:00:00,2740.55,2743.49,2739.73,2743.03
2024-11-05 23:00:00,2743.02,2744.93,2742.57,2743.84
2024-11-06 01:00:00,2743.1,2746.4,2742.66,2745.68
2024-11-06 02:00:00,2745.66,2745.67,2735.36,2737.99
2024-11-06 03:00:00,2737.99,2749.72,2732.72,2747.1
2024-11-06 04:00:00,2747.13,2748.35,2736.81,2737.5
2024-11-06 05:00:00,2737.5,2743.53,2730.73,2734.15
2024-11-06 06:00:00,2734.15,2743.04,2733.16,2741.77
2024-11-06 07:00:00,2741.8,2743.65,2736.51,2739.05
2024-11-06 08:00:00,2739.05,2739.3,2701.48,2706.98
2024-11-06 09:00:00,2706.98,2733.23,2704.12,2725.9
2024-11-06 10:00:00,2725.9,2733.79,2722.74,2724.47
2024-11-06 11:00:00,2724.46,2728.53,2716.45,2724.65
2024-11-06 12:00:00,2724.65,2727.2,2718.67,2720.2
2024-11-06 13:00:00,2720.2,2722.8,2696.16,2699.4
2024-11-06 14:00:00,2699.24,2708.04,2693.34,2695.15
2024-11-06 15:00:00,2695.15,2695.15,2659.15,2664.23
2024-11-06 16:00:00,2664.23,2670.4,2652.46,2659.91
2024-11-06 17:00:00,2659.91,2675.87,2657.49,2675.78
2024-11-06 18:00:00,2675.78,2678.29,2662.91,2666.2
2024-11-06 19:00:00,2666.2,2669.31,2661.65,2663.3
2024-11-06 20:00:00,2663.3,2669.59,2662.87,2665.59
2024-11-06 21:00:00,2665.57,2668.56,2665.0,2667.1
2024-11-06 22:00:00,2667.1,2667.82,2659.38,2660.67
2024-11-06 23:00:00,2660.68,2662.48,2658.93,2658.97
2024-11-07 01:00:00,2662.04,2664.33,2661.22,2664.08
2024-11-07 02:00:00,2664.09,2664.26,2660.94,2661.53
2024-11-07 03:00:00,2661.53,2664.03,2643.43,2649.47
2024-11-07 04:00:00,2649.48,2657.56,2649.47,2657.44
2024-11-07 05:00:00,2657.44,2661.24,2655.67,2659.23
2024-11-07 06:00:00,2659.23,2659.6,2654.15,2654.62
2024-11-07 07:00:00,2654.62,2660.76,2654.62,2659.31
2024-11-07 08:00:00,2659.29,2659.49,2652.82,2657.12
2024-11-07 09:00:00,2657.12,2667.64,2656.18,2663.29
2024-11-07 10:00:00,2663.29,2666.75,2657.41,2657.65
2024-11-07 11:00:00,2657.65,2666.03,2657.54,2661.72
2024-11-07 12:00:00,2661.7,2668.4,2659.83,2666.58
2024-11-07 13:00:00,2666.58,2668.13,2663.83,2666.3
2024-11-07 14:00:00,2666.33,2674.16,2664.27,2673.7
2024-11-07 15:00:00,2673.69,2685.19,2672.36,2684.58
2024-11-07 16:00:00,2684.56,2694.98,2682.34,2691.9
2024-11-07 17:00:00,2691.87,2700.16,2690.1,2698.79
2024-11-07 18:00:00,2698.79,2699.45,2690.61,2695.82
2024-11-07 19:00:00,2695.8,2700.36,2694.26,2699.37
2024-11-07 20:00:00,2699.37,2699.42,2694.03,2695.0
2024-11-07 21:00:00,2695.01,2698.01,2687.54,2694.41
2024-11-07 22:00:00,2694.36,2710.23,2692.88,2704.4
2024-11-07 23:00:00,2704.44,2708.59,2703.67,2706.37
2024-11-08 01:00:00,2704.49,2708.0,2704.12,2706.94
2024-11-08 02:00:00,2706.94,2710.42,2705.69,2706.35
2024-11-08 03:00:00,2706.46,2707.61,2699.23,2699.86
2024-11-08 04:00:00,2699.86,2701.04,2695.22,2697.55
2024-11-08 05:00:00,2697.55,2700.52,2694.12,2695.24
2024-11-08 06:00:00,2695.22,2696.14,2693.3,2693.62
2024-11-08 07:00:00,2693.62,2696.36,2693.6,2695.27
2024-11-08 08:00:00,2695.26,2695.87,2686.02,2686.45
2024-11-08 09:00:00,2686.45,2687.87,2680.34,2687.39
2024-11-08 10:00:00,2687.39,2691.8,2681.99,2688.72
2024-11-08 11:00:00,2688.72,2691.04,2687.11,2689.29
2024-11-08 12:00:00,2689.32,2689.35,2681.95,2688.6
2024-11-08 13:00:00,2688.58,2694.93,2686.79,2691.92
2024-11-08 14:00:00,2691.92,2693.14,2686.22,2691.94
2024-11-08 15:00:00,2691.92,2701.11,2687.9,2697.58
2024-11-08 16:00:00,2697.58,2704.01,2687.89,2691.68
2024-11-08 17:00:00,2691.7,2692.86,2683.45,2687.57
2024-11-08 18:00:00,2687.53,2689.3,2682.89,2683.3
2024-11-08 19:00:00,2683.33,2688.63,2683.33,2687.95
2024-11-08 20:00:00,2687.95,2688.83,2683.89,2685.01
2024-11-08 21:00:00,2685.01,2687.53,2683.31,2687.14
2024-11-08 22:00:00,2687.14,2688.58,2685.0,2685.16
2024-11-08 23:00:00,2685.18,2685.9,2682.83,2684.51
2024-11-11 01:00:00,2683.44,2685.68,2681.49,2685.62
2024-11-11 02:00:00,2685.62,2686.18,2682.71,2684.08
2024-11-11 03:00:00,2684.08,2684.91,2671.94,2673.0
2024-11-11 04:00:00,2673.0,2675.2,2666.52,2672.0
2024-11-11 05:00:00,2671.98,2671.99,2668.05,2670.25
2024-11-11 06:00:00,2670.25,2672.5,2668.83,2672.15
2024-11-11 07:00:00,2672.15,2674.34,2667.03,2669.27
2024-11-11 08:00:00,2669.26,2674.08,2668.47,2673.26
2024-11-11 09:00:00,2673.25,2674.06,2668.83,2669.61
2024-11-11 10:00:00,2669.61,2671.75,2667.57,2669.62
2024-11-11 11:00:00,2669.62,2670.86,2663.9,2666.86
2024-11-11 12:00:00,2666.86,2675.31,2661.01,2661.89
2024-11-11 13:00:00,2661.89,2667.07,2658.98,2662.56
2024-11-11 14:00:00,2662.56,2663.15,2656.7,2657.35
2024-11-11 15:00:00,2657.35,2657.62,2634.32,2635.51
2024-11-11 16:00:00,2635.52,2635.68,2617.76,2622.54
2024-11-11 17:00:00,2622.54,2626.35,2613.48,2614.55
2024-11-11 18:00:00,2614.55,2618.16,2612.71,2615.15
2024-11-11 19:00:00,2615.16,2616.92,2611.57,2612.53
2024-11-11 20:00:00,2612.53,2619.29,2610.64,2619.02
2024-11-11 21:00:00,2619.02,2620.67,2617.94,2619.28
2024-11-11 22:00:00,2619.28,2626.24,2619.28,2622.03
2024-11-11 23:00:00,2622.03,2623.18,2619.26,2619.41
2024-11-12 01:00:00,2621.17,2624.12,2620.45,2623.99
2024-11-12 02:00:00,2623.99,2625.03,2622.26,2624.02
2024-11-12 03:00:00,2624.02,2627.18,2619.25,2624.17
2024-11-12 04:00:00,2624.16,2625.51,2620.52,2621.98
2024-11-12 05:00:00,2621.98,2623.73,2618.87,2619.01
2024-11-12 06:00:00,2619.01,2619.15,2615.7,2617.79
2024-11-12 07:00:00,2617.8,2618.18,2605.4,2606.93
2024-11-12 08:00:00,2606.93,2610.14,2603.49,2607.94
2024-11-12 09:00:00,2607.94,2609.11,2595.3,2598.24
2024-11-12 10:00:00,2598.29,2606.55,2598.2,2600.6
2024-11-12 11:00:00,2600.6,2600.71,2590.85,2593.38
2024-11-12 12:00:00,2593.32,2598.63,2589.67,2596.71
2024-11-12 13:00:00,2596.7,2599.13,2592.57,2597.84
2024-11-12 14:00:00,2597.84,2607.07,2597.84,2605.29
2024-11-12 15:00:00,2605.3,2616.33,2604.52,2611.59
2024-11-12 16:00:00,2611.63,2617.13,2609.01,2610.42
2024-11-12 17:00:00,2610.4,2611.8,2597.4,2598.54
2024-11-12 18:00:00,2598.53,2604.18,2597.97,2600.78
2024-11-12 19:00:00,2600.81,2601.18,2592.51,2597.51
2024-11-12 20:00:00,2597.51,2602.07,2596.52,2599.21
2024-11-12 21:00:00,2599.21,2601.43,2597.97,2598.2
2024-11-12 22:00:00,2598.19,2601.34,2595.16,2599.82
2024-11-12 23:00:00,2599.8,2600.75,2597.15,2598.1
2024-11-13 01:00:00,2598.01,2599.84,2597.64,2598.97
2024-11-13 02:00:00,2598.97,2599.92,2598.07,2599.49
2024-11-13 03:00:00,2599.49,2611.17,2599.45,2608.21
2024-11-13 04:00:00,2608.15,2612.6,2605.22,2612.11
2024-11-13 05:00:00,2612.11,2613.28,2606.52,2611.59
2024-11-13 06:00:00,2611.59,2612.37,2606.09,2606.24
2024-11-13 07:00:00,2606.24,2607.92,2603.66,2605.77
2024-11-13 08:00:00,2605.77,2607.42,2604.2,2605.44
2024-11-13 09:00:00,2605.44,2607.48,2604.31,2606.25
2024-11-13 10:00:00,2606.25,2610.72,2601.07,2607.65
2024-11-13 11:00:00,2607.66,2611.74,2607.33,2608.59
2024-11-13 12:00:00,2608.59,2610.51,2607.0,2609.12
2024-11-13 13:00:00,2609.12,2611.68,2605.88,2610.83
2024-11-13 14:00:00,2610.83,2612.72,2608.94,2609.63
2024-11-13 15:00:00,2609.63,2618.87,2607.18,2612.33
2024-11-13 16:00:00,2612.3,2616.4,2601.06,2602.07
2024-11-13 17:00:00,2602.08,2606.82,2593.65,2605.41
2024-11-13 18:00:00,2605.37,2605.96,2584.76,2585.82
2024-11-13 19:00:00,2585.82,2586.81,2577.6,2583.32
2024-11-13 20:00:00,2583.36,2585.45,2579.58,2582.79
2024-11-13 21:00:00,2582.79,2584.93,2580.58,2581.02
2024-11-13 22:00:00,2581.02,2581.2,2573.02,2573.83
2024-11-13 23:00:00,2573.89,2577.18,2572.65,2572.83
2024-11-14 01:00:00,2574.06,2581.32,2569.27,2570.98
2024-11-14 02:00:00,2570.98,2574.71,2569.59,2572.55
2024-11-14 03:00:00,2572.55,2572.91,2561.64,2562.6
2024-11-14 04:00:00,2562.6,2564.65,2559.0,2560.6
2024-11-14 05:00:00,2560.6,2565.07,2559.95,2560.73
2024-11-14 06:00:00,2560.73,2565.31,2559.36,2565.2
2024-11-14 07:00:00,2565.19,2565.22,2555.38,2558.65
2024-11-14 08:00:00,2558.65,2560.54,2551.95,2555.16
2024-11-14 09:00:00,2555.17,2558.9,2550.42,2556.96
2024-11-14 10:00:00,2556.97,2559.85,2554.58,2556.25
2024-11-14 11:00:00,2556.24,2558.37,2536.86,2543.57
2024-11-14 12:00:00,2543.57,2548.02,2539.09,2547.11
2024-11-14 13:00:00,2547.14,2555.01,2545.21,2553.69
2024-11-14 14:00:00,2553.69,2556.91,2550.08,2552.29
2024-11-14 15:00:00,2552.3,2560.25,2551.32,2557.14
2024-11-14 16:00:00,2557.13,2565.93,2554.33,2559.76
2024-11-14 17:00:00,2559.76,2572.98,2558.65,2570.28
2024-11-14 18:00:00,2570.28,2577.44,2569.26,2573.95
2024-11-14 19:00:00,2573.95,2575.92,2567.47,2572.95
2024-11-14 20:00:00,2572.95,2573.53,2567.14,2569.88
2024-11-14 21:00:00,2569.88,2576.97,2569.85,2576.0
2024-11-14 22:00:00,2576.0,2576.45,2563.93,2567.38
2024-11-14 23:00:00,2567.37,2569.67,2564.18,2564.65
2024-11-15 01:00:00,2566.46,2567.41,2565.82,2566.98
2024-11-15 02:00:00,2566.98,2567.68,2565.87,2566.91
2024-11-15 03:00:00,2566.91,2571.71,2563.08,2565.06
2024-11-15 04:00:00,2565.06,2571.14,2564.95,2570.23
2024-11-15 05:00:00,2570.23,2571.23,2567.71,2567.78
2024-11-15 06:00:00,2567.78,2569.54,2566.98,2567.13
2024-11-15 07:00:00,2567.13,2567.25,2559.74,2559.94
2024-11-15 08:00:00,2559.94,2563.6,2554.52,2561.48
2024-11-15 09:00:00,2561.47,2564.92,2559.39,2563.78
2024-11-15 10:00:00,2563.77,2569.02,2560.84,2566.87
2024-11-15 11:00:00,2566.87,2568.96,2563.92,2564.11
2024-11-15 12:00:00,2564.12,2570.51,2563.06,2567.94
2024-11-15 13:00:00,2567.9,2573.35,2566.6,2570.78
2024-11-15 14:00:00,2570.78,2571.06,2565.46,2569.17
2024-11-15 15:00:00,2569.17,2575.74,2561.27,2565.39
2024-11-15 16:00:00,2565.37,2575.62,2564.26,2572.78
2024-11-15 17:00:00,2572.78,2576.06,2565.07,2570.86
2024-11-15 18:00:00,2570.83,2573.36,2562.07,2562.15
2024-11-15 19:00:00,2562.15,2564.82,2560.16,2562.95
2024-11-15 20:00:00,2562.98,2567.82,2559.5,2567.65
2024-11-15 21:00:00,2567.62,2568.14,2562.82,2563.91
2024-11-15 22:00:00,2563.91,2563.94,2559.88,2562.31
2024-11-15 23:00:00,2562.3,2562.46,2561.1,2561.66
2024-11-18 01:00:00,2567.65,2575.6,2567.65,2571.47
2024-11-18 02:00:00,2571.44,2577.25,2569.91,2576.57
2024-11-18 03:00:00,2576.57,2597.28,2576.56,2587.14
2024-11-18 04:00:00,2587.12,2595.15,2586.9,2591.08
2024-11-18 05:00:00,2591.08,2592.54,2587.81,2589.88
2024-11-18 06:00:00,2589.88,2593.2,2589.22,2592.3
2024-11-18 07:00:00,2592.29,2592.35,2585.11,2585.63
2024-11-18 08:00:00,2585.63,2587.73,2580.43,2586.02
2024-11-18 09:00:00,2586.02,2587.17,2581.7,2582.89
2024-11-18 10:00:00,2582.89,2590.08,2582.09,2585.64
2024-11-18 11:00:00,2585.64,2597.29,2583.84,2595.71
2024-11-18 12:00:00,2595.71,2596.68,2589.6,2594.07
2024-11-18 13:00:00,2594.07,2595.4,2590.51,2594.36
2024-11-18 14:00:00,2594.41,2597.18,2590.38,2595.15
2024-11-18 15:00:00,2595.15,2605.17,2592.92,2603.85
2024-11-18 16:00:00,2603.91,2610.19,2602.77,2608.14
2024-11-18 17:00:00,2608.16,2613.38,2605.93,2613.03
2024-11-18 18:00:00,2612.99,2615.12,2609.38,2611.59
2024-11-18 19:00:00,2611.59,2611.95,2607.35,2610.45
2024-11-18 20:00:00,2610.46,2612.08,2607.74,2611.16
2024-11-18 21:00:00,2611.15,2612.63,2608.37,2609.88
2024-11-18 22:00:00,2609.88,2611.57,2608.25,2610.25
2024-11-18 23:00:00,2610.25,2612.4,2609.9,2611.78
2024-11-19 01:00:00,2610.57,2613.1,2610.33,2612.59
2024-11-19 02:00:00,2612.59,2613.76,2611.09,2613.33
2024-11-19 03:00:00,2613.33,2617.84,2611.55,2615.72
2024-11-19 04:00:00,2615.72,2624.2,2615.68,2622.55
2024-11-19 05:00:00,2622.55,2625.55,2621.41,2624.51
2024-11-19 06:00:00,2624.51,2625.2,2621.57,2622.97
2024-11-19 07:00:00,2622.97,2623.46,2620.89,2622.57
2024-11-19 08:00:00,2622.59,2626.68,2621.39,2625.15
2024-11-19 09:00:00,2625.15,2625.33,2617.81,2619.14
2024-11-19 10:00:00,2619.14,2627.01,2618.72,2626.38
2024-11-19 11:00:00,2626.37,2634.51,2625.32,2630.27
2024-11-19 12:00:00,2630.25,2636.52,2629.93,2635.14
2024-11-19 13:00:00,2635.14,2636.04,2629.07,2629.61
2024-11-19 14:00:00,2629.62,2639.39,2628.8,2639.27
2024-11-19 15:00:00,2639.27,2639.47,2629.28,2635.3
2024-11-19 16:00:00,2635.3,2636.98,2622.79,2623.43
2024-11-19 17:00:00,2623.46,2628.68,2620.91,2624.45
2024-11-19 18:00:00,2624.47,2628.5,2622.36,2626.48
2024-11-19 19:00:00,2626.48,2633.17,2625.67,2628.11
2024-11-19 20:00:00,2628.11,2630.45,2626.31,2630.19
2024-11-19 21:00:00,2630.2,2631.64,2628.9,2630.74
2024-11-19 22:00:00,2630.74,2634.66,2630.46,2633.75
2024-11-19 23:00:00,2633.73,2633.97,2630.61,2632.2
2024-11-20 01:00:00,2632.28,2635.51,2631.85,2635.17
2024-11-20 02:00:00,2635.17,2639.13,2634.76,2637.85
2024-11-20 03:00:00,2637.87,2641.51,2635.77,2639.66
2024-11-20 04:00:00,2639.65,2641.83,2638.44,2640.23
2024-11-20 05:00:00,2640.23,2641.27,2637.63,2637.98
2024-11-20 06:00:00,2637.98,2638.8,2636.18,2636.66
2024-11-20 07:00:00,2636.65,2638.54,2634.92,2636.89
2024-11-20 08:00:00,2636.89,2637.09,2628.62,2629.48
2024-11-20 09:00:00,2629.51,2630.2,2621.27,2621.58
2024-11-20 10:00:00,2621.59,2624.51,2618.87,2624.2
2024-11-20 11:00:00,2624.2,2625.7,2621.09,2621.94
2024-11-20 12:00:00,2621.87,2626.27,2620.97,2625.1
2024-11-20 13:00:00,2625.1,2628.17,2621.49,2628.07
2024-11-20 14:00:00,2628.07,2632.44,2627.09,2631.81
2024-11-20 15:00:00,2631.84,2640.52,2631.15,2636.12
2024-11-20 16:00:00,2636.12,2646.41,2634.15,2643.16
2024-11-20 17:00:00,2643.16,2648.92,2640.89,2648.87
2024-11-20 18:00:00,2648.85,2650.82,2646.14,2650.63
2024-11-20 19:00:00,2650.63,2655.43,2649.28,2651.84
2024-11-20 20:00:00,2651.82,2652.13,2645.48,2648.59
2024-11-20 21:00:00,2648.59,2653.2,2648.46,2650.92
2024-11-20 22:00:00,2650.92,2651.27,2647.23,2648.91
2024-11-20 23:00:00,2648.91,2650.5,2648.05,2650.0
2024-11-21 01:00:00,2649.6,2652.95,2648.9,2652.16
2024-11-21 02:00:00,2652.22,2658.83,2651.84,2658.48
2024-11-21 03:00:00,2658.52,2660.46,2651.88,2653.45
2024-11-21 04:00:00,2653.45,2658.2,2652.62,2653.72
2024-11-21 05:00:00,2653.73,2657.23,2650.47,2656.97
2024-11-21 06:00:00,2656.97,2658.93,2656.88,2656.98
2024-11-21 07:00:00,2656.98,2658.16,2654.67,2656.96
2024-11-21 08:00:00,2656.96,2662.26,2656.57,2661.43
2024-11-21 09:00:00,2661.43,2664.59,2660.05,2663.14
2024-11-21 10:00:00,2663.14,2670.29,2662.01,2668.85
2024-11-21 11:00:00,2668.86,2671.72,2663.54,2668.87
2024-11-21 12:00:00,2668.87,2670.37,2665.12,2669.98
2024-11-21 13:00:00,2669.98,2673.52,2668.35,2671.49
2024-11-21 14:00:00,2671.49,2671.8,2663.04,2663.28
2024-11-21 15:00:00,2663.28,2667.75,2660.43,2665.47
2024-11-21 16:00:00,2665.47,2671.64,2661.47,2664.94
2024-11-21 17:00:00,2664.91,2670.58,2664.44,2667.72
2024-11-21 18:00:00,2667.72,2669.75,2661.32,2664.71
2024-11-21 19:00:00,2664.71,2672.83,2661.82,2671.87
2024-11-21 20:00:00,2671.87,2673.11,2669.09,2672.44
2024-11-21 21:00:00,2672.45,2673.49,2667.81,2669.66
2024-11-21 22:00:00,2669.72,2671.85,2668.56,2671.52
2024-11-21 23:00:00,2671.54,2671.9,2668.11,2669.46
2024-11-22 01:00:00,2669.55,2669.98,2668.15,2669.2
2024-11-22 02:00:00,2669.2,2673.59,2668.9,2673.15
2024-11-22 03:00:00,2673.15,2679.48,2673.12,2677.86
2024-11-22 04:00:00,2677.85,2686.43,2677.36,2686.09
2024-11-22 05:00:00,2686.08,2690.53,2681.49,2686.21
2024-11-22 06:00:00,2686.21,2692.31,2682.99,2688.8
2024-11-22 07:00:00,2688.8,2689.18,2683.09,2686.69
2024-11-22 08:00:00,2686.71,2693.23,2685.87,2692.97
2024-11-22 09:00:00,2692.97,2699.01,2690.53,2696.46
2024-11-22 10:00:00,2696.46,2700.42,2694.73,2697.37
2024-11-22 11:00:00,2697.37,2707.44,2693.53,2703.39
2024-11-22 12:00:00,2703.39,2708.58,2702.75,2707.68
2024-11-22 13:00:00,2707.68,2710.14,2697.08,2698.87
2024-11-22 14:00:00,2698.86,2704.96,2697.09,2702.98
2024-11-22 15:00:00,2702.98,2704.16,2689.37,2692.97
2024-11-22 16:00:00,2692.97,2696.36,2684.5,2694.52
2024-11-22 17:00:00,2694.52,2705.09,2694.33,2703.69
2024-11-22 18:00:00,2703.69,2706.59,2700.84,2705.16
2024-11-22 19:00:00,2705.17,2707.29,2703.66,2706.85
2024-11-22 20:00:00,2706.85,2711.47,2706.76,2710.89
2024-11-22 21:00:00,2710.92,2711.46,2707.05,2708.23
2024-11-22 22:00:00,2708.2,2708.88,2705.09,2705.86
2024-11-22 23:00:00,2705.86,2715.29,2705.81,2714.57
2024-11-25 01:00:00,2710.84,2721.39,2710.68,2719.85
2024-11-25 02:00:00,2719.85,2720.15,2709.89,2710.58
2024-11-25 03:00:00,2710.58,2711.11,2694.88,2701.24
2024-11-25 04:00:00,2701.24,2704.48,2692.44,2695.25
2024-11-25 05:00:00,2695.25,2697.42,2659.21,2672.26
2024-11-25 06:00:00,2672.26,2676.44,2663.89,2672.47
2024-11-25 07:00:00,2672.47,2674.03,2658.25,2664.85
2024-11-25 08:00:00,2664.82,2670.02,2661.7,2666.93
2024-11-25 09:00:00,2666.92,2672.57,2663.81,2667.91
2024-11-25 10:00:00,2667.94,2673.57,2667.17,2672.05
2024-11-25 11:00:00,2672.05,2675.2,2669.96,2673.91
2024-11-25 12:00:00,2673.91,2678.05,2668.82,2677.79
2024-11-25 13:00:00,2677.72,2688.78,2677.67,2686.84
2024-11-25 14:00:00,2686.84,2686.98,2679.97,2680.98
2024-11-25 15:00:00,2680.98,2687.93,2676.71,2678.29
2024-11-25 16:00:00,2678.29,2678.76,2633.67,2641.32
2024-11-25 17:00:00,2641.3,2641.65,2626.24,2628.31
2024-11-25 18:00:00,2628.32,2639.44,2628.32,2632.05
2024-11-25 19:00:00,2632.04,2634.24,2624.59,2627.86
2024-11-25 20:00:00,2627.86,2628.53,2615.65,2618.86
2024-11-25 21:00:00,2618.86,2626.22,2618.4,2625.79
2024-11-25 22:00:00,2625.79,2628.77,2622.71,2626.13
2024-11-25 23:00:00,2626.08,2628.36,2625.22,2625.54
2024-11-26 01:00:00,2627.4,2628.6,2605.18,2610.41
2024-11-26 02:00:00,2610.55,2624.57,2608.62,2619.86
2024-11-26 03:00:00,2619.86,2632.2,2618.11,2628.2
2024-11-26 04:00:00,2628.2,2630.49,2625.0,2625.43
2024-11-26 05:00:00,2625.43,2631.06,2623.01,2630.4
2024-11-26 06:00:00,2630.4,2631.47,2625.11,2626.43
2024-11-26 07:00:00,2626.43,2626.51,2617.95,2624.39
2024-11-26 08:00:00,2624.4,2626.06,2621.19,2622.11
2024-11-26 09:00:00,2622.11,2622.92,2610.89,2614.1
2024-11-26 10:00:00,2614.1,2618.35,2612.45,2613.44
2024-11-26 11:00:00,2613.44,2627.17,2612.86,2626.04
2024-11-26 12:00:00,2626.04,2633.17,2625.16,2631.36
2024-11-26 13:00:00,2631.37,2633.23,2627.67,2633.23
2024-11-26 14:00:00,2633.23,2634.74,2629.31,2631.06
2024-11-26 15:00:00,2631.06,2641.99,2624.01,2629.93
2024-11-26 16:00:00,2629.91,2633.8,2616.83,2622.39
2024-11-26 17:00:00,2622.14,2632.81,2620.29,2629.52
2024-11-26 18:00:00,2629.52,2631.43,2626.45,2628.71
2024-11-26 19:00:00,2628.71,2628.72,2624.97,2624.97
2024-11-26 20:00:00,2624.97,2624.97,2619.62,2623.47
2024-11-26 21:00:00,2623.49,2629.02,2622.58,2628.13
2024-11-26 22:00:00,2628.16,2632.85,2627.55,2631.72
2024-11-26 23:00:00,2631.72,2633.54,2630.79,2633.05
2024-11-27 01:00:00,2631.24,2634.15,2630.86,2632.28
2024-11-27 02:00:00,2632.28,2633.11,2627.26,2627.76
2024-11-27 03:00:00,2627.77,2632.77,2627.09,2631.46
2024-11-27 04:00:00,2631.46,2640.57,2631.21,2637.6
2024-11-27 05:00:00,2637.6,2639.43,2635.98,2637.79
2024-11-27 06:00:00,2637.79,2640.63,2636.68,2639.02
2024-11-27 07:00:00,2639.02,2645.78,2638.25,2642.06
2024-11-27 08:00:00,2642.06,2648.01,2639.07,2647.85
2024-11-27 09:00:00,2647.82,2648.52,2645.93,2646.64
2024-11-27 10:00:00,2646.64,2653.68,2645.25,2653.48
2024-11-27 11:00:00,2653.47,2653.83,2647.86,2648.43
2024-11-27 12:00:00,2648.43,2649.95,2647.73,2648.59
2024-11-27 13:00:00,2648.61,2652.36,2643.53,2651.14
2024-11-27 14:00:00,2651.14,2655.04,2649.6,2651.24
2024-11-27 15:00:00,2651.24,2658.27,2645.83,2656.29
2024-11-27 16:00:00,2656.32,2656.89,2649.08,2651.44
2024-11-27 17:00:00,2651.45,2651.62,2635.52,2642.77
2024-11-27 18:00:00,2642.77,2644.35,2638.12,2639.01
2024-11-27 19:00:00,2639.0,2642.87,2635.28,2637.28
2024-11-27 20:00:00,2637.28,2640.83,2636.53,2638.95
2024-11-27 21:00:00,2638.95,2639.43,2633.89,2634.77
2024-11-27 22:00:00,2634.78,2639.04,2634.26,2637.0
2024-11-27 23:00:00,2637.04,2637.54,2634.84,2635.91
2024-11-28 01:00:00,2637.75,2637.91,2636.25,2637.09
2024-11-28 02:00:00,2637.12,2638.49,2635.18,2635.68
2024-11-28 03:00:00,2635.68,2636.37,2620.97,2628.81
2024-11-28 04:00:00,2628.82,2630.17,2625.65,2628.33
2024-11-28 05:00:00,2628.33,2632.17,2625.74,2630.38
2024-11-28 06:00:00,2630.38,2634.0,2629.4,2631.28
2024-11-28 07:00:00,2631.27,2633.99,2630.23,2633.45
2024-11-28 08:00:00,2633.46,2639.61,2631.85,2636.84
2024-11-28 09:00:00,2636.84,2639.34,2634.61,2637.4
2024-11-28 10:00:00,2637.29,2646.31,2635.72,2644.06
2024-11-28 11:00:00,2644.1,2647.97,2642.77,2646.16
2024-11-28 12:00:00,2646.16,2649.67,2644.82,2647.55
2024-11-28 13:00:00,2647.55,2649.57,2644.96,2646.94
2024-11-28 14:00:00,2646.94,2647.29,2643.96,2646.13
2024-11-28 15:00:00,2646.12,2647.8,2642.85,2647.04
2024-11-28 16:00:00,2647.05,2647.98,2640.87,2641.32
2024-11-28 17:00:00,2641.33,2643.12,2636.32,2638.2
2024-11-28 18:00:00,2638.2,2642.5,2637.6,2642.11
2024-11-28 19:00:00,2642.1,2642.37,2639.67,2640.99
2024-11-28 20:00:00,2640.98,2641.39,2639.65,2640.1
2024-11-28 21:00:00,2640.1,2640.16,2637.25,2637.86
2024-11-29 01:00:00,2638.94,2639.33,2637.19,2638.8
2024-11-29 02:00:00,2638.8,2639.22,2635.7,2636.16
2024-11-29 03:00:00,2636.16,2647.22,2634.03,2645.02
2024-11-29 04:00:00,2645.02,2662.73,2644.82,2657.46
2024-11-29 05:00:00,2657.46,2660.62,2654.8,2660.07
2024-11-29 06:00:00,2660.07,2664.25,2658.4,2659.91
2024-11-29 07:00:00,2659.91,2664.07,2659.41,2662.36
2024-11-29 08:00:00,2662.36,2666.39,2661.73,2665.24
2024-11-29 09:00:00,2665.24,2665.57,2659.11,2660.62
2024-11-29 10:00:00,2660.62,2662.63,2654.56,2657.28
2024-11-29 11:00:00,2657.29,2664.77,2655.86,2664.2
2024-11-29 12:00:00,2664.2,2665.84,2661.36,2662.79
2024-11-29 13:00:00,2662.79,2664.32,2659.49,2659.62
2024-11-29 14:00:00,2659.62,2664.96,2659.03,2659.99
2024-11-29 15:00:00,2659.99,2663.32,2656.14,2657.98
2024-11-29 16:00:00,2657.98,2662.7,2651.94,2653.57
2024-11-29 17:00:00,2653.57,2658.95,2650.66,2658.94
2024-11-29 18:00:00,2658.94,2662.29,2658.01,2662.18
2024-11-29 19:00:00,2662.17,2662.24,2657.51,2660.64
2024-11-29 20:00:00,2660.66,2660.7,2651.74,2652.69
2024-11-29 21:00:00,2652.69,2653.05,2648.59,2650.4
2024-12-02 01:00:00,2649.12,2650.27,2643.03,2645.78
2024-12-02 02:00:00,2645.79,2647.7,2630.3,2637.52
2024-12-02 03:00:00,2637.52,2639.17,2622.97,2635.92
2024-12-02 04:00:00,2635.92,2638.09,2625.66,2626.82
2024-12-02 05:00:00,2626.8,2631.08,2624.2,2629.33
2024-12-02 06:00:00,2629.33,2630.59,2626.23,2628.57
2024-12-02 07:00:00,2628.57,2628.77,2621.94,2623.18
2024-12-02 08:00:00,2623.18,2627.74,2621.91,2625.99
2024-12-02 09:00:00,2626.0,2633.6,2625.28,2629.87
2024-12-02 10:00:00,2629.87,2632.85,2626.58,2629.52
2024-12-02 11:00:00,2629.52,2636.91,2628.57,2633.64
2024-12-02 12:00:00,2633.62,2637.72,2633.28,2635.82
2024-12-02 13:00:00,2635.91,2646.28,2635.69,2641.87
2024-12-02 14:00:00,2641.87,2645.18,2639.12,2641.01
2024-12-02 15:00:00,2641.01,2648.84,2637.12,2647.06
2024-12-02 16:00:00,2647.07,2651.82,2642.56,2645.74
2024-12-02 17:00:00,2645.71,2649.36,2640.22,2642.29
2024-12-02 18:00:00,2642.29,2644.35,2638.58,2641.31
2024-12-02 19:00:00,2641.31,2642.04,2637.41,2638.8
2024-12-02 20:00:00,2638.8,2638.91,2633.54,2637.03
2024-12-02 21:00:00,2637.03,2640.27,2636.57,2637.64
2024-12-02 22:00:00,2637.64,2644.24,2635.29,2637.23
2024-12-02 23:00:00,2637.21,2639.13,2636.57,2638.74
2024-12-03 01:00:00,2638.94,2642.92,2638.72,2642.28
2024-12-03 02:00:00,2642.25,2644.4,2640.52,2641.13
2024-12-03 03:00:00,2641.13,2645.32,2634.12,2636.5
2024-12-03 04:00:00,2636.5,2639.12,2634.47,2637.11
2024-12-03 05:00:00,2637.09,2640.66,2636.27,2640.5
2024-12-03 06:00:00,2640.5,2642.96,2638.42,2639.89
2024-12-03 07:00:00,2639.89,2642.09,2637.14,2641.21
2024-12-03 08:00:00,2641.21,2650.12,2641.21,2646.86
2024-12-03 09:00:00,2646.86,2647.69,2644.45,2644.68
2024-12-03 10:00:00,2644.68,2645.43,2639.24,2645.07
2024-12-03 11:00:00,2645.07,2648.09,2643.98,2644.08
2024-12-03 12:00:00,2644.08,2645.56,2642.54,2642.79
2024-12-03 13:00:00,2642.79,2645.67,2642.7,2643.67
2024-12-03 14:00:00,2643.67,2644.21,2638.23,2639.85
2024-12-03 15:00:00,2639.85,2653.76,2637.71,2652.9
2024-12-03 16:00:00,2652.91,2655.61,2645.7,2646.54
2024-12-03 17:00:00,2646.68,2646.68,2635.23,2640.52
2024-12-03 18:00:00,2640.51,2648.66,2638.9,2648.36
2024-12-03 19:00:00,2648.36,2648.83,2643.42,2647.06
2024-12-03 20:00:00,2647.03,2649.18,2643.16,2645.78
2024-12-03 21:00:00,2645.78,2646.28,2640.23,2640.97
2024-12-03 22:00:00,2640.97,2644.25,2640.71,2642.17
2024-12-03 23:00:00,2642.17,2644.04,2641.96,2643.6
2024-12-04 01:00:00,2642.46,2643.15,2641.18,2642.77
2024-12-04 02:00:00,2642.77,2643.58,2639.67,2640.55
2024-12-04 03:00:00,2640.55,2643.35,2637.7,2642.3
2024-12-04 04:00:00,2642.3,2648.12,2642.04,2645.85
2024-12-04 05:00:00,2645.85,2647.91,2643.17,2644.47
2024-12-04 06:00:00,2644.47,2648.67,2643.76,2648.43
2024-12-04 07:00:00,2648.43,2651.19,2647.59,2649.77
2024-12-04 08:00:00,2649.77,2651.39,2647.4,2649.26
2024-12-04 09:00:00,2649.29,2649.35,2640.36,2641.54
2024-12-04 10:00:00,2641.51,2642.22,2636.69,2641.37
2024-12-04 11:00:00,2641.35,2642.8,2638.66,2640.93
2024-12-04 12:00:00,2640.93,2644.55,2640.26,2644.4
2024-12-04 13:00:00,2644.4,2647.7,2643.43,2646.22
2024-12-04 14:00:00,2646.22,2646.61,2636.28,2637.08
2024-12-04 15:00:00,2637.08,2649.17,2632.43,2648.5
2024-12-04 16:00:00,2648.48,2653.43,2645.09,2648.82
2024-12-04 17:00:00,2648.82,2657.16,2648.82,2655.01
2024-12-04 18:00:00,2655.02,2655.59,2647.01,2649.72
2024-12-04 19:00:00,2649.73,2653.07,2648.47,2651.4
2024-12-04 20:00:00,2651.39,2653.01,2649.13,2649.23
2024-12-04 21:00:00,2649.04,2655.48,2646.87,2651.71
2024-12-04 22:00:00,2651.71,2651.94,2648.06,2650.04
2024-12-04 23:00:00,2650.1,2651.2,2648.95,2649.79
2024-12-05 01:00:00,2649.2,2651.65,2648.87,2650.4
2024-12-05 02:00:00,2650.4,2650.45,2647.76,2648.43
2024-12-05 03:00:00,2648.42,2650.73,2646.22,2647.06
2024-12-05 04:00:00,2647.07,2649.72,2645.28,2646.53
2024-12-05 05:00:00,2646.53,2649.35,2644.71,2648.96
2024-12-05 06:00:00,2648.95,2649.65,2645.8,2646.34
2024-12-05 07:00:00,2646.34,2655.52,2645.57,2653.15
2024-12-05 08:00:00,2653.15,2654.1,2646.63,2646.94
2024-12-05 09:00:00,2646.94,2650.92,2645.43,2648.7
2024-12-05 10:00:00,2648.7,2650.18,2642.02,2643.15
2024-12-05 11:00:00,2643.15,2646.18,2641.91,2644.82
2024-12-05 12:00:00,2644.82,2650.36,2644.69,2648.81
2024-12-05 13:00:00,2648.81,2652.7,2648.14,2651.38
2024-12-05 14:00:00,2651.38,2653.43,2647.55,2653.28
2024-12-05 15:00:00,2653.28,2654.54,2644.3,2648.97
2024-12-05 16:00:00,2648.96,2650.28,2639.6,2640.36
2024-12-05 17:00:00,2640.35,2642.03,2631.91,2640.23
2024-12-05 18:00:00,2640.22,2643.42,2632.93,2635.19
2024-12-05 19:00:00,2635.18,2635.94,2623.83,2628.02
2024-12-05 20:00:00,2628.02,2629.65,2623.54,2629.58
2024-12-05 21:00:00,2629.59,2631.7,2628.61,2629.83
2024-12-05 22:00:00,2629.82,2631.76,2628.0,2631.33
2024-12-05 23:00:00,2631.33,2632.47,2631.02,2631.88
2024-12-06 01:00:00,2631.93,2633.88,2631.51,2633.78
2024-12-06 02:00:00,2633.78,2633.79,2628.25,2628.55
2024-12-06 03:00:00,2628.55,2630.54,2612.81,2617.61
2024-12-06 04:00:00,2617.61,2625.5,2616.93,2625.35
2024-12-06 05:00:00,2625.35,2642.56,2624.96,2640.83
2024-12-06 06:00:00,2640.82,2644.57,2640.21,2642.27
2024-12-06 07:00:00,2642.27,2642.68,2635.38,2637.95
2024-12-06 08:00:00,2637.95,2642.26,2636.34,2639.37
2024-12-06 09:00:00,2639.37,2640.16,2636.02,2639.76
2024-12-06 10:00:00,2639.76,2645.2,2637.79,2644.21
2024-12-06 11:00:00,2644.21,2645.68,2639.77,2640.75
2024-12-06 12:00:00,2640.75,2640.88,2633.53,2634.2
2024-12-06 13:00:00,2634.19,2639.28,2632.48,2638.46
2024-12-06 14:00:00,2638.46,2641.57,2635.77,2638.54
2024-12-06 15:00:00,2638.54,2643.38,2631.18,2635.77
2024-12-06 16:00:00,2635.77,2638.96,2624.07,2635.26
2024-12-06 17:00:00,2635.37,2640.61,2632.59,2637.58
2024-12-06 18:00:00,2637.58,2641.63,2635.57,2640.46
2024-12-06 19:00:00,2640.44,2640.67,2634.22,2634.95
2024-12-06 20:00:00,2634.93,2639.02,2634.16,2637.21
2024-12-06 21:00:00,2637.21,2637.44,2633.03,2634.82
2024-12-06 22:00:00,2634.82,2636.39,2631.52,2631.96
2024-12-06 23:00:00,2631.87,2633.81,2631.13,2633.15
2024-12-09 01:00:00,2642.99,2648.29,2636.34,2640.09
2024-12-09 02:00:00,2640.09,2640.09,2627.57,2630.98
2024-12-09 03:00:00,2630.98,2650.6,2630.93,2646.75
2024-12-09 04:00:00,2646.75,2648.67,2640.96,2646.09
2024-12-09 05:00:00,2646.11,2646.64,2638.31,2638.86
2024-12-09 06:00:00,2638.86,2639.37,2634.67,2636.09
2024-12-09 07:00:00,2636.09,2640.45,2635.91,2638.44
2024-12-09 08:00:00,2638.44,2644.51,2638.21,2643.84
2024-12-09 09:00:00,2643.84,2651.25,2643.02,2650.56
2024-12-09 10:00:00,2650.56,2651.08,2646.07,2649.36
2024-12-09 11:00:00,2649.35,2657.46,2648.83,2655.59
2024-12-09 12:00:00,2655.59,2658.39,2653.5,2657.52
2024-12-09 13:00:00,2657.52,2660.48,2653.47,2656.29
2024-12-09 14:00:00,2656.27,2658.32,2653.34,2656.26
2024-12-09 15:00:00,2656.27,2666.29,2654.76,2665.53
2024-12-09 16:00:00,2665.53,2675.32,2662.66,2674.2
2024-12-09 17:00:00,2674.21,2676.42,2666.66,2668.34
2024-12-09 18:00:00,2668.34,2670.56,2665.65,2667.68
2024-12-09 19:00:00,2667.68,2669.43,2663.67,2664.52
2024-12-09 20:00:00,2664.52,2664.69,2661.68,2663.05
2024-12-09 21:00:00,2663.03,2663.29,2658.91,2660.15
2024-12-09 22:00:00,2660.18,2660.2,2656.75,2657.87
2024-12-09 23:00:00,2657.88,2660.99,2657.85,2660.18
2024-12-10 01:00:00,2660.83,2661.68,2659.62,2660.56
2024-12-10 02:00:00,2660.56,2665.53,2657.98,2665.03
2024-12-10 03:00:00,2665.03,2668.74,2660.58,2667.45
2024-12-10 04:00:00,2667.45,2671.5,2666.17,2669.06
2024-12-10 05:00:00,2669.04,2671.76,2665.54,2669.98
2024-12-10 06:00:00,2669.98,2673.92,2669.69,2670.33
2024-12-10 07:00:00,2670.4,2671.65,2668.27,2668.88
2024-12-10 08:00:00,2668.88,2670.93,2665.73,2670.1
2024-12-10 09:00:00,2670.1,2670.84,2663.62,2664.68
2024-12-10 10:00:00,2664.68,2665.67,2661.22,2663.24
2024-12-10 11:00:00,2663.24,2667.03,2661.67,2665.02
2024-12-10 12:00:00,2665.03,2676.82,2664.44,2675.54
2024-12-10 13:00:00,2675.54,2675.57,2669.81,2674.58
2024-12-10 14:00:00,2674.59,2679.7,2672.72,2677.79
2024-12-10 15:00:00,2677.79,2682.06,2672.29,2680.47
2024-12-10 16:00:00,2680.47,2691.76,2679.57,2688.83
2024-12-10 17:00:00,2688.86,2690.47,2684.54,2687.46
2024-12-10 18:00:00,2687.46,2692.53,2684.66,2692.34
2024-12-10 19:00:00,2692.34,2695.59,2690.59,2694.4
2024-12-10 20:00:00,2694.4,2695.19,2691.94,2692.44
2024-12-10 21:00:00,2692.44,2694.55,2691.13,2691.98
2024-12-10 22:00:00,2691.98,2693.19,2690.96,2691.84
2024-12-10 23:00:00,2691.84,2694.55,2691.66,2693.95
2024-12-11 01:00:00,2695.12,2698.32,2694.02,2696.03
2024-12-11 02:00:00,2696.03,2701.87,2693.47,2700.92
2024-12-11 03:00:00,2700.92,2703.62,2696.57,2700.01
2024-12-11 04:00:00,2700.01,2704.32,2698.27,2699.14
2024-12-11 05:00:00,2699.13,2702.27,2693.4,2695.46
2024-12-11 06:00:00,2695.5,2696.41,2682.08,2684.85
2024-12-11 07:00:00,2684.85,2694.87,2675.63,2687.9
2024-12-11 08:00:00,2687.9,2697.93,2687.68,2696.43
2024-12-11 09:00:00,2696.47,2696.58,2687.89,2690.16
2024-12-11 10:00:00,2690.16,2696.07,2688.5,2691.11
2024-12-11 11:00:00,2691.11,2695.94,2686.39,2695.7
2024-12-11 12:00:00,2695.7,2699.85,2692.4,2694.43
2024-12-11 13:00:00,2694.41,2697.59,2692.61,2696.52
2024-12-11 14:00:00,2696.52,2697.45,2693.78,2695.78
2024-12-11 15:00:00,2695.79,2702.2,2690.68,2701.04
2024-12-11 16:00:00,2701.04,2706.94,2696.6,2706.34
2024-12-11 17:00:00,2706.38,2716.1,2705.66,2713.21
2024-12-11 18:00:00,2713.21,2718.6,2711.17,2715.34
2024-12-11 19:00:00,2715.34,2720.13,2714.06,2718.12
2024-12-11 20:00:00,2718.12,2721.21,2713.95,2714.2
2024-12-11 21:00:00,2714.2,2719.71,2713.36,2718.09
2024-12-11 22:00:00,2718.09,2720.22,2716.11,2717.29
2024-12-11 23:00:00,2717.3,2718.8,2716.09,2717.77
2024-12-12 01:00:00,2717.64,2720.35,2717.02,2720.07
2024-12-12 02:00:00,2720.07,2724.4,2718.88,2724.1
2024-12-12 03:00:00,2724.1,2726.19,2700.45,2711.16
2024-12-12 04:00:00,2711.16,2711.66,2703.73,2705.92
2024-12-12 05:00:00,2705.92,2711.19,2705.19,2710.18
2024-12-12 06:00:00,2710.18,2715.27,2709.71,2712.66
2024-12-12 07:00:00,2712.64,2716.23,2711.51,2713.57
2024-12-12 08:00:00,2713.57,2718.73,2710.38,2718.68
2024-12-12 09:00:00,2718.68,2720.44,2715.44,2716.34
2024-12-12 10:00:00,2716.34,2719.52,2714.99,2718.01
2024-12-12 11:00:00,2718.01,2718.81,2714.26,2714.92
2024-12-12 12:00:00,2714.92,2715.71,2709.9,2711.52
2024-12-12 13:00:00,2711.52,2713.5,2707.28,2710.88
2024-12-12 14:00:00,2710.88,2712.52,2706.04,2706.65
2024-12-12 15:00:00,2706.66,2711.54,2697.39,2697.62
2024-12-12 16:00:00,2697.62,2699.61,2680.83,2686.68
2024-12-12 17:00:00,2686.59,2688.26,2675.15,2679.78
2024-12-12 18:00:00,2679.78,2683.86,2677.41,2683.51
2024-12-12 19:00:00,2683.51,2686.64,2681.51,2686.42
2024-12-12 20:00:00,2686.42,2687.15,2682.87,2684.25
2024-12-12 21:00:00,2684.25,2686.94,2682.58,2683.07
2024-12-12 22:00:00,2683.07,2683.57,2679.41,2679.77
2024-12-12 23:00:00,2679.74,2682.99,2679.65,2680.6
2024-12-13 01:00:00,2680.57,2681.7,2680.04,2680.75
2024-12-13 02:00:00,2680.75,2685.63,2678.92,2685.54
2024-12-13 03:00:00,2685.54,2692.8,2685.36,2689.93
2024-12-13 04:00:00,2689.93,2691.29,2684.37,2686.65
2024-12-13 05:00:00,2686.65,2691.4,2686.17,2688.11
2024-12-13 06:00:00,2688.11,2688.65,2685.51,2687.34
2024-12-13 07:00:00,2687.34,2689.43,2685.18,2688.38
2024-12-13 08:00:00,2688.38,2690.62,2683.35,2689.65
2024-12-13 09:00:00,2689.65,2690.18,2681.04,2683.28
2024-12-13 10:00:00,2683.28,2684.83,2674.29,2675.0
2024-12-13 11:00:00,2675.0,2677.0,2667.53,2668.89
2024-12-13 12:00:00,2668.86,2670.22,2665.15,2666.73
2024-12-13 13:00:00,2666.73,2669.47,2664.39,2664.94
2024-12-13 14:00:00,2664.94,2672.76,2662.95,2672.48
2024-12-13 15:00:00,2672.49,2672.97,2659.7,2662.15
2024-12-13 16:00:00,2662.15,2664.04,2657.37,2660.24
2024-12-13 17:00:00,2660.24,2662.77,2654.71,2659.94
2024-12-13 18:00:00,2659.94,2664.57,2658.9,2661.98
2024-12-13 19:00:00,2659.76,2661.03,2655.6,2656.3
2024-12-13 20:00:00,2656.3,2657.09,2652.18,2654.22
2024-12-13 21:00:00,2654.22,2655.29,2652.29,2653.02
2024-12-13 22:00:00,2653.03,2653.52,2646.49,2647.9
2024-12-13 23:00:00,2647.94,2650.04,2646.16,2648.73
2024-12-16 01:00:00,2648.9,2653.01,2648.76,2651.54
2024-12-16 02:00:00,2651.55,2651.75,2643.52,2647.13
2024-12-16 03:00:00,2647.13,2655.68,2646.76,2653.5
2024-12-16 04:00:00,2653.51,2654.75,2650.57,2651.95
2024-12-16 05:00:00,2651.95,2655.72,2651.79,2653.84
2024-12-16 06:00:00,2653.84,2654.51,2652.01,2652.79
2024-12-16 07:00:00,2652.77,2653.46,2649.64,2652.87
2024-12-16 08:00:00,2652.87,2654.87,2652.09,2653.68
2024-12-16 09:00:00,2653.68,2655.92,2651.66,2653.76
2024-12-16 10:00:00,2653.76,2662.04,2652.22,2658.07
2024-12-16 11:00:00,2658.07,2660.16,2655.79,2658.14
2024-12-16 12:00:00,2658.14,2661.1,2658.08,2658.87
2024-12-16 13:00:00,2658.85,2664.11,2657.78,2663.61
2024-12-16 14:00:00,2663.61,2664.38,2657.42,2660.04
2024-12-16 15:00:00,2660.04,2664.28,2658.96,2661.96
2024-12-16 16:00:00,2662.05,2663.08,2653.76,2654.88
2024-12-16 17:00:00,2654.88,2656.96,2650.85,2654.43
2024-12-16 18:00:00,2654.43,2655.77,2648.52,2652.2
2024-12-16 19:00:00,2652.2,2655.37,2651.86,2652.12
2024-12-16 20:00:00,2652.11,2655.66,2651.32,2655.39
2024-12-16 21:00:00,2655.39,2655.77,2652.13,2653.3
2024-12-16 22:00:00,2653.3,2653.62,2651.93,2652.77
2024-12-16 23:00:00,2652.77,2653.13,2651.5,2652.65
2024-12-17 01:00:00,2651.99,2652.94,2651.68,2651.75
2024-12-17 02:00:00,2651.75,2655.47,2651.2,2655.27
2024-12-17 03:00:00,2655.27,2658.68,2654.34,2658.15
2024-12-17 04:00:00,2658.15,2658.63,2653.96,2654.97
2024-12-17 05:00:00,2654.97,2656.19,2651.3,2653.63
2024-12-17 06:00:00,2653.63,2655.31,2650.97,2651.78
2024-12-17 07:00:00,2651.78,2654.88,2649.16,2653.74
2024-12-17 08:00:00,2653.79,2654.72,2646.41,2648.94
2024-12-17 09:00:00,2648.94,2657.1,2648.29,2653.77
2024-12-17 10:00:00,2653.78,2653.78,2641.09,2644.24
2024-12-17 11:00:00,2644.24,2646.12,2638.13,2639.69
2024-12-17 12:00:00,2639.61,2643.29,2638.16,2638.25
2024-12-17 13:00:00,2638.25,2642.47,2636.19,2642.22
2024-12-17 14:00:00,2642.22,2645.54,2640.78,2642.84
2024-12-17 15:00:00,2642.83,2646.91,2634.78,2637.06
2024-12-17 16:00:00,2637.06,2642.05,2633.13,2636.72
2024-12-17 17:00:00,2636.73,2642.97,2636.0,2640.19
2024-12-17 18:00:00,2640.19,2641.51,2636.73,2638.95
2024-12-17 19:00:00,2638.96,2647.1,2637.96,2646.04
2024-12-17 20:00:00,2646.03,2649.07,2645.03,2647.38
2024-12-17 21:00:00,2647.37,2648.27,2645.24,2645.33
2024-12-17 22:00:00,2645.33,2646.98,2643.09,2643.59
2024-12-17 23:00:00,2643.6,2646.46,2643.55,2646.4
2024-12-18 01:00:00,2646.8,2647.68,2644.86,2647.48
2024-12-18 02:00:00,2647.48,2650.35,2646.59,2650.07
2024-12-18 03:00:00,2650.07,2651.73,2648.13,2650.98
2024-12-18 04:00:00,2650.98,2651.08,2647.0,2647.47
2024-12-18 05:00:00,2647.48,2648.95,2645.35,2645.77
2024-12-18 06:00:00,2645.77,2645.91,2642.75,2645.15
2024-12-18 07:00:00,2645.15,2649.53,2643.97,2647.52
2024-12-18 08:00:00,2647.52,2648.07,2644.59,2646.69
2024-12-18 09:00:00,2646.69,2647.39,2643.34,2644.77
2024-12-18 10:00:00,2644.64,2649.65,2642.16,2647.96
2024-12-18 11:00:00,2647.95,2649.25,2645.56,2646.95
2024-12-18 12:00:00,2646.91,2649.45,2646.23,2648.45
2024-12-18 13:00:00,2648.45,2649.45,2645.88,2646.14
2024-12-18 14:00:00,2646.14,2647.76,2643.52,2644.07
2024-12-18 15:00:00,2644.07,2647.55,2641.16,2643.96
2024-12-18 16:00:00,2643.97,2644.93,2637.05,2638.0
2024-12-18 17:00:00,2638.01,2638.41,2633.89,2638.27
2024-12-18 18:00:00,2638.25,2639.57,2633.14,2634.76
2024-12-18 19:00:00,2634.79,2640.0,2634.68,2636.05
2024-12-18 20:00:00,2636.05,2638.95,2635.34,2636.49
2024-12-18 21:00:00,2636.29,2636.38,2604.49,2605.34
2024-12-18 22:00:00,2605.37,2609.35,2587.3,2592.46
2024-12-18 23:00:00,2592.46,2595.33,2583.68,2585.46
2024-12-19 01:00:00,2587.22,2592.29,2586.46,2587.95
2024-12-19 02:00:00,2588.05,2597.14,2587.94,2595.29
2024-12-19 03:00:00,2595.29,2618.13,2593.32,2611.89
2024-12-19 04:00:00,2611.89,2613.93,2606.29,2612.11
2024-12-19 05:00:00,2612.1,2613.36,2607.74,2610.39
2024-12-19 06:00:00,2610.39,2611.53,2606.97,2609.29
2024-12-19 07:00:00,2609.29,2610.5,2606.62,2607.35
2024-12-19 08:00:00,2607.35,2614.16,2603.35,2612.98
2024-12-19 09:00:00,2613.01,2622.61,2611.9,2616.53
2024-12-19 10:00:00,2616.53,2619.27,2613.17,2618.55
2024-12-19 11:00:00,2618.55,2622.86,2618.53,2620.41
2024-12-19 12:00:00,2620.41,2626.45,2617.44,2619.53
2024-12-19 13:00:00,2619.53,2621.93,2616.15,2616.78
2024-12-19 14:00:00,2616.78,2616.78,2604.49,2606.25
2024-12-19 15:00:00,2606.25,2606.27,2595.32,2596.38
2024-12-19 16:00:00,2596.38,2600.83,2591.95,2592.2
2024-12-19 17:00:00,2592.2,2595.94,2587.0,2588.48
2024-12-19 18:00:00,2588.48,2596.65,2587.23,2591.78
2024-12-19 19:00:00,2591.78,2594.24,2590.76,2592.65
2024-12-19 20:00:00,2592.65,2599.96,2591.87,2599.75
2024-12-19 21:00:00,2599.75,2601.07,2596.74,2596.8
2024-12-19 22:00:00,2596.8,2600.34,2596.52,2596.85
2024-12-19 23:00:00,2596.75,2597.05,2593.22,2594.51
2024-12-20 01:00:00,2594.15,2595.83,2592.37,2593.6
2024-12-20 02:00:00,2593.6,2595.39,2590.51,2590.83
2024-12-20 03:00:00,2590.82,2603.89,2589.66,2603.82
2024-12-20 04:00:00,2603.82,2603.99,2595.55,2597.12
2024-12-20 05:00:00,2597.12,2599.06,2595.79,2598.49
2024-12-20 06:00:00,2598.49,2601.04,2597.52,2598.04
2024-12-20 07:00:00,2598.04,2601.31,2596.56,2600.38
2024-12-20 08:00:00,2600.38,2605.38,2598.96,2604.77
2024-12-20 09:00:00,2604.77,2607.57,2602.39,2606.26
2024-12-20 10:00:00,2606.29,2607.75,2604.35,2605.52
2024-12-20 11:00:00,2605.52,2606.67,2603.17,2605.09
2024-12-20 12:00:00,2605.1,2606.98,2604.11,2604.27
2024-12-20 13:00:00,2604.28,2604.79,2600.2,2603.66
2024-12-20 14:00:00,2603.66,2606.19,2602.22,2603.59
2024-12-20 15:00:00,2603.59,2614.21,2599.69,2609.57
2024-12-20 16:00:00,2609.57,2618.36,2608.53,2616.44
2024-12-20 17:00:00,2616.6,2631.2,2616.4,2630.4
2024-12-20 18:00:00,2630.42,2631.86,2622.45,2625.07
2024-12-20 19:00:00,2625.07,2627.46,2622.17,2625.63
2024-12-20 20:00:00,2625.63,2627.36,2623.48,2626.18
2024-12-20 21:00:00,2626.18,2629.33,2625.07,2627.9
2024-12-20 22:00:00,2627.9,2628.11,2622.27,2622.77
2024-12-20 23:00:00,2622.73,2624.11,2619.33,2622.55
2024-12-23 01:00:00,2622.18,2624.58,2621.73,2624.0
2024-12-23 02:00:00,2624.07,2625.15,2617.42,2621.73
2024-12-23 03:00:00,2621.73,2624.18,2618.55,2620.79
2024-12-23 04:00:00,2620.79,2627.4,2620.56,2625.93
2024-12-23 05:00:00,2625.93,2626.94,2622.42,2624.1
2024-12-23 06:00:00,2624.1,2626.4,2623.91,2625.51
2024-12-23 07:00:00,2625.52,2629.21,2625.06,2626.73
2024-12-23 08:00:00,2626.73,2633.02,2624.61,2631.66
2024-12-23 09:00:00,2631.66,2633.29,2629.57,2630.31
2024-12-23 10:00:00,2630.29,2632.12,2626.1,2630.03
2024-12-23 11:00:00,2630.02,2630.73,2626.05,2626.41
2024-12-23 12:00:00,2626.41,2626.96,2619.07,2619.48
2024-12-23 13:00:00,2619.48,2620.06,2613.09,2616.27
2024-12-23 14:00:00,2616.24,2618.71,2614.15,2615.1
2024-12-23 15:00:00,2615.1,2619.85,2614.0,2617.47
2024-12-23 16:00:00,2617.47,2619.93,2613.81,2615.34
2024-12-23 17:00:00,2615.31,2616.4,2609.34,2609.78
2024-12-23 18:00:00,2609.8,2616.12,2608.2,2615.9
2024-12-23 19:00:00,2615.9,2616.65,2610.68,2611.21
2024-12-23 20:00:00,2611.23,2612.77,2610.01,2610.48
2024-12-23 21:00:00,2610.48,2612.6,2609.7,2611.2
2024-12-23 22:00:00,2611.19,2612.68,2609.15,2611.08
2024-12-23 23:00:00,2610.98,2613.72,2610.31,2612.75
2024-12-24 01:00:00,2614.82,2616.95,2613.89,2615.42
2024-12-24 02:00:00,2615.42,2617.44,2613.51,2616.63
2024-12-24 03:00:00,2616.63,2618.02,2614.62,2617.61
2024-12-24 04:00:00,2617.58,2620.02,2616.76,2616.91
2024-12-24 05:00:00,2616.9,2618.72,2615.79,2618.72
2024-12-24 06:00:00,2618.72,2620.43,2618.34,2620.29
2024-12-24 07:00:00,2620.29,2621.4,2618.38,2619.32
2024-12-24 08:00:00,2619.32,2619.87,2616.44,2619.03
2024-12-24 09:00:00,2619.03,2621.35,2617.98,2618.41
2024-12-24 10:00:00,2618.4,2619.86,2616.78,2617.37
2024-12-24 11:00:00,2617.37,2618.45,2613.42,2613.57
2024-12-24 12:00:00,2613.6,2617.95,2613.11,2615.6
2024-12-24 13:00:00,2615.6,2616.21,2612.48,2615.19
2024-12-24 14:00:00,2615.19,2616.3,2612.66,2613.82
2024-12-24 15:00:00,2613.79,2614.77,2611.38,2614.24
2024-12-24 16:00:00,2614.24,2617.23,2610.23,2610.9
2024-12-24 17:00:00,2610.97,2613.55,2610.06,2611.75
2024-12-24 18:00:00,2611.77,2617.84,2611.62,2615.99
2024-12-24 19:00:00,2615.99,2619.35,2615.26,2617.04
2024-12-24 20:00:00,2617.06,2617.89,2614.67,2616.53
2024-12-26 01:00:00,2615.14,2619.83,2614.88,2618.32
2024-12-26 02:00:00,2618.32,2622.73,2618.32,2621.64
2024-12-26 03:00:00,2621.61,2627.81,2620.82,2626.76
2024-12-26 04:00:00,2626.76,2627.87,2625.87,2627.6
2024-12-26 05:00:00,2627.6,2629.09,2625.77,2626.88
2024-12-26 06:00:00,2626.88,2629.2,2626.35,2627.33
2024-12-26 07:00:00,2627.35,2628.29,2626.11,2626.41
2024-12-26 08:00:00,2626.36,2627.37,2624.67,2626.11
2024-12-26 09:00:00,2626.09,2629.64,2623.55,2625.51
2024-12-26 10:00:00,2625.51,2629.07,2625.05,2627.54
2024-12-26 11:00:00,2627.54,2628.23,2625.87,2627.4
2024-12-26 12:00:00,2627.4,2629.37,2626.71,2628.68
2024-12-26 13:00:00,2628.68,2630.04,2627.77,2627.88
2024-12-26 14:00:00,2627.88,2628.56,2624.62,2626.77
2024-12-26 15:00:00,2626.67,2631.13,2621.83,2623.09
2024-12-26 16:00:00,2623.08,2630.24,2622.56,2630.07
2024-12-26 17:00:00,2630.07,2639.14,2629.1,2636.48
2024-12-26 18:00:00,2636.48,2636.76,2631.49,2632.17
2024-12-26 19:00:00,2632.17,2632.23,2628.11,2629.39
2024-12-26 20:00:00,2629.34,2635.94,2629.23,2634.81
2024-12-26 21:00:00,2634.81,2635.92,2632.66,2634.95
2024-12-26 22:00:00,2634.98,2636.17,2633.75,2634.32
2024-12-26 23:00:00,2634.32,2634.57,2633.18,2633.41
2024-12-27 01:00:00,2632.62,2634.51,2631.49,2632.51
2024-12-27 02:00:00,2632.51,2634.04,2631.35,2631.36
2024-12-27 03:00:00,2631.36,2633.87,2630.72,2632.33
2024-12-27 04:00:00,2632.28,2633.73,2628.95,2632.84
2024-12-27 05:00:00,2632.87,2635.56,2631.62,2633.85
2024-12-27 06:00:00,2633.87,2634.1,2632.08,2633.66
2024-12-27 07:00:00,2633.66,2634.29,2631.45,2631.46
2024-12-27 08:00:00,2631.46,2637.01,2631.38,2634.65
2024-12-27 09:00:00,2634.65,2638.27,2633.23,2633.62
2024-12-27 10:00:00,2633.59,2633.59,2626.18,2626.19
2024-12-27 11:00:00,2626.19,2627.7,2623.72,2624.04
2024-12-27 12:00:00,2624.06,2628.04,2623.48,2626.67
2024-12-27 13:00:00,2626.59,2628.91,2625.15,2628.72
2024-12-27 14:00:00,2628.72,2631.64,2625.73,2626.35
2024-12-27 15:00:00,2626.35,2627.29,2618.17,2618.85
2024-12-27 16:00:00,2618.86,2619.44,2611.69,2615.82
2024-12-27 17:00:00,2615.81,2619.46,2613.02,2618.21
2024-12-27 18:00:00,2618.21,2619.83,2615.35,2617.96
2024-12-27 19:00:00,2617.96,2618.28,2614.17,2615.91
2024-12-27 20:00:00,2615.91,2620.16,2615.33,2618.63
2024-12-27 21:00:00,2618.63,2621.45,2617.54,2620.73
2024-12-27 22:00:00,2620.74,2620.81,2612.78,2615.56
2024-12-27 23:00:00,2615.5,2621.16,2615.39,2620.82
2024-12-30 01:00:00,2621.83,2626.21,2621.69,2624.05
2024-12-30 02:00:00,2624.05,2625.41,2621.45,2622.51
2024-12-30 03:00:00,2622.51,2626.81,2622.22,2624.23
2024-12-30 04:00:00,2624.23,2625.46,2622.36,2623.86
2024-12-30 05:00:00,2623.86,2628.08,2623.1,2626.62
2024-12-30 06:00:00,2626.62,2626.62,2621.55,2622.18
2024-12-30 07:00:00,2622.18,2624.29,2620.6,2623.74
2024-12-30 08:00:00,2623.75,2624.65,2618.34,2619.17
2024-12-30 09:00:00,2619.16,2619.98,2615.87,2616.83
2024-12-30 10:00:00,2616.83,2617.51,2609.28,2611.99
2024-12-30 11:00:00,2611.99,2617.57,2611.38,2612.84
2024-12-30 12:00:00,2612.84,2615.25,2610.52,2610.58
2024-12-30 13:00:00,2610.62,2618.71,2609.12,2616.32
2024-12-30 14:00:00,2616.32,2622.51,2615.51,2621.62
2024-12-30 15:00:00,2621.62,2622.57,2606.49,2606.71
2024-12-30 16:00:00,2606.7,2613.81,2605.43,2611.56
2024-12-30 17:00:00,2611.56,2611.68,2599.67,2601.61
2024-12-30 18:00:00,2601.59,2602.83,2596.16,2599.82
2024-12-30 19:00:00,2599.8,2605.54,2599.8,2605.17
2024-12-30 20:00:00,2605.14,2606.76,2603.46,2606.13
2024-12-30 21:00:00,2606.14,2608.37,2603.68,2607.24
2024-12-30 22:00:00,2607.24,2609.56,2606.52,2607.74
2024-12-30 23:00:00,2607.74,2608.04,2605.53,2605.77
2024-12-31 01:00:00,2605.62,2607.33,2603.87,2606.72
2024-12-31 02:00:00,2606.72,2608.69,2605.05,2607.76
2024-12-31 03:00:00,2607.76,2611.61,2606.68,2608.91
2024-12-31 04:00:00,2608.91,2609.59,2606.86,2607.19
2024-12-31 05:00:00,2607.19,2607.57,2603.54,2604.65
2024-12-31 06:00:00,2604.65,2607.06,2604.29,2606.55
2024-12-31 07:00:00,2606.55,2608.1,2602.69,2604.43
2024-12-31 08:00:00,2604.43,2608.64,2603.59,2607.84
2024-12-31 09:00:00,2607.84,2614.11,2607.29,2613.8
2024-12-31 10:00:00,2613.8,2617.73,2612.87,2616.62
2024-12-31 11:00:00,2616.61,2616.82,2613.1,2615.28
2024-12-31 12:00:00,2615.28,2615.78,2610.9,2611.76
2024-12-31 13:00:00,2611.75,2614.22,2609.76,2611.11
2024-12-31 14:00:00,2611.11,2612.78,2609.37,2611.16
2024-12-31 15:00:00,2611.18,2616.25,2605.45,2613.26
2024-12-31 16:00:00,2613.26,2617.86,2611.34,2613.78
2024-12-31 17:00:00,2613.75,2626.66,2612.46,2625.81
2024-12-31 18:00:00,2625.85,2627.2,2622.32,2625.31
2024-12-31 19:00:00,2625.35,2627.59,2623.26,2624.34
2024-12-31 20:00:00,2624.35,2627.16,2622.65,2624.98
2024-12-31 21:00:00,2624.98,2627.27,2622.85,2623.78
2024-12-31 22:00:00,2623.78,2625.08,2622.13,2623.3
2024-12-31 23:00:00,2623.08,2624.81,2622.85,2624.45
2025-01-02 01:00:00,2625.14,2625.69,2621.68,2623.72
2025-01-02 02:00:00,2623.75,2627.9,2623.01,2625.44
2025-01-02 03:00:00,2625.44,2634.47,2623.87,2632.99
2025-01-02 04:00:00,2632.99,2636.53,2632.36,2634.77
2025-01-02 05:00:00,2634.77,2635.42,2632.3,2633.71
2025-01-02 06:00:00,2633.71,2634.23,2631.11,2634.02
2025-01-02 07:00:00,2634.02,2636.5,2633.06,2634.11
2025-01-02 08:00:00,2634.11,2635.42,2631.34,2634.19
2025-01-02 09:00:00,2634.19,2636.06,2633.05,2636.02
2025-01-02 10:00:00,2636.02,2637.8,2631.21,2636.51
2025-01-02 11:00:00,2636.51,2639.99,2636.04,2636.13
2025-01-02 12:00:00,2636.13,2646.35,2632.76,2642.69
2025-01-02 13:00:00,2642.71,2644.61,2640.35,2642.0
2025-01-02 14:00:00,2642.0,2646.43,2640.4,2643.41
2025-01-02 15:00:00,2643.41,2647.29,2636.11,2643.0
2025-01-02 16:00:00,2643.0,2651.11,2640.38,2647.59
2025-01-02 17:00:00,2647.46,2655.84,2645.2,2654.15
2025-01-02 18:00:00,2654.15,2660.5,2650.02,2659.39
2025-01-02 19:00:00,2659.39,2660.54,2652.59,2656.58
2025-01-02 20:00:00,2656.58,2658.85,2653.84,2655.46
2025-01-02 21:00:00,2655.46,2657.19,2653.86,2654.74
2025-01-02 22:00:00,2654.74,2660.52,2654.16,2659.74
2025-01-02 23:00:00,2659.81,2660.26,2656.59,2658.0
2025-01-03 01:00:00,2657.8,2659.66,2657.57,2658.4
2025-01-03 02:00:00,2658.39,2661.16,2658.38,2660.79
2025-01-03 03:00:00,2660.79,2662.51,2656.73,2659.47
2025-01-03 04:00:00,2659.47,2664.09,2656.31,2662.52
2025-01-03 05:00:00,2662.53,2665.33,2661.29,2662.35
2025-01-03 06:00:00,2662.35,2664.41,2661.83,2662.91
2025-01-03 07:00:00,2662.91,2662.94,2655.99,2658.59
2025-01-03 08:00:00,2658.59,2660.39,2656.77,2659.59
2025-01-03 09:00:00,2659.58,2659.58,2651.88,2654.28
2025-01-03 10:00:00,2654.14,2655.79,2649.9,2652.92
2025-01-03 11:00:00,2652.93,2655.97,2652.81,2653.63
2025-01-03 12:00:00,2653.63,2658.03,2653.1,2657.72
2025-01-03 13:00:00,2657.72,2659.29,2656.29,2657.6
2025-01-03 14:00:00,2657.6,2658.38,2654.81,2655.34
2025-01-03 15:00:00,2655.34,2656.34,2643.49,2649.89
2025-01-03 16:00:00,2649.89,2652.68,2645.17,2647.38
2025-01-03 17:00:00,2647.33,2648.25,2640.99,2643.9
2025-01-03 18:00:00,2643.9,2647.31,2639.16,2640.0
2025-01-03 19:00:00,2640.0,2642.67,2639.14,2641.82
2025-01-03 20:00:00,2641.83,2642.37,2639.8,2641.94
2025-01-03 21:00:00,2641.94,2643.01,2639.17,2639.58
2025-01-03 22:00:00,2639.6,2640.18,2636.95,2638.24
2025-01-03 23:00:00,2638.23,2640.73,2636.73,2639.7
2025-01-06 01:00:00,2639.74,2642.4,2639.7,2641.06
2025-01-06 02:00:00,2641.06,2643.34,2638.65,2643.25
2025-01-06 03:00:00,2643.25,2647.44,2640.82,2641.41
2025-01-06 04:00:00,2641.41,2645.31,2639.8,2644.59
2025-01-06 05:00:00,2644.59,2645.39,2639.19,2640.19
2025-01-06 06:00:00,2640.19,2640.8,2634.52,2635.52
2025-01-06 07:00:00,2635.52,2636.26,2631.64,2633.96
2025-01-06 08:00:00,2633.97,2635.38,2630.34,2631.55
2025-01-06 09:00:00,2631.55,2633.71,2625.18,2626.92
2025-01-06 10:00:00,2626.92,2632.59,2625.85,2631.54
2025-01-06 11:00:00,2631.55,2635.79,2631.24,2632.79
2025-01-06 12:00:00,2632.79,2635.12,2631.01,2633.77
2025-01-06 13:00:00,2633.79,2649.45,2632.59,2645.63
2025-01-06 14:00:00,2645.63,2647.99,2642.06,2645.45
2025-01-06 15:00:00,2645.45,2648.88,2621.98,2624.3
2025-01-06 16:00:00,2624.3,2634.88,2614.58,2631.51
2025-01-06 17:00:00,2631.51,2639.63,2629.46,2634.4
2025-01-06 18:00:00,2634.4,2641.3,2632.53,2640.81
2025-01-06 19:00:00,2640.81,2641.07,2634.23,2636.71
2025-01-06 20:00:00,2636.72,2638.6,2633.82,2634.59
2025-01-06 21:00:00,2634.59,2635.57,2632.93,2634.41
2025-01-06 22:00:00,2634.41,2635.52,2633.22,2634.61
2025-01-06 23:00:00,2634.61,2637.06,2634.61,2636.02
2025-01-07 01:00:00,2635.67,2636.18,2633.63,2634.66
2025-01-07 02:00:00,2634.66,2635.26,2633.0,2635.12
2025-01-07 03:00:00,2635.12,2641.17,2634.93,2639.05
2025-01-07 04:00:00,2639.04,2640.13,2636.96,2638.64
2025-01-07 05:00:00,2638.65,2640.29,2637.62,2639.63
2025-01-07 06:00:00,2639.62,2639.79,2637.41,2638.28
2025-01-07 07:00:00,2638.27,2645.78,2637.09,2644.46
2025-01-07 08:00:00,2644.46,2646.83,2639.93,2640.27
2025-01-07 09:00:00,2640.27,2642.17,2638.12,2640.55
2025-01-07 10:00:00,2640.55,2644.85,2640.17,2642.69
2025-01-07 11:00:00,2642.69,2644.18,2640.13,2641.43
2025-01-07 12:00:00,2641.43,2644.77,2641.34,2643.93
2025-01-07 13:00:00,2643.92,2648.67,2642.07,2648.43
2025-01-07 14:00:00,2648.42,2652.77,2647.46,2651.74
2025-01-07 15:00:00,2651.74,2664.28,2650.03,2662.4
2025-01-07 16:00:00,2662.44,2663.05,2655.83,2658.34
2025-01-07 17:00:00,2658.34,2658.34,2642.21,2647.76
2025-01-07 18:00:00,2647.75,2655.65,2646.5,2651.84
2025-01-07 19:00:00,2651.84,2656.09,2650.28,2652.52
2025-01-07 20:00:00,2652.52,2652.61,2647.3,2649.12
2025-01-07 21:00:00,2649.12,2650.41,2647.04,2649.35
2025-01-07 22:00:00,2649.35,2651.49,2647.19,2650.46
2025-01-07 23:00:00,2650.48,2650.51,2647.85,2648.61
2025-01-08 01:00:00,2648.5,2650.2,2648.37,2649.79
2025-01-08 02:00:00,2649.79,2651.57,2648.74,2650.57
2025-01-08 03:00:00,2650.58,2650.93,2647.26,2648.87
2025-01-08 04:00:00,2648.87,2650.35,2646.01,2648.93
2025-01-08 05:00:00,2648.91,2648.91,2645.59,2646.81
2025-01-08 06:00:00,2646.81,2648.67,2645.24,2647.01
2025-01-08 07:00:00,2647.01,2650.74,2646.7,2650.09
2025-01-08 08:00:00,2650.1,2653.07,2648.97,2652.17
2025-01-08 09:00:00,2652.17,2654.44,2651.62,2652.68
2025-01-08 10:00:00,2652.68,2653.8,2649.65,2652.0
2025-01-08 11:00:00,2652.0,2655.08,2651.83,2653.55
2025-01-08 12:00:00,2653.55,2655.17,2652.69,2653.12
2025-01-08 13:00:00,2653.12,2653.14,2647.55,2650.83
2025-01-08 14:00:00,2650.83,2652.55,2645.89,2652.01
2025-01-08 15:00:00,2652.01,2660.28,2651.66,2660.25
2025-01-08 16:00:00,2660.25,2667.63,2660.05,2661.43
2025-01-08 17:00:00,2661.45,2667.82,2659.34,2665.84
2025-01-08 18:00:00,2665.84,2670.04,2662.62,2669.65
2025-01-08 19:00:00,2669.64,2669.85,2649.41,2655.62
2025-01-08 20:00:00,2655.62,2659.18,2651.62,2652.98
2025-01-08 21:00:00,2652.98,2660.64,2652.51,2658.38
2025-01-08 22:00:00,2658.38,2664.14,2658.38,2663.26
2025-01-08 23:00:00,2663.45,2664.08,2660.73,2661.61
2025-01-09 01:00:00,2662.41,2663.27,2662.02,2662.57
2025-01-09 02:00:00,2662.57,2662.86,2659.59,2660.05
2025-01-09 03:00:00,2660.06,2661.47,2657.37,2658.53
2025-01-09 04:00:00,2658.55,2660.18,2656.4,2658.8
2025-01-09 05:00:00,2658.8,2662.25,2658.55,2659.44
2025-01-09 06:00:00,2659.42,2659.72,2655.51,2659.05
2025-01-09 07:00:00,2659.04,2660.98,2657.69,2658.37
2025-01-09 08:00:00,2658.37,2666.9,2658.34,2666.69
2025-01-09 09:00:00,2666.7,2666.73,2662.3,2662.37
2025-01-09 10:00:00,2662.37,2666.97,2660.5,2664.42
2025-01-09 11:00:00,2664.41,2666.59,2662.3,2665.02
2025-01-09 12:00:00,2665.02,2668.61,2664.5,2667.55
2025-01-09 13:00:00,2667.56,2673.22,2665.31,2670.24
2025-01-09 14:00:00,2670.18,2675.2,2669.51,2674.08
2025-01-09 15:00:00,2674.08,2678.32,2672.01,2672.74
2025-01-09 16:00:00,2672.74,2675.71,2667.27,2672.44
2025-01-09 17:00:00,2672.44,2675.36,2668.12,2668.39
2025-01-09 18:00:00,2668.38,2671.03,2666.26,2667.64
2025-01-09 19:00:00,2667.64,2668.67,2662.73,2665.93
2025-01-09 20:00:00,2665.93,2672.55,2665.03,2671.37
2025-01-09 21:00:00,2671.39,2671.82,2668.74,2670.26
2025-01-09 22:00:00,2670.26,2670.95,2669.26,2669.59
2025-01-09 23:00:00,2669.59,2671.4,2669.02,2670.22
2025-01-10 01:00:00,2670.52,2670.98,2668.5,2670.01
2025-01-10 02:00:00,2670.01,2671.19,2669.03,2670.53
2025-01-10 03:00:00,2670.53,2671.95,2669.22,2671.07
2025-01-10 04:00:00,2671.07,2674.73,2670.53,2673.44
2025-01-10 05:00:00,2673.44,2674.82,2672.53,2673.69
2025-01-10 06:00:00,2673.69,2674.06,2671.8,2671.85
2025-01-10 07:00:00,2671.85,2675.88,2671.66,2675.03
2025-01-10 08:00:00,2675.03,2678.48,2674.3,2678.18
2025-01-10 09:00:00,2678.18,2678.69,2673.45,2676.21
2025-01-10 10:00:00,2676.21,2680.39,2675.77,2680.08
2025-01-10 11:00:00,2680.08,2682.39,2677.69,2678.44
2025-01-10 12:00:00,2678.45,2682.71,2678.24,2681.01
2025-01-10 13:00:00,2681.02,2683.07,2680.29,2681.34
2025-01-10 14:00:00,2681.35,2681.41,2674.92,2678.38
2025-01-10 15:00:00,2678.38,2683.78,2663.94,2682.63
2025-01-10 16:00:00,2682.7,2693.34,2680.94,2687.7
2025-01-10 17:00:00,2687.71,2697.99,2682.37,2692.72
2025-01-10 18:00:00,2692.72,2697.11,2686.91,2696.36
2025-01-10 19:00:00,2696.36,2697.99,2692.49,2696.04
2025-01-10 20:00:00,2696.04,2697.19,2685.18,2687.37
2025-01-10 21:00:00,2687.37,2687.81,2684.55,2685.95
2025-01-10 22:00:00,2685.95,2690.93,2684.61,2690.71
2025-01-10 23:00:00,2690.73,2693.44,2688.78,2689.12
2025-01-13 01:00:00,2689.56,2691.16,2687.38,2691.15
2025-01-13 02:00:00,2691.15,2693.41,2688.13,2689.73
2025-01-13 03:00:00,2689.75,2689.94,2679.38,2685.71
2025-01-13 04:00:00,2685.71,2690.58,2684.93,2688.64
2025-01-13 05:00:00,2688.64,2688.73,2685.37,2688.0
2025-01-13 06:00:00,2687.99,2690.85,2684.37,2685.97
2025-01-13 07:00:00,2686.04,2687.0,2683.32,2687.0
2025-01-13 08:00:00,2687.0,2691.24,2686.96,2689.89
2025-01-13 09:00:00,2689.89,2690.49,2684.38,2685.19
2025-01-13 10:00:00,2685.19,2689.81,2684.06,2687.11
2025-01-13 11:00:00,2687.11,2688.42,2683.28,2684.87
2025-01-13 12:00:00,2684.87,2685.03,2677.4,2679.5
2025-01-13 13:00:00,2679.5,2680.63,2675.57,2675.96
2025-01-13 14:00:00,2675.96,2677.17,2664.29,2671.27
2025-01-13 15:00:00,2671.24,2672.31,2663.72,2669.2
2025-01-13 16:00:00,2669.21,2674.23,2664.17,2671.84
2025-01-13 17:00:00,2671.84,2672.89,2661.12,2661.88
2025-01-13 18:00:00,2661.88,2668.0,2660.89,2661.35
2025-01-13 19:00:00,2661.35,2664.2,2659.31,2660.9
2025-01-13 20:00:00,2660.9,2662.46,2657.64,2659.34
2025-01-13 21:00:00,2659.34,2660.64,2656.82,2658.93
2025-01-13 22:00:00,2658.91,2662.83,2658.77,2662.28
2025-01-13 23:00:00,2662.28,2664.2,2660.87,2662.89
2025-01-14 01:00:00,2664.24,2669.36,2664.18,2667.88
2025-01-14 02:00:00,2667.87,2671.08,2666.32,2670.44
2025-01-14 03:00:00,2670.45,2672.11,2667.92,2670.75
2025-01-14 04:00:00,2670.75,2672.18,2668.58,2670.55
2025-01-14 05:00:00,2670.55,2672.29,2668.84,2669.78
2025-01-14 06:00:00,2669.78,2674.04,2668.45,2673.59
2025-01-14 07:00:00,2673.58,2675.28,2667.42,2668.59
2025-01-14 08:00:00,2668.59,2669.66,2667.39,2669.1
2025-01-14 09:00:00,2669.11,2671.02,2667.27,2669.26
2025-01-14 10:00:00,2669.26,2674.6,2667.34,2670.99
2025-01-14 11:00:00,2670.99,2671.6,2664.86,2667.32
2025-01-14 12:00:00,2667.34,2668.94,2664.79,2666.75
2025-01-14 13:00:00,2666.76,2669.8,2664.49,2669.23
2025-01-14 14:00:00,2669.23,2671.62,2666.56,2668.34
2025-01-14 15:00:00,2668.34,2674.43,2660.8,2663.01
2025-01-14 16:00:00,2663.01,2666.0,2659.97,2665.19
2025-01-14 17:00:00,2665.19,2672.81,2665.18,2671.73
2025-01-14 18:00:00,2671.78,2674.04,2669.9,2671.66
2025-01-14 19:00:00,2671.66,2671.98,2668.03,2669.09
2025-01-14 20:00:00,2669.09,2672.62,2666.65,2672.43
2025-01-14 21:00:00,2672.43,2676.28,2671.98,2674.35
2025-01-14 22:00:00,2674.35,2676.46,2671.9,2676.46
2025-01-14 23:00:00,2676.46,2678.21,2675.88,2677.22
2025-01-15 01:00:00,2676.65,2677.31,2674.01,2675.62
2025-01-15 02:00:00,2675.62,2676.07,2672.62,2672.71
2025-01-15 03:00:00,2672.72,2674.36,2669.83,2669.91
2025-01-15 04:00:00,2669.91,2674.99,2669.38,2673.51
2025-01-15 05:00:00,2673.49,2676.29,2672.41,2676.18
2025-01-15 06:00:00,2676.18,2676.75,2674.23,2675.57
2025-01-15 07:00:00,2675.58,2679.35,2674.58,2679.27
2025-01-15 08:00:00,2679.26,2683.31,2679.12,2680.98
2025-01-15 09:00:00,2680.98,2684.17,2680.04,2681.38
2025-01-15 10:00:00,2681.41,2685.39,2681.25,2683.91
2025-01-15 11:00:00,2683.93,2688.56,2682.96,2685.92
2025-01-15 12:00:00,2685.92,2688.93,2684.72,2688.42
2025-01-15 13:00:00,2688.39,2688.93,2685.13,2686.81
2025-01-15 14:00:00,2686.79,2687.44,2684.16,2684.66
2025-01-15 15:00:00,2684.66,2694.18,2682.16,2693.69
2025-01-15 16:00:00,2693.76,2696.01,2678.02,2682.11
2025-01-15 17:00:00,2682.12,2683.17,2676.73,2678.52
2025-01-15 18:00:00,2678.52,2689.96,2677.01,2689.42
2025-01-15 19:00:00,2689.44,2693.04,2688.56,2692.75
2025-01-15 20:00:00,2692.75,2694.96,2691.16,2694.21
2025-01-15 21:00:00,2694.2,2695.19,2692.65,2694.13
2025-01-15 22:00:00,2694.12,2696.56,2693.33,2696.45
2025-01-15 23:00:00,2696.49,2697.41,2693.99,2696.77
2025-01-16 01:00:00,2696.06,2697.0,2694.65,2694.88
2025-01-16 02:00:00,2694.88,2698.25,2692.89,2695.3
2025-01-16 03:00:00,2695.29,2702.33,2694.45,2696.17
2025-01-16 04:00:00,2696.19,2698.12,2695.33,2697.47
2025-01-16 05:00:00,2697.47,2698.41,2695.69,2697.25
2025-01-16 06:00:00,2697.25,2698.02,2696.69,2697.34
2025-01-16 07:00:00,2697.37,2697.48,2693.82,2694.75
2025-01-16 08:00:00,2694.76,2695.62,2689.97,2694.02
2025-01-16 09:00:00,2694.02,2699.99,2693.5,2698.26
2025-01-16 10:00:00,2698.26,2703.41,2697.17,2699.0
2025-01-16 11:00:00,2699.0,2706.17,2697.57,2705.46
2025-01-16 12:00:00,2705.46,2708.55,2704.84,2707.79
2025-01-16 13:00:00,2707.85,2711.25,2706.28,2706.31
2025-01-16 14:00:00,2706.31,2707.28,2700.29,2703.74
2025-01-16 15:00:00,2703.74,2718.36,2701.37,2715.36
2025-01-16 16:00:00,2715.42,2719.31,2712.95,2718.46
2025-01-16 17:00:00,2718.44,2719.58,2712.62,2716.94
2025-01-16 18:00:00,2716.95,2722.48,2716.73,2720.38
2025-01-16 19:00:00,2720.37,2724.75,2719.55,2721.76
2025-01-16 20:00:00,2721.76,2723.31,2714.8,2715.18
2025-01-16 21:00:00,2715.18,2717.23,2714.73,2715.29
2025-01-16 22:00:00,2715.29,2717.03,2714.35,2715.9
2025-01-16 23:00:00,2715.89,2716.01,2712.34,2714.12
2025-01-17 01:00:00,2714.07,2714.9,2712.4,2714.63
2025-01-17 02:00:00,2714.63,2716.19,2713.88,2714.77
2025-01-17 03:00:00,2714.78,2714.89,2709.94,2714.71
2025-01-17 04:00:00,2714.71,2717.07,2713.98,2715.85
2025-01-17 05:00:00,2715.85,2717.37,2714.71,2715.33
2025-01-17 06:00:00,2715.39,2716.55,2714.31,2714.74
2025-01-17 07:00:00,2714.74,2715.52,2711.18,2711.58
2025-01-17 08:00:00,2711.58,2713.26,2710.6,2712.64
2025-01-17 09:00:00,2712.65,2714.62,2708.71,2710.6
2025-01-17 10:00:00,2710.6,2713.02,2709.48,2711.73
2025-01-17 11:00:00,2711.73,2712.09,2704.13,2705.08
2025-01-17 12:00:00,2705.13,2706.23,2702.91,2704.02
2025-01-17 13:00:00,2704.02,2708.78,2703.77,2708.12
2025-01-17 14:00:00,2708.12,2711.72,2707.02,2710.88
2025-01-17 15:00:00,2710.87,2712.2,2704.6,2705.15
2025-01-17 16:00:00,2705.14,2712.56,2702.77,2711.75
2025-01-17 17:00:00,2711.73,2715.21,2710.17,2714.35
2025-01-17 18:00:00,2714.31,2717.39,2713.63,2716.11
2025-01-17 19:00:00,2716.11,2716.33,2710.62,2712.65
2025-01-17 20:00:00,2712.65,2713.38,2705.36,2705.5
2025-01-17 21:00:00,2705.5,2707.19,2702.76,2703.08
2025-01-17 22:00:00,2703.08,2704.22,2700.0,2700.9
2025-01-17 23:00:00,2700.86,2702.67,2699.28,2702.33
2025-01-20 01:00:00,2701.82,2703.17,2691.24,2696.48
2025-01-20 02:00:00,2696.47,2696.51,2692.77,2694.7
2025-01-20 03:00:00,2694.71,2696.0,2689.34,2693.92
2025-01-20 04:00:00,2693.92,2698.04,2693.8,2697.51
2025-01-20 05:00:00,2697.51,2703.94,2697.51,2703.46
2025-01-20 06:00:00,2703.46,2706.71,2702.29,2706.01
2025-01-20 07:00:00,2706.01,2707.57,2703.77,2707.22
2025-01-20 08:00:00,2707.23,2713.78,2706.51,2711.76
2025-01-20 09:00:00,2711.76,2711.97,2702.88,2703.45
2025-01-20 10:00:00,2703.45,2708.13,2703.04,2707.02
2025-01-20 11:00:00,2707.02,2708.84,2702.92,2706.07
2025-01-20 12:00:00,2706.06,2709.85,2705.2,2708.49
2025-01-20 13:00:00,2708.41,2712.49,2704.84,2708.5
2025-01-20 14:00:00,2708.5,2710.03,2706.13,2708.24
2025-01-20 15:00:00,2708.24,2710.54,2701.54,2705.23
2025-01-20 16:00:00,2705.11,2712.13,2705.11,2710.35
2025-01-20 17:00:00,2710.4,2710.71,2705.2,2707.09
2025-01-20 18:00:00,2707.09,2709.28,2703.46,2707.76
2025-01-20 19:00:00,2707.75,2711.14,2703.69,2707.62
2025-01-20 20:00:00,2707.62,2711.07,2705.53,2710.95
2025-01-20 21:00:00,2710.95,2711.27,2705.22,2706.74
2025-01-21 01:00:00,2707.68,2711.2,2706.53,2710.39
2025-01-21 02:00:00,2710.39,2711.62,2702.94,2705.58
2025-01-21 03:00:00,2705.58,2719.38,2703.18,2717.99
2025-01-21 04:00:00,2717.99,2725.85,2717.83,2724.76
2025-01-21 05:00:00,2724.76,2726.98,2721.29,2724.27
2025-01-21 06:00:00,2724.27,2727.88,2723.08,2727.3
2025-01-21 07:00:00,2727.3,2729.1,2725.36,2726.21
2025-01-21 08:00:00,2726.21,2729.4,2723.81,2724.45
2025-01-21 09:00:00,2724.45,2732.88,2722.64,2729.84
2025-01-21 10:00:00,2729.8,2729.8,2721.61,2723.42
2025-01-21 11:00:00,2723.42,2724.09,2718.04,2721.37
2025-01-21 12:00:00,2721.37,2724.13,2719.05,2720.04
2025-01-21 13:00:00,2720.04,2724.66,2716.56,2724.08
2025-01-21 14:00:00,2724.08,2727.3,2721.89,2726.96
2025-01-21 15:00:00,2726.96,2730.11,2724.63,2726.35
2025-01-21 16:00:00,2726.34,2738.55,2725.36,2738.11
2025-01-21 17:00:00,2738.11,2740.5,2734.52,2738.91
2025-01-21 18:00:00,2738.89,2744.92,2737.77,2743.24
2025-01-21 19:00:00,2743.24,2745.9,2740.11,2740.31
2025-01-21 20:00:00,2740.28,2746.01,2740.0,2744.68
2025-01-21 21:00:00,2744.68,2745.53,2741.35,2742.77
2025-01-21 22:00:00,2742.77,2743.39,2739.98,2742.61
2025-01-21 23:00:00,2742.61,2745.69,2742.09,2744.7
2025-01-22 01:00:00,2743.62,2744.83,2741.82,2744.27
2025-01-22 02:00:00,2744.27,2749.13,2742.68,2748.29
2025-01-22 03:00:00,2748.29,2749.99,2746.86,2748.06
2025-01-22 04:00:00,2748.06,2749.71,2746.32,2749.07
2025-01-22 05:00:00,2749.07,2751.22,2748.04,2750.41
2025-01-22 06:00:00,2750.41,2752.9,2749.33,2752.09
2025-01-22 07:00:00,2752.09,2758.56,2750.37,2758.15
2025-01-22 08:00:00,2758.1,2758.22,2745.6,2746.98
2025-01-22 09:00:00,2746.98,2754.02,2746.57,2748.72
2025-01-22 10:00:00,2748.72,2753.81,2746.92,2753.31
2025-01-22 11:00:00,2753.32,2762.35,2752.96,2758.53
2025-01-22 12:00:00,2758.55,2763.4,2758.49,2760.06
2025-01-22 13:00:00,2760.06,2760.54,2756.29,2756.57
2025-01-22 14:00:00,2756.57,2758.76,2751.76,2758.4
2025-01-22 15:00:00,2758.4,2761.75,2751.14,2757.82
2025-01-22 16:00:00,2757.83,2758.39,2750.5,2753.86
2025-01-22 17:00:00,2753.94,2760.32,2750.53,2759.34
2025-01-22 18:00:00,2759.32,2760.21,2755.98,2758.34
2025-01-22 19:00:00,2758.34,2758.48,2755.94,2756.57
2025-01-22 20:00:00,2756.57,2759.38,2754.86,2757.82
2025-01-22 21:00:00,2757.82,2757.83,2755.07,2755.36
2025-01-22 22:00:00,2755.36,2757.19,2754.93,2756.75
2025-01-22 23:00:00,2756.7,2757.24,2754.81,2756.09
2025-01-23 01:00:00,2754.93,2756.45,2753.98,2755.28
2025-01-23 02:00:00,2755.18,2755.96,2753.33,2755.46
2025-01-23 03:00:00,2755.46,2756.33,2750.7,2752.64
2025-01-23 04:00:00,2752.64,2754.89,2752.12,2752.68
2025-01-23 05:00:00,2752.67,2753.21,2749.6,2750.13
2025-01-23 06:00:00,2750.13,2753.61,2749.96,2751.69
2025-01-23 07:00:00,2751.69,2753.48,2751.47,2752.05
2025-01-23 08:00:00,2752.05,2755.57,2751.18,2753.26
2025-01-23 09:00:00,2753.26,2754.74,2751.68,2752.85
2025-01-23 10:00:00,2752.83,2754.83,2752.07,2752.66
2025-01-23 11:00:00,2752.66,2753.85,2740.94,2745.94
2025-01-23 12:00:00,2745.94,2752.49,2745.32,2751.37
2025-01-23 13:00:00,2751.4,2754.49,2750.86,2751.9
2025-01-23 14:00:00,2751.89,2753.3,2742.15,2744.77
2025-01-23 15:00:00,2744.77,2745.99,2735.92,2741.66
2025-01-23 16:00:00,2741.66,2747.48,2740.33,2746.2
2025-01-23 17:00:00,2746.17,2749.44,2742.19,2746.47
2025-01-23 18:00:00,2746.41,2757.53,2744.23,2753.96
2025-01-23 19:00:00,2753.96,2758.96,2752.32,2757.7
2025-01-23 20:00:00,2757.7,2758.21,2755.17,2755.8
2025-01-23 21:00:00,2755.8,2758.15,2753.81,2754.16
2025-01-23 22:00:00,2754.13,2754.68,2751.33,2753.88
2025-01-23 23:00:00,2753.87,2754.59,2752.17,2754.43
2025-01-24 01:00:00,2753.67,2755.69,2753.49,2754.57
2025-01-24 02:00:00,2754.57,2761.0,2754.32,2759.74
2025-01-24 03:00:00,2759.74,2762.59,2758.6,2762.37
2025-01-24 04:00:00,2762.37,2775.3,2762.37,2774.3
2025-01-24 05:00:00,2774.27,2777.31,2771.04,2772.52
2025-01-24 06:00:00,2772.52,2775.01,2770.6,2772.15
2025-01-24 07:00:00,2772.16,2776.57,2772.16,2775.31
2025-01-24 08:00:00,2775.31,2778.31,2773.28,2773.9
2025-01-24 09:00:00,2773.9,2775.45,2772.1,2772.68
2025-01-24 10:00:00,2772.68,2775.46,2770.13,2774.17
2025-01-24 11:00:00,2774.11,2777.92,2771.09,2772.8
2025-01-24 12:00:00,2772.8,2776.31,2771.62,2775.89
2025-01-24 13:00:00,2775.89,2780.1,2774.06,2776.7
2025-01-24 14:00:00,2776.7,2779.19,2776.04,2778.6
2025-01-24 15:00:00,2778.57,2784.73,2777.84,2782.4
2025-01-24 16:00:00,2782.4,2784.36,2773.85,2778.37
2025-01-24 17:00:00,2778.37,2786.05,2775.54,2775.93
2025-01-24 18:00:00,2775.89,2777.58,2770.0,2772.05
2025-01-24 19:00:00,2771.98,2776.14,2770.63,2773.33
2025-01-24 20:00:00,2773.33,2774.16,2771.49,2773.48
2025-01-24 21:00:00,2773.48,2775.39,2771.35,2774.63
2025-01-24 22:00:00,2774.62,2774.82,2770.72,2771.02
2025-01-24 23:00:00,2771.02,2772.25,2770.65,2771.76
2025-01-27 01:00:00,2765.95,2769.08,2765.09,2767.77
2025-01-27 02:00:00,2767.77,2771.04,2766.39,2769.75
2025-01-27 03:00:00,2769.75,2772.68,2762.88,2763.03
2025-01-27 04:00:00,2763.03,2763.71,2753.89,2756.31
2025-01-27 05:00:00,2756.31,2762.75,2755.28,2761.19
2025-01-27 06:00:00,2761.17,2761.2,2755.77,2758.19
2025-01-27 07:00:00,2758.19,2758.19,2752.87,2753.33
2025-01-27 08:00:00,2753.33,2755.13,2750.87,2754.71
2025-01-27 09:00:00,2754.71,2755.07,2747.35,2749.36
2025-01-27 10:00:00,2749.35,2759.73,2749.27,2757.09
2025-01-27 11:00:00,2757.1,2764.92,2755.62,2763.31
2025-01-27 12:00:00,2763.31,2771.1,2762.81,2768.08
2025-01-27 13:00:00,2768.0,2772.04,2765.13,2771.44
2025-01-27 14:00:00,2771.44,2771.8,2760.61,2761.43
2025-01-27 15:00:00,2761.43,2762.54,2752.34,2757.28
2025-01-27 16:00:00,2757.27,2757.9,2744.97,2751.3
2025-01-27 17:00:00,2751.32,2751.32,2739.55,2742.14
2025-01-27 18:00:00,2742.14,2743.2,2733.24,2734.5
2025-01-27 19:00:00,2734.51,2737.01,2730.52,2733.72
2025-01-27 20:00:00,2733.72,2737.91,2733.09,2737.04
2025-01-27 21:00:00,2737.04,2740.56,2736.91,2739.41
2025-01-27 22:00:00,2739.42,2742.55,2738.2,2741.57
2025-01-27 23:00:00,2741.53,2743.97,2740.38,2740.9
2025-01-28 01:00:00,2741.02,2745.26,2739.56,2741.75
2025-01-28 02:00:00,2741.75,2744.53,2739.92,2740.74
2025-01-28 03:00:00,2740.74,2745.14,2739.54,2741.54
2025-01-28 04:00:00,2741.54,2741.65,2738.44,2739.41
2025-01-28 05:00:00,2739.42,2741.81,2737.95,2738.87
2025-01-28 06:00:00,2738.87,2742.65,2738.61,2742.37
2025-01-28 07:00:00,2742.42,2744.92,2741.32,2741.81
2025-01-28 08:00:00,2741.78,2743.0,2739.21,2739.59
2025-01-28 09:00:00,2739.59,2743.07,2738.41,2738.66
2025-01-28 10:00:00,2738.95,2741.85,2734.77,2741.25
2025-01-28 11:00:00,2741.25,2745.12,2740.49,2743.42
2025-01-28 12:00:00,2743.42,2745.2,2741.04,2743.24
2025-01-28 13:00:00,2743.24,2744.65,2741.63,2742.76
2025-01-28 14:00:00,2742.76,2745.49,2741.29,2745.49
2025-01-28 15:00:00,2745.49,2749.54,2745.2,2748.94
2025-01-28 16:00:00,2748.94,2756.29,2748.94,2753.73
2025-01-28 17:00:00,2753.73,2757.25,2751.13,2755.37
2025-01-28 18:00:00,2755.37,2759.67,2755.32,2758.79
2025-01-28 19:00:00,2758.81,2760.11,2757.68,2759.73
2025-01-28 20:00:00,2759.73,2763.6,2759.38,2762.25
2025-01-28 21:00:00,2762.25,2764.94,2761.38,2764.84
2025-01-28 22:00:00,2764.83,2765.07,2762.39,2764.15
2025-01-28 23:00:00,2764.17,2764.32,2762.84,2763.38
2025-01-29 01:00:00,2763.18,2764.29,2762.59,2762.6
2025-01-29 02:00:00,2762.6,2764.79,2762.21,2764.0
2025-01-29 03:00:00,2764.0,2766.32,2763.78,2763.92
2025-01-29 04:00:00,2763.92,2765.7,2763.55,2764.17
2025-01-29 05:00:00,2764.17,2764.49,2762.35,2762.74
2025-01-29 06:00:00,2762.74,2764.12,2761.53,2762.39
2025-01-29 07:00:00,2762.39,2763.01,2760.2,2760.63
2025-01-29 08:00:00,2760.63,2762.18,2759.21,2759.24
2025-01-29 09:00:00,2759.23,2760.59,2757.42,2759.09
2025-01-29 10:00:00,2759.09,2766.18,2759.09,2764.05
2025-01-29 11:00:00,2764.05,2764.38,2760.41,2762.83
2025-01-29 12:00:00,2762.83,2763.43,2757.24,2758.32
2025-01-29 13:00:00,2758.32,2759.85,2757.57,2759.05
2025-01-29 14:00:00,2759.05,2759.24,2755.61,2756.59
2025-01-29 15:00:00,2756.59,2759.52,2752.19,2758.7
2025-01-29 16:00:00,2758.7,2761.1,2756.4,2759.31
2025-01-29 17:00:00,2759.33,2759.7,2748.57,2754.2
2025-01-29 18:00:00,2754.2,2756.18,2748.32,2751.57
2025-01-29 19:00:00,2751.57,2754.42,2751.06,2752.83
2025-01-29 20:00:00,2752.84,2753.89,2748.77,2750.44
2025-01-29 21:00:00,2750.93,2757.82,2744.67,2755.31
2025-01-29 22:00:00,2755.29,2759.04,2752.78,2755.1
2025-01-29 23:00:00,2755.1,2759.59,2754.09,2759.51
2025-01-30 01:00:00,2758.24,2760.71,2758.02,2760.37
2025-01-30 02:00:00,2760.38,2762.67,2758.99,2762.22
2025-01-30 03:00:00,2762.22,2762.22,2759.09,2760.18
2025-01-30 04:00:00,2760.18,2761.38,2759.25,2760.35
2025-01-30 05:00:00,2760.35,2762.33,2759.5,2761.91
2025-01-30 06:00:00,2761.91,2763.45,2759.87,2760.44
2025-01-30 07:00:00,2760.44,2761.21,2758.85,2760.65
2025-01-30 08:00:00,2760.65,2766.55,2760.33,2765.6
2025-01-30 09:00:00,2765.59,2769.52,2765.01,2769.17
2025-01-30 10:00:00,2769.17,2776.59,2768.38,2776.21
2025-01-30 11:00:00,2776.22,2776.43,2771.59,2774.25
2025-01-30 12:00:00,2774.25,2779.38,2773.94,2778.41
2025-01-30 13:00:00,2778.41,2779.56,2777.02,2777.75
2025-01-30 14:00:00,2777.75,2781.31,2776.22,2780.35
2025-01-30 15:00:00,2780.3,2786.06,2778.62,2785.82
2025-01-30 16:00:00,2785.81,2789.08,2780.1,2787.52
2025-01-30 17:00:00,2787.87,2796.81,2786.8,2795.41
2025-01-30 18:00:00,2795.42,2798.48,2790.15,2790.55
2025-01-30 19:00:00,2790.55,2795.88,2788.88,2795.64
2025-01-30 20:00:00,2795.64,2797.12,2792.33,2795.12
2025-01-30 21:00:00,2795.12,2795.32,2790.77,2793.4
2025-01-30 22:00:00,2793.4,2798.25,2792.34,2795.46
2025-01-30 23:00:00,2795.46,2798.34,2790.48,2794.23
2025-01-31 01:00:00,2793.61,2796.88,2791.87,2796.26
2025-01-31 02:00:00,2796.25,2799.56,2794.48,2795.85
2025-01-31 03:00:00,2795.85,2796.69,2794.69,2796.36
2025-01-31 04:00:00,2796.36,2798.11,2794.82,2796.17
2025-01-31 05:00:00,2796.17,2798.26,2795.72,2796.43
2025-01-31 06:00:00,2796.43,2796.48,2794.53,2795.79
2025-01-31 07:00:00,2795.8,2796.41,2794.04,2795.72
2025-01-31 08:00:00,2795.72,2795.82,2792.25,2792.8
2025-01-31 09:00:00,2792.8,2800.91,2792.45,2798.41
2025-01-31 10:00:00,2798.38,2799.47,2791.86,2793.22
2025-01-31 11:00:00,2793.25,2796.52,2792.76,2793.75
2025-01-31 12:00:00,2793.75,2795.14,2791.06,2794.24
2025-01-31 13:00:00,2794.24,2800.75,2792.35,2800.32
2025-01-31 14:00:00,2800.32,2807.67,2800.03,2805.45
2025-01-31 15:00:00,2805.46,2808.42,2803.3,2806.47
2025-01-31 16:00:00,2806.44,2812.57,2804.58,2812.38
2025-01-31 17:00:00,2812.38,2817.22,2808.42,2809.3
2025-01-31 18:00:00,2809.29,2810.27,2805.02,2807.48
2025-01-31 19:00:00,2807.48,2816.05,2803.06,2808.74
2025-01-31 20:00:00,2808.74,2809.01,2795.43,2798.94
2025-01-31 21:00:00,2798.85,2802.96,2795.46,2796.25
2025-01-31 22:00:00,2796.24,2802.28,2794.43,2800.95
2025-01-31 23:00:00,2800.92,2802.52,2798.66,2801.0
2025-02-03 01:00:00,2801.57,2804.5,2784.54,2793.62
2025-02-03 02:00:00,2793.62,2796.54,2790.13,2792.24
2025-02-03 03:00:00,2792.25,2792.29,2778.32,2782.24
2025-02-03 04:00:00,2782.24,2782.68,2773.74,2778.07
2025-02-03 05:00:00,2778.07,2778.33,2772.2,2774.46
2025-02-03 06:00:00,2774.46,2783.0,2774.27,2780.88
2025-02-03 07:00:00,2780.88,2785.14,2780.13,2783.29
2025-02-03 08:00:00,2783.29,2788.14,2783.02,2786.89
2025-02-03 09:00:00,2786.89,2789.94,2785.39,2789.27
2025-02-03 10:00:00,2789.28,2800.47,2786.95,2796.72
2025-02-03 11:00:00,2796.72,2800.94,2794.74,2796.47
2025-02-03 12:00:00,2796.48,2800.14,2793.1,2798.19
2025-02-03 13:00:00,2798.19,2804.11,2798.02,2801.39
2025-02-03 14:00:00,2801.31,2810.78,2800.55,2810.43
2025-02-03 15:00:00,2810.4,2811.91,2807.66,2811.09
2025-02-03 16:00:00,2811.09,2830.77,2810.29,2830.69
2025-02-03 17:00:00,2830.66,2830.66,2813.63,2817.53
2025-02-03 18:00:00,2817.53,2825.21,2812.77,2814.19
2025-02-03 19:00:00,2814.19,2822.19,2814.04,2817.22
2025-02-03 20:00:00,2817.17,2821.71,2816.06,2821.07
2025-02-03 21:00:00,2821.07,2823.03,2817.98,2818.31
2025-02-03 22:00:00,2818.31,2819.5,2815.63,2816.62
2025-02-03 23:00:00,2816.6,2817.59,2812.52,2814.11
2025-02-04 01:00:00,2813.6,2815.36,2812.4,2813.97
2025-02-04 02:00:00,2813.97,2817.58,2812.75,2817.34
2025-02-04 03:00:00,2817.34,2824.26,2816.0,2823.47
2025-02-04 04:00:00,2823.47,2824.6,2817.07,2821.23
2025-02-04 05:00:00,2821.22,2824.24,2817.43,2821.39
2025-02-04 06:00:00,2821.39,2821.56,2818.2,2819.07
2025-02-04 07:00:00,2819.07,2819.22,2813.55,2815.95
2025-02-04 08:00:00,2815.95,2816.07,2810.92,2813.48
2025-02-04 09:00:00,2813.48,2814.45,2807.15,2812.68
2025-02-04 10:00:00,2812.68,2819.1,2810.22,2815.11
2025-02-04 11:00:00,2815.11,2821.82,2814.12,2820.55
2025-02-04 12:00:00,2820.55,2820.55,2812.77,2814.78
2025-02-04 13:00:00,2814.78,2816.96,2813.3,2815.46
2025-02-04 14:00:00,2815.46,2823.01,2814.57,2821.8
2025-02-04 15:00:00,2821.8,2837.07,2821.49,2831.66
2025-02-04 16:00:00,2831.66,2841.41,2828.9,2838.6
2025-02-04 17:00:00,2838.6,2845.41,2833.68,2835.97
2025-02-04 18:00:00,2835.9,2842.42,2832.65,2840.38
2025-02-04 19:00:00,2840.38,2844.82,2839.41,2844.07
2025-02-04 20:00:00,2844.03,2845.02,2842.58,2842.69
2025-02-04 21:00:00,2842.69,2844.13,2841.86,2843.13
2025-02-04 22:00:00,2843.13,2844.9,2840.94,2844.28
2025-02-04 23:00:00,2844.28,2844.76,2841.23,2841.67
2025-02-05 01:00:00,2841.26,2842.56,2840.6,2841.4
2025-02-05 02:00:00,2841.4,2848.29,2840.73,2845.25
2025-02-05 03:00:00,2845.26,2849.02,2839.75,2844.55
2025-02-05 04:00:00,2844.54,2853.71,2844.01,2851.08
2025-02-05 05:00:00,2851.08,2854.57,2849.81,2852.3
2025-02-05 06:00:00,2852.3,2858.1,2851.86,2855.36
2025-02-05 07:00:00,2855.36,2860.47,2853.76,2859.47
2025-02-05 08:00:00,2859.47,2861.86,2857.29,2859.32
2025-02-05 09:00:00,2859.31,2864.28,2855.04,2864.22
2025-02-05 10:00:00,2864.22,2869.74,2863.73,2867.6
2025-02-05 11:00:00,2867.6,2872.17,2865.46,2870.41
2025-02-05 12:00:00,2870.41,2877.05,2866.1,2867.82
2025-02-05 13:00:00,2867.83,2870.39,2864.79,2868.64
2025-02-05 14:00:00,2868.64,2870.98,2867.03,2870.29
2025-02-05 15:00:00,2870.29,2870.76,2858.61,2861.96
2025-02-05 16:00:00,2861.99,2872.66,2860.79,2870.88
2025-02-05 17:00:00,2870.66,2882.27,2870.66,2880.2
2025-02-05 18:00:00,2880.19,2881.03,2863.19,2874.91
2025-02-05 19:00:00,2874.94,2876.74,2871.49,2873.07
2025-02-05 20:00:00,2873.07,2873.56,2863.92,2865.67
2025-02-05 21:00:00,2865.67,2868.98,2862.83,2863.57
2025-02-05 22:00:00,2863.57,2866.16,2859.96,2862.58
2025-02-05 23:00:00,2862.57,2867.34,2861.25,2867.34
2025-02-06 01:00:00,2867.43,2870.82,2866.02,2869.4
2025-02-06 02:00:00,2869.41,2869.96,2867.36,2869.84
2025-02-06 03:00:00,2869.84,2871.82,2863.76,2871.68
2025-02-06 04:00:00,2871.68,2873.31,2868.36,2870.69
2025-02-06 05:00:00,2870.69,2870.74,2864.47,2869.28
2025-02-06 06:00:00,2869.29,2872.29,2868.45,2868.7
2025-02-06 07:00:00,2868.7,2869.95,2865.58,2868.32
2025-02-06 08:00:00,2868.32,2871.37,2858.3,2859.22
2025-02-06 09:00:00,2859.24,2861.87,2855.13,2855.72
2025-02-06 10:00:00,2855.72,2858.45,2848.95,2856.13
2025-02-06 11:00:00,2856.13,2859.99,2855.79,2859.34
2025-02-06 12:00:00,2859.34,2861.76,2855.73,2859.3
2025-02-06 13:00:00,2859.3,2867.43,2858.23,2865.94
2025-02-06 14:00:00,2865.94,2870.35,2863.65,2864.4
2025-02-06 15:00:00,2864.4,2865.01,2855.62,2856.75
2025-02-06 16:00:00,2856.75,2859.78,2841.32,2841.97
2025-02-06 17:00:00,2841.92,2853.21,2834.29,2850.63
2025-02-06 18:00:00,2850.63,2854.74,2848.79,2848.82
2025-02-06 19:00:00,2848.82,2852.64,2848.16,2852.37
2025-02-06 20:00:00,2852.37,2853.64,2849.89,2852.62
2025-02-06 21:00:00,2852.62,2854.17,2850.37,2853.92
2025-02-06 22:00:00,2853.9,2857.31,2853.79,2856.44
2025-02-06 23:00:00,2856.44,2857.1,2854.98,2855.73
2025-02-07 01:00:00,2856.08,2858.61,2855.81,2858.15
2025-02-07 02:00:00,2858.15,2860.47,2858.06,2858.73
2025-02-07 03:00:00,2858.73,2868.05,2858.07,2866.27
2025-02-07 04:00:00,2866.27,2869.25,2865.56,2868.71
2025-02-07 05:00:00,2868.71,2870.56,2866.17,2867.26
2025-02-07 06:00:00,2867.26,2869.63,2866.29,2866.67
2025-02-07 07:00:00,2866.68,2866.97,2862.17,2862.3
2025-02-07 08:00:00,2862.3,2866.21,2859.06,2860.7
2025-02-07 09:00:00,2860.7,2865.58,2860.26,2864.09
2025-02-07 10:00:00,2864.09,2866.7,2863.24,2866.36
2025-02-07 11:00:00,2866.36,2870.72,2865.51,2868.92
2025-02-07 12:00:00,2868.92,2869.21,2863.41,2867.52
2025-02-07 13:00:00,2867.51,2868.33,2865.18,2867.71
2025-02-07 14:00:00,2867.71,2868.05,2863.51,2863.58
2025-02-07 15:00:00,2863.58,2870.76,2852.49,2862.59
2025-02-07 16:00:00,2862.59,2878.28,2856.17,2876.12
2025-02-07 17:00:00,2876.11,2886.79,2873.66,2880.47
2025-02-07 18:00:00,2880.5,2881.57,2860.49,2860.77
2025-02-07 19:00:00,2860.77,2862.7,2853.36,2860.07
2025-02-07 20:00:00,2860.07,2865.27,2859.63,2861.26
2025-02-07 21:00:00,2861.28,2863.29,2859.07,2860.31
2025-02-07 22:00:00,2860.32,2863.83,2859.47,2860.73
2025-02-07 23:00:00,2860.73,2863.31,2860.38,2861.62
2025-02-10 01:00:00,2861.05,2870.45,2859.85,2867.71
2025-02-10 02:00:00,2867.71,2869.32,2865.85,2867.88
2025-02-10 03:00:00,2867.88,2876.56,2866.15,2871.87
2025-02-10 04:00:00,2871.87,2875.05,2871.44,2873.8
2025-02-10 05:00:00,2873.8,2875.73,2871.34,2875.47
2025-02-10 06:00:00,2875.48,2879.64,2874.35,2879.19
2025-02-10 07:00:00,2879.21,2880.06,2876.13,2879.24
2025-02-10 08:00:00,2879.24,2892.22,2878.93,2888.68
2025-02-10 09:00:00,2888.67,2896.53,2886.66,2895.57
2025-02-10 10:00:00,2895.56,2898.87,2892.35,2896.55
2025-02-10 11:00:00,2896.55,2903.24,2896.26,2902.96
2025-02-10 12:00:00,2902.95,2906.23,2898.22,2902.39
2025-02-10 13:00:00,2902.39,2905.76,2898.4,2904.7
2025-02-10 14:00:00,2904.7,2906.82,2902.74,2902.98
2025-02-10 15:00:00,2902.97,2910.97,2899.8,2901.06
2025-02-10 16:00:00,2901.06,2909.28,2896.33,2908.73
2025-02-10 17:00:00,2908.74,2911.94,2904.47,2909.06
2025-02-10 18:00:00,2909.07,2910.31,2899.08,2901.01
2025-02-10 19:00:00,2901.01,2904.34,2896.69,2903.26
2025-02-10 20:00:00,2903.26,2906.94,2900.99,2905.19
2025-02-10 21:00:00,2905.19,2906.7,2902.57,2904.36
2025-02-10 22:00:00,2904.36,2907.77,2902.96,2907.36
2025-02-10 23:00:00,2907.32,2908.18,2905.48,2907.92
2025-02-11 01:00:00,2911.77,2921.52,2909.66,2917.87
2025-02-11 02:00:00,2917.87,2925.13,2916.44,2922.66
2025-02-11 03:00:00,2922.66,2936.01,2919.75,2933.92
2025-02-11 04:00:00,2933.94,2942.71,2905.26,2918.85
2025-02-11 05:00:00,2918.89,2925.76,2911.36,2919.45
2025-02-11 06:00:00,2919.45,2920.89,2915.1,2916.55
2025-02-11 07:00:00,2916.35,2923.7,2915.41,2922.81
2025-02-11 08:00:00,2922.81,2929.52,2915.45,2917.82
2025-02-11 09:00:00,2917.82,2918.3,2907.22,2913.31
2025-02-11 10:00:00,2913.32,2915.37,2906.99,2907.41
2025-02-11 11:00:00,2907.41,2912.31,2903.06,2903.21
2025-02-11 12:00:00,2903.21,2907.07,2901.84,2902.6
2025-02-11 13:00:00,2902.6,2906.62,2902.16,2903.86
2025-02-11 14:00:00,2903.86,2904.24,2886.86,2889.22
2025-02-11 15:00:00,2889.22,2898.28,2881.56,2896.54
2025-02-11 16:00:00,2896.56,2904.3,2894.91,2896.33
2025-02-11 17:00:00,2896.57,2906.56,2890.93,2904.8
2025-02-11 18:00:00,2904.8,2908.64,2902.31,2902.38
2025-02-11 19:00:00,2902.38,2907.3,2899.69,2905.66
2025-02-11 20:00:00,2905.66,2907.27,2903.38,2905.89
2025-02-11 21:00:00,2905.89,2906.47,2899.68,2900.15
2025-02-11 22:00:00,2900.15,2900.48,2894.12,2897.6
2025-02-11 23:00:00,2897.61,2899.64,2897.42,2897.48
2025-02-12 01:00:00,2897.68,2900.78,2897.2,2898.59
2025-02-12 02:00:00,2898.59,2898.94,2889.35,2892.19
2025-02-12 03:00:00,2892.19,2897.55,2883.64,2893.32
2025-02-12 04:00:00,2893.3,2897.96,2891.94,2892.47
2025-02-12 05:00:00,2892.47,2893.0,2886.87,2889.02
2025-02-12 06:00:00,2889.02,2890.47,2883.99,2885.46
2025-02-12 07:00:00,2885.46,2887.99,2883.91,2886.37
2025-02-12 08:00:00,2886.37,2894.78,2885.73,2892.69
2025-02-12 09:00:00,2892.69,2895.77,2890.98,2892.77
2025-02-12 10:00:00,2892.77,2894.06,2887.99,2891.72
2025-02-12 11:00:00,2891.7,2893.35,2886.48,2886.82
2025-02-12 12:00:00,2886.82,2889.87,2879.34,2882.86
2025-02-12 13:00:00,2882.86,2885.97,2879.53,2879.89
2025-02-12 14:00:00,2879.89,2886.02,2879.03,2885.31
2025-02-12 15:00:00,2885.31,2885.78,2864.11,2884.82
2025-02-12 16:00:00,2884.83,2898.05,2882.02,2894.42
2025-02-12 17:00:00,2894.42,2896.0,2886.99,2894.72
2025-02-12 18:00:00,2894.72,2904.48,2892.16,2902.49
2025-02-12 19:00:00,2902.5,2909.23,2901.97,2902.88
2025-02-12 20:00:00,2902.88,2903.86,2900.43,2901.08
2025-02-12 21:00:00,2901.08,2901.79,2893.57,2897.89
2025-02-12 22:00:00,2897.91,2901.46,2895.51,2900.97
2025-02-12 23:00:00,2900.96,2904.32,2900.17,2904.25
2025-02-13 01:00:00,2904.76,2906.55,2900.52,2905.83
2025-02-13 02:00:00,2905.83,2909.04,2904.57,2906.46
2025-02-13 03:00:00,2906.46,2907.4,2901.51,2906.04
2025-02-13 04:00:00,2906.04,2908.99,2905.29,2908.79
2025-02-13 05:00:00,2908.79,2918.06,2907.25,2916.53
2025-02-13 06:00:00,2916.53,2919.24,2916.18,2918.48
2025-02-13 07:00:00,2918.48,2922.87,2916.45,2918.06
2025-02-13 08:00:00,2918.06,2918.9,2912.72,2916.0
2025-02-13 09:00:00,2916.0,2920.72,2913.18,2914.55
2025-02-13 10:00:00,2914.55,2918.05,2909.49,2911.68
2025-02-13 11:00:00,2911.68,2918.33,2909.9,2915.28
2025-02-13 12:00:00,2915.28,2919.42,2913.91,2917.95
2025-02-13 13:00:00,2917.95,2918.43,2915.48,2917.98
2025-02-13 14:00:00,2917.99,2921.42,2915.67,2917.74
2025-02-13 15:00:00,2917.74,2917.99,2905.98,2908.44
2025-02-13 16:00:00,2908.42,2917.42,2906.6,2915.16
2025-02-13 17:00:00,2915.17,2920.97,2914.61,2920.26
2025-02-13 18:00:00,2920.23,2920.79,2913.0,2913.84
2025-02-13 19:00:00,2913.85,2919.17,2913.54,2919.03
2025-02-13 20:00:00,2919.06,2925.38,2914.34,2924.23
2025-02-13 21:00:00,2924.24,2927.34,2923.89,2926.85
2025-02-13 22:00:00,2926.86,2929.1,2924.93,2928.49
2025-02-13 23:00:00,2928.5,2929.39,2928.14,2928.38
2025-02-14 01:00:00,2927.93,2932.42,2927.54,2931.19
2025-02-14 02:00:00,2931.16,2931.43,2927.61,2927.91
2025-02-14 03:00:00,2927.91,2933.84,2927.89,2929.84
2025-02-14 04:00:00,2929.84,2930.45,2925.97,2927.38
2025-02-14 05:00:00,2927.41,2930.4,2923.33,2924.51
2025-02-14 06:00:00,2924.51,2929.24,2923.92,2928.65
2025-02-14 07:00:00,2928.65,2932.36,2926.82,2931.02
2025-02-14 08:00:00,2931.03,2936.8,2929.95,2934.33
2025-02-14 09:00:00,2934.33,2935.14,2930.59,2931.89
2025-02-14 10:00:00,2931.88,2938.52,2930.83,2935.17
2025-02-14 11:00:00,2935.17,2938.7,2934.19,2935.26
2025-02-14 12:00:00,2935.26,2939.97,2934.42,2935.94
2025-02-14 13:00:00,2935.94,2937.51,2929.33,2931.05
2025-02-14 14:00:00,2931.05,2933.01,2927.73,2930.84
2025-02-14 15:00:00,2930.84,2933.18,2917.72,2920.65
2025-02-14 16:00:00,2920.64,2928.46,2914.34,2921.02
2025-02-14 17:00:00,2921.01,2921.71,2892.98,2901.88
2025-02-14 18:00:00,2901.88,2903.88,2888.62,2895.95
2025-02-14 19:00:00,2895.96,2897.53,2885.46,2887.01
2025-02-14 20:00:00,2887.03,2887.92,2882.18,2883.86
2025-02-14 21:00:00,2883.86,2886.0,2878.84,2880.69
2025-02-14 22:00:00,2880.69,2886.25,2877.02,2885.4
2025-02-14 23:00:00,2885.4,2885.74,2882.18,2882.93
2025-02-17 01:00:00,2893.19,2893.39,2878.61,2879.38
2025-02-17 02:00:00,2879.38,2888.03,2879.38,2883.61
2025-02-17 03:00:00,2883.61,2896.63,2882.48,2895.64
2025-02-17 04:00:00,2895.64,2899.82,2893.98,2899.33
2025-02-17 05:00:00,2899.32,2904.61,2897.9,2903.57
2025-02-17 06:00:00,2903.55,2904.96,2898.58,2899.42
2025-02-17 07:00:00,2899.42,2905.28,2896.11,2896.28
2025-02-17 08:00:00,2896.28,2897.9,2888.15,2896.55
2025-02-17 09:00:00,2896.56,2903.64,2896.5,2902.46
2025-02-17 10:00:00,2902.46,2902.67,2895.15,2900.27
2025-02-17 11:00:00,2900.27,2906.43,2900.27,2902.57
2025-02-17 12:00:00,2902.55,2902.98,2895.47,2902.78
2025-02-17 13:00:00,2902.78,2903.92,2897.81,2901.04
2025-02-17 14:00:00,2901.04,2901.55,2895.46,2897.69
2025-02-17 15:00:00,2897.69,2899.28,2895.63,2896.82
2025-02-17 16:00:00,2896.82,2903.89,2896.51,2903.09
2025-02-17 17:00:00,2903.09,2904.19,2897.96,2899.23
2025-02-17 18:00:00,2899.23,2901.25,2896.59,2899.34
2025-02-17 19:00:00,2899.33,2899.8,2897.98,2898.43
2025-02-17 20:00:00,2898.46,2899.16,2897.08,2898.16
2025-02-17 21:00:00,2898.17,2899.26,2896.8,2899.18
2025-02-18 01:00:00,2898.9,2899.58,2897.19,2899.27
2025-02-18 02:00:00,2899.27,2900.29,2898.35,2899.24
2025-02-18 03:00:00,2899.24,2899.94,2892.12,2895.76
2025-02-18 04:00:00,2895.76,2905.12,2895.28,2903.06
2025-02-18 05:00:00,2903.08,2910.8,2902.77,2908.98
2025-02-18 06:00:00,2908.98,2910.98,2907.27,2910.86
2025-02-18 07:00:00,2910.84,2915.71,2909.88,2910.81
2025-02-18 08:00:00,2910.81,2914.44,2910.1,2913.64
2025-02-18 09:00:00,2913.64,2915.39,2908.58,2911.53
2025-02-18 10:00:00,2911.53,2913.36,2908.25,2912.43
2025-02-18 11:00:00,2912.43,2913.46,2910.12,2912.67
2025-02-18 12:00:00,2912.67,2913.45,2907.17,2911.26
2025-02-18 13:00:00,2911.26,2914.9,2909.91,2914.31
2025-02-18 14:00:00,2914.31,2918.87,2912.21,2918.14
2025-02-18 15:00:00,2918.14,2921.33,2913.45,2918.78
2025-02-18 16:00:00,2918.78,2928.78,2917.89,2928.02
2025-02-18 17:00:00,2928.04,2929.7,2923.48,2927.19
2025-02-18 18:00:00,2927.07,2933.75,2924.36,2933.01
2025-02-18 19:00:00,2933.02,2933.74,2929.67,2931.25
2025-02-18 20:00:00,2931.25,2933.69,2928.42,2933.32
2025-02-18 21:00:00,2933.32,2936.94,2932.02,2935.81
2025-02-18 22:00:00,2935.81,2936.75,2932.47,2933.53
2025-02-18 23:00:00,2933.53,2936.63,2933.32,2935.36
2025-02-19 01:00:00,2935.43,2935.55,2933.18,2933.98
2025-02-19 02:00:00,2933.98,2934.23,2928.63,2929.29
2025-02-19 03:00:00,2929.28,2939.59,2928.05,2938.41
2025-02-19 04:00:00,2938.41,2939.6,2924.24,2929.29
2025-02-19 05:00:00,2929.29,2930.43,2925.1,2928.88
2025-02-19 06:00:00,2928.88,2929.57,2926.66,2929.3
2025-02-19 07:00:00,2929.33,2934.47,2928.04,2932.97
2025-02-19 08:00:00,2932.97,2935.85,2930.83,2931.73
2025-02-19 09:00:00,2931.73,2935.88,2930.6,2934.24
2025-02-19 10:00:00,2934.23,2940.12,2933.75,2938.68
2025-02-19 11:00:00,2938.68,2946.62,2938.21,2945.43
2025-02-19 12:00:00,2945.43,2947.05,2942.72,2944.84
2025-02-19 13:00:00,2944.84,2946.11,2934.34,2935.09
2025-02-19 14:00:00,2935.09,2936.81,2931.32,2933.5
2025-02-19 15:00:00,2933.43,2941.63,2932.46,2936.24
2025-02-19 16:00:00,2936.23,2940.62,2930.25,2938.24
2025-02-19 17:00:00,2938.18,2939.22,2925.47,2925.71
2025-02-19 18:00:00,2925.71,2931.03,2923.01,2928.13
2025-02-19 19:00:00,2928.14,2929.86,2921.64,2923.86
2025-02-19 20:00:00,2923.86,2926.72,2918.57,2925.16
2025-02-19 21:00:00,2925.16,2932.34,2923.42,2931.8
2025-02-19 22:00:00,2931.8,2936.59,2931.5,2935.9
2025-02-19 23:00:00,2935.89,2937.42,2932.47,2933.28
2025-02-20 01:00:00,2933.66,2936.15,2933.66,2935.55
2025-02-20 02:00:00,2935.54,2941.34,2935.54,2941.0
2025-02-20 03:00:00,2940.98,2942.43,2934.72,2937.07
2025-02-20 04:00:00,2937.07,2941.61,2934.04,2941.0
2025-02-20 05:00:00,2941.01,2944.05,2940.69,2941.93
2025-02-20 06:00:00,2941.93,2942.59,2939.44,2940.09
2025-02-20 07:00:00,2940.09,2946.9,2939.48,2946.77
2025-02-20 08:00:00,2946.77,2948.98,2943.88,2947.87
2025-02-20 09:00:00,2947.85,2954.38,2946.54,2948.87
2025-02-20 10:00:00,2948.87,2954.78,2948.87,2954.51
2025-02-20 11:00:00,2954.51,2954.93,2949.85,2951.54
2025-02-20 12:00:00,2951.54,2954.87,2949.29,2952.33
2025-02-20 13:00:00,2952.34,2952.93,2947.29,2948.83
2025-02-20 14:00:00,2948.82,2950.8,2938.82,2945.49
2025-02-20 15:00:00,2945.49,2947.74,2933.87,2934.01
2025-02-20 16:00:00,2934.0,2940.01,2924.08,2935.07
2025-02-20 17:00:00,2935.14,2939.64,2931.8,2938.51
2025-02-20 18:00:00,2938.51,2945.64,2936.01,2943.13
2025-02-20 19:00:00,2943.14,2947.03,2940.04,2940.53
2025-02-20 20:00:00,2940.5,2942.48,2937.32,2941.73
2025-02-20 21:00:00,2941.73,2941.93,2933.64,2937.91
2025-02-20 22:00:00,2937.91,2938.82,2935.6,2937.86
2025-02-20 23:00:00,2937.85,2940.28,2937.52,2939.35
2025-02-21 01:00:00,2939.31,2943.46,2938.71,2941.66
2025-02-21 02:00:00,2941.66,2942.67,2937.29,2940.01
2025-02-21 03:00:00,2940.01,2949.77,2926.93,2928.64
2025-02-21 04:00:00,2928.64,2941.16,2926.44,2939.21
2025-02-21 05:00:00,2939.21,2939.83,2927.22,2931.22
2025-02-21 06:00:00,2931.22,2932.37,2926.61,2928.54
2025-02-21 07:00:00,2928.53,2934.06,2924.3,2930.28
2025-02-21 08:00:00,2930.28,2931.51,2925.72,2929.77
2025-02-21 09:00:00,2929.77,2933.1,2929.06,2930.04
2025-02-21 10:00:00,2930.03,2931.25,2916.79,2923.34
2025-02-21 11:00:00,2923.34,2929.6,2923.16,2929.32
2025-02-21 12:00:00,2929.32,2931.01,2929.0,2930.57
2025-02-21 13:00:00,2930.57,2936.14,2928.05,2928.4
2025-02-21 14:00:00,2928.4,2935.2,2927.65,2930.12
2025-02-21 15:00:00,2930.12,2934.65,2927.05,2931.0
2025-02-21 16:00:00,2931.0,2939.06,2928.16,2933.84
2025-02-21 17:00:00,2933.84,2935.68,2921.65,2928.71
2025-02-21 18:00:00,2928.68,2938.5,2927.37,2936.7
2025-02-21 19:00:00,2936.7,2941.67,2936.16,2939.83
2025-02-21 20:00:00,2939.83,2942.86,2937.8,2941.79
2025-02-21 21:00:00,2941.79,2942.64,2932.97,2933.46
2025-02-21 22:00:00,2933.46,2937.24,2932.47,2934.7
2025-02-21 23:00:00,2934.7,2938.33,2932.04,2936.37
2025-02-24 01:00:00,2939.58,2940.41,2936.5,2936.85
2025-02-24 02:00:00,2936.85,2938.07,2929.67,2929.94
2025-02-24 03:00:00,2930.08,2931.18,2921.56,2928.17
2025-02-24 04:00:00,2928.17,2940.9,2925.13,2940.82
2025-02-24 05:00:00,2940.82,2944.7,2940.09,2941.16
2025-02-24 06:00:00,2941.16,2942.95,2937.83,2940.81
2025-02-24 07:00:00,2940.8,2942.09,2935.63,2936.31
2025-02-24 08:00:00,2936.31,2941.92,2935.24,2938.74
2025-02-24 09:00:00,2938.74,2944.99,2938.33,2944.0
2025-02-24 10:00:00,2943.98,2948.87,2938.24,2946.51
2025-02-24 11:00:00,2946.51,2948.31,2942.84,2944.36
2025-02-24 12:00:00,2944.36,2944.77,2934.98,2938.31
2025-02-24 13:00:00,2938.31,2948.15,2937.79,2947.67
2025-02-24 14:00:00,2947.67,2951.3,2945.48,2946.55
2025-02-24 15:00:00,2946.55,2954.7,2946.33,2954.46
2025-02-24 16:00:00,2954.46,2956.27,2934.7,2938.63
2025-02-24 17:00:00,2938.59,2940.56,2930.81,2936.58
2025-02-24 18:00:00,2936.58,2943.6,2936.54,2943.46
2025-02-24 19:00:00,2943.46,2944.85,2941.06,2943.34
2025-02-24 20:00:00,2943.33,2948.04,2942.85,2947.38
2025-02-24 21:00:00,2947.38,2949.99,2946.91,2949.25
2025-02-24 22:00:00,2949.25,2951.59,2947.03,2950.56
2025-02-24 23:00:00,2950.56,2953.06,2950.32,2952.66
2025-02-25 01:00:00,2952.7,2953.34,2948.19,2950.09
2025-02-25 02:00:00,2950.09,2952.5,2948.46,2949.6
2025-02-25 03:00:00,2949.6,2952.48,2945.3,2949.53
2025-02-25 04:00:00,2949.53,2952.16,2947.21,2948.7
2025-02-25 05:00:00,2948.7,2949.5,2937.58,2939.51
2025-02-25 06:00:00,2939.51,2939.76,2935.11,2936.9
2025-02-25 07:00:00,2936.9,2941.0,2936.76,2938.0
2025-02-25 08:00:00,2938.0,2938.47,2933.56,2935.9
2025-02-25 09:00:00,2935.9,2940.54,2930.66,2931.62
2025-02-25 10:00:00,2931.69,2942.34,2929.6,2941.53
2025-02-25 11:00:00,2941.53,2942.34,2937.43,2938.97
2025-02-25 12:00:00,2938.97,2941.64,2937.33,2937.49
2025-02-25 13:00:00,2937.5,2940.66,2937.1,2938.68
2025-02-25 14:00:00,2938.67,2941.36,2923.97,2928.64
2025-02-25 15:00:00,2928.62,2938.0,2926.22,2937.48
2025-02-25 16:00:00,2937.48,2944.84,2931.94,2932.76
2025-02-25 17:00:00,2932.76,2934.79,2900.45,2905.95
2025-02-25 18:00:00,2905.96,2906.91,2888.24,2896.42
2025-02-25 19:00:00,2896.42,2908.98,2893.71,2907.71
2025-02-25 20:00:00,2907.71,2912.36,2905.46,2909.49
2025-02-25 21:00:00,2909.49,2913.94,2905.77,2912.07
2025-02-25 22:00:00,2912.07,2913.39,2910.88,2912.75
2025-02-25 23:00:00,2912.78,2917.27,2912.64,2915.06
2025-02-26 01:00:00,2915.83,2918.94,2913.7,2918.6
2025-02-26 02:00:00,2918.62,2926.19,2918.6,2923.53
2025-02-26 03:00:00,2923.53,2930.09,2915.22,2917.87
2025-02-26 04:00:00,2917.9,2923.11,2914.8,2921.21
2025-02-26 05:00:00,2921.21,2921.97,2916.52,2917.32
2025-02-26 06:00:00,2917.26,2918.93,2912.73,2915.03
2025-02-26 07:00:00,2915.04,2921.02,2914.93,2915.45
2025-02-26 08:00:00,2915.49,2916.24,2906.65,2906.65
2025-02-26 09:00:00,2906.73,2917.56,2905.82,2915.28
2025-02-26 10:00:00,2915.43,2918.37,2909.64,2918.02
2025-02-26 11:00:00,2918.04,2919.07,2912.21,2913.15
2025-02-26 12:00:00,2913.17,2916.94,2910.95,2912.68
2025-02-26 13:00:00,2912.68,2915.49,2912.11,2913.86
2025-02-26 14:00:00,2913.86,2915.59,2910.19,2913.97
2025-02-26 15:00:00,2913.97,2915.13,2905.58,2905.98
2025-02-26 16:00:00,2905.97,2906.23,2890.91,2901.55
2025-02-26 17:00:00,2901.57,2914.36,2898.56,2913.39
2025-02-26 18:00:00,2913.39,2916.77,2909.91,2913.18
2025-02-26 19:00:00,2913.18,2916.32,2910.44,2913.8
2025-02-26 20:00:00,2913.8,2916.11,2912.4,2914.89
2025-02-26 21:00:00,2914.89,2916.15,2913.36,2913.94
2025-02-26 22:00:00,2913.94,2916.77,2912.05,2916.35
2025-02-26 23:00:00,2916.34,2918.81,2916.01,2916.31
2025-02-27 01:00:00,2915.85,2920.75,2915.84,2919.33
2025-02-27 02:00:00,2919.33,2919.33,2915.97,2917.07
2025-02-27 03:00:00,2917.07,2918.36,2911.12,2912.65
2025-02-27 04:00:00,2912.65,2914.87,2904.38,2906.6
2025-02-27 05:00:00,2906.62,2909.16,2905.4,2905.77
2025-02-27 06:00:00,2905.85,2906.49,2896.4,2897.45
2025-02-27 07:00:00,2897.45,2898.69,2888.62,2890.9
2025-02-27 08:00:00,2890.9,2898.43,2890.53,2894.29
2025-02-27 09:00:00,2894.29,2896.68,2888.03,2891.96
2025-02-27 10:00:00,2891.96,2892.13,2880.67,2881.34
2025-02-27 11:00:00,2881.34,2893.51,2877.12,2887.43
2025-02-27 12:00:00,2887.43,2895.09,2886.61,2892.32
2025-02-27 13:00:00,2892.32,2894.89,2883.49,2884.03
2025-02-27 14:00:00,2884.03,2888.83,2883.22,2885.06
2025-02-27 15:00:00,2885.06,2892.11,2881.19,2889.13
2025-02-27 16:00:00,2889.12,2892.44,2867.75,2872.49
2025-02-27 17:00:00,2872.49,2882.61,2870.56,2872.34
2025-02-27 18:00:00,2872.35,2878.23,2871.92,2877.59
2025-02-27 19:00:00,2877.56,2883.85,2876.16,2883.32
2025-02-27 20:00:00,2883.34,2887.38,2882.9,2887.38
2025-02-27 21:00:00,2887.38,2887.69,2877.28,2879.35
2025-02-27 22:00:00,2879.29,2879.39,2872.72,2873.97
2025-02-27 23:00:00,2873.94,2878.03,2871.26,2877.05
2025-02-28 01:00:00,2876.75,2878.27,2874.93,2875.85
2025-02-28 02:00:00,2875.85,2880.22,2874.94,2877.06
2025-02-28 03:00:00,2877.06,2885.14,2873.91,2874.91
2025-02-28 04:00:00,2874.91,2877.84,2870.49,2873.35
2025-02-28 05:00:00,2873.35,2876.4,2863.77,2865.78
2025-02-28 06:00:00,2865.78,2866.1,2856.97,2863.47
2025-02-28 07:00:00,2863.47,2867.1,2861.86,2864.19
2025-02-28 08:00:00,2864.25,2866.7,2862.05,2863.69
2025-02-28 09:00:00,2863.69,2865.31,2857.43,2858.67
2025-02-28 10:00:00,2858.67,2860.47,2851.08,2856.08
2025-02-28 11:00:00,2856.08,2864.28,2855.93,2862.41
2025-02-28 12:00:00,2862.41,2864.89,2860.77,2862.84
2025-02-28 13:00:00,2862.84,2863.77,2859.15,2862.33
2025-02-28 14:00:00,2862.33,2864.99,2854.37,2856.38
2025-02-28 15:00:00,2856.33,2862.19,2848.33,2848.55
2025-02-28 16:00:00,2848.55,2851.8,2833.57,2834.06
2025-02-28 17:00:00,2834.04,2850.76,2832.65,2850.19
2025-02-28 18:00:00,2850.22,2853.97,2846.34,2848.65
2025-02-28 19:00:00,2848.65,2851.63,2844.6,2845.11
2025-02-28 20:00:00,2845.11,2847.81,2838.11,2845.25
2025-02-28 21:00:00,2845.34,2850.99,2844.17,2849.63
2025-02-28 22:00:00,2849.63,2855.08,2847.8,2854.79
2025-02-28 23:00:00,2854.75,2859.38,2853.33,2859.18
2025-03-03 01:00:00,2873.35,2876.82,2864.4,2871.23
2025-03-03 02:00:00,2871.23,2871.59,2865.33,2866.03
2025-03-03 03:00:00,2866.03,2872.06,2864.24,2870.92
2025-03-03 04:00:00,2870.92,2871.99,2867.71,2868.26
2025-03-03 05:00:00,2868.24,2868.24,2859.34,2864.86
2025-03-03 06:00:00,2864.86,2868.51,2863.19,2867.41
2025-03-03 07:00:00,2867.38,2867.43,2861.28,2863.87
2025-03-03 08:00:00,2863.88,2866.06,2861.8,2865.64
2025-03-03 09:00:00,2865.63,2866.34,2860.26,2863.27
2025-03-03 10:00:00,2863.27,2868.83,2859.01,2868.59
2025-03-03 11:00:00,2868.59,2871.48,2864.31,2867.49
2025-03-03 12:00:00,2867.49,2873.65,2867.3,2871.9
2025-03-03 13:00:00,2871.9,2875.49,2871.34,2874.42
2025-03-03 14:00:00,2874.42,2877.71,2874.05,2875.69
2025-03-03 15:00:00,2875.69,2876.27,2868.93,2872.66
2025-03-03 16:00:00,2872.67,2882.98,2871.34,2877.34
2025-03-03 17:00:00,2877.27,2890.47,2873.87,2887.87
2025-03-03 18:00:00,2887.87,2893.18,2886.11,2891.57
2025-03-03 19:00:00,2891.57,2892.95,2887.31,2890.86
2025-03-03 20:00:00,2890.86,2892.46,2886.62,2889.97
2025-03-03 21:00:00,2889.97,2891.26,2879.81,2881.54
2025-03-03 22:00:00,2881.54,2891.54,2878.36,2890.57
2025-03-03 23:00:00,2890.71,2895.17,2890.18,2893.02
2025-03-04 01:00:00,2892.67,2893.26,2890.55,2890.82
2025-03-04 02:00:00,2890.82,2893.77,2890.23,2891.91
2025-03-04 03:00:00,2891.9,2892.98,2882.01,2888.38
2025-03-04 04:00:00,2888.38,2889.39,2884.86,2885.45
2025-03-04 05:00:00,2885.46,2893.05,2884.98,2888.71
2025-03-04 06:00:00,2888.71,2892.66,2886.75,2891.3
2025-03-04 07:00:00,2891.35,2894.35,2888.49,2889.69
2025-03-04 08:00:00,2889.69,2889.84,2884.48,2887.31
2025-03-04 09:00:00,2887.31,2901.51,2887.03,2899.99
2025-03-04 10:00:00,2899.99,2918.75,2896.8,2914.05
2025-03-04 11:00:00,2914.11,2921.25,2912.51,2918.1
2025-03-04 12:00:00,2918.13,2918.24,2912.07,2914.68
2025-03-04 13:00:00,2914.67,2921.82,2913.05,2920.01
2025-03-04 14:00:00,2920.07,2925.6,2918.69,2924.94
2025-03-04 15:00:00,2924.94,2927.88,2919.8,2922.53
2025-03-04 16:00:00,2922.53,2923.04,2903.36,2903.63
2025-03-04 17:00:00,2903.65,2912.36,2900.21,2906.09
2025-03-04 18:00:00,2906.09,2916.07,2903.73,2915.19
2025-03-04 19:00:00,2915.19,2916.45,2911.14,2911.63
2025-03-04 20:00:00,2911.63,2915.22,2908.26,2911.26
2025-03-04 21:00:00,2911.27,2916.56,2911.2,2916.11
2025-03-04 22:00:00,2916.11,2920.57,2914.41,2917.23
2025-03-04 23:00:00,2917.24,2918.44,2913.36,2917.95
2025-03-05 01:00:00,2917.8,2917.82,2914.45,2914.61
2025-03-05 02:00:00,2914.61,2917.14,2912.25,2914.19
2025-03-05 03:00:00,2914.2,2915.12,2903.44,2907.17
2025-03-05 04:00:00,2907.17,2914.53,2902.12,2904.34
2025-03-05 05:00:00,2904.34,2913.52,2903.49,2908.76
2025-03-05 06:00:00,2908.76,2912.64,2908.61,2910.57
2025-03-05 07:00:00,2910.57,2918.85,2910.08,2918.79
2025-03-05 08:00:00,2918.79,2921.72,2913.62,2917.05
2025-03-05 09:00:00,2917.05,2919.75,2913.03,2918.12
2025-03-05 10:00:00,2918.11,2921.94,2916.78,2920.03
2025-03-05 11:00:00,2920.05,2922.62,2913.45,2918.97
2025-03-05 12:00:00,2918.97,2919.29,2909.07,2913.24
2025-03-05 13:00:00,2913.24,2917.23,2912.12,2913.24
2025-03-05 14:00:00,2913.24,2919.28,2912.48,2916.26
2025-03-05 15:00:00,2916.26,2916.57,2894.34,2899.97
2025-03-05 16:00:00,2899.97,2917.18,2897.76,2912.58
2025-03-05 17:00:00,2912.47,2923.9,2908.05,2917.19
2025-03-05 18:00:00,2917.18,2929.98,2915.26,2923.81
2025-03-05 19:00:00,2923.82,2925.26,2913.6,2916.01
2025-03-05 20:00:00,2916.07,2920.75,2911.72,2917.5
2025-03-05 21:00:00,2917.5,2921.49,2916.42,2920.59
2025-03-05 22:00:00,2920.59,2923.11,2919.59,2922.05
2025-03-05 23:00:00,2922.03,2922.46,2917.91,2919.09
2025-03-06 01:00:00,2918.58,2919.07,2916.77,2918.26
2025-03-06 02:00:00,2918.26,2920.34,2916.62,2916.76
2025-03-06 03:00:00,2916.74,2925.74,2916.0,2924.66
2025-03-06 04:00:00,2924.66,2926.63,2923.06,2925.64
2025-03-06 05:00:00,2925.63,2925.64,2920.13,2921.28
2025-03-06 06:00:00,2921.28,2921.63,2916.45,2917.48
2025-03-06 07:00:00,2917.48,2920.66,2914.61,2919.85
2025-03-06 08:00:00,2919.85,2923.06,2919.84,2920.68
2025-03-06 09:00:00,2920.67,2922.54,2909.81,2909.91
2025-03-06 10:00:00,2909.97,2911.5,2901.08,2904.81
2025-03-06 11:00:00,2904.81,2905.36,2891.29,2894.16
2025-03-06 12:00:00,2894.16,2905.34,2892.04,2899.38
2025-03-06 13:00:00,2899.38,2907.59,2898.69,2905.78
2025-03-06 14:00:00,2905.8,2907.11,2899.37,2903.24
2025-03-06 15:00:00,2903.24,2909.39,2900.82,2904.56
2025-03-06 16:00:00,2904.53,2916.64,2903.41,2915.18
2025-03-06 17:00:00,2915.17,2922.78,2909.16,2914.52
2025-03-06 18:00:00,2914.52,2918.48,2912.62,2917.23
2025-03-06 19:00:00,2917.23,2921.55,2914.42,2915.51
2025-03-06 20:00:00,2915.57,2920.78,2913.84,2916.29
2025-03-06 21:00:00,2916.29,2917.78,2912.35,2914.04
2025-03-06 22:00:00,2914.04,2916.61,2908.46,2908.81
2025-03-06 23:00:00,2908.85,2911.93,2908.41,2911.03
2025-03-07 01:00:00,2912.59,2913.41,2910.0,2910.44
2025-03-07 02:00:00,2910.44,2910.44,2897.02,2904.83
2025-03-07 03:00:00,2904.81,2910.26,2901.52,2906.94
2025-03-07 04:00:00,2906.93,2909.19,2901.34,2908.16
2025-03-07 05:00:00,2908.16,2909.02,2904.05,2905.43
2025-03-07 06:00:00,2905.41,2908.36,2904.86,2906.59
2025-03-07 07:00:00,2906.58,2912.51,2906.46,2909.64
2025-03-07 08:00:00,2909.64,2914.73,2907.81,2913.51
2025-03-07 09:00:00,2913.56,2917.35,2911.73,2917.14
2025-03-07 10:00:00,2917.14,2922.97,2915.25,2922.39
2025-03-07 11:00:00,2922.34,2923.06,2920.23,2921.57
2025-03-07 12:00:00,2921.57,2921.88,2917.16,2917.98
2025-03-07 13:00:00,2917.98,2922.07,2916.74,2918.78
2025-03-07 14:00:00,2918.79,2922.82,2918.02,2918.72
2025-03-07 15:00:00,2918.71,2926.29,2910.3,2913.82
2025-03-07 16:00:00,2913.77,2928.79,2903.7,2926.81
2025-03-07 17:00:00,2926.79,2930.49,2908.63,2915.76
2025-03-07 18:00:00,2915.75,2919.36,2911.64,2914.09
2025-03-07 19:00:00,2914.1,2916.3,2905.08,2908.25
2025-03-07 20:00:00,2908.23,2908.67,2902.03,2906.58
2025-03-07 21:00:00,2906.58,2909.57,2904.62,2905.38
2025-03-07 22:00:00,2905.28,2911.19,2904.8,2909.74
2025-03-07 23:00:00,2909.73,2912.56,2908.49,2912.39
2025-03-10 01:00:00,2912.27,2915.17,2909.85,2911.83
2025-03-10 02:00:00,2911.83,2917.09,2911.45,2916.39
2025-03-10 03:00:00,2916.39,2918.1,2913.09,2913.8
2025-03-10 04:00:00,2913.8,2918.3,2911.36,2912.11
2025-03-10 05:00:00,2912.11,2914.48,2909.51,2911.52
2025-03-10 06:00:00,2911.52,2913.57,2908.21,2911.06
2025-03-10 07:00:00,2911.06,2912.71,2910.25,2910.97
2025-03-10 08:00:00,2910.97,2911.92,2907.05,2909.93
2025-03-10 09:00:00,2909.93,2914.68,2909.37,2914.42
2025-03-10 10:00:00,2914.42,2915.53,2904.38,2908.53
2025-03-10 11:00:00,2908.51,2910.63,2897.67,2897.98
2025-03-10 12:00:00,2897.97,2915.46,2896.76,2911.32
2025-03-10 13:00:00,2911.31,2911.35,2898.39,2903.02
2025-03-10 14:00:00,2903.03,2904.77,2895.65,2904.09
2025-03-10 15:00:00,2904.09,2907.71,2900.35,2906.69
2025-03-10 16:00:00,2906.77,2908.56,2897.67,2903.77
2025-03-10 17:00:00,2903.72,2909.15,2900.97,2908.09
2025-03-10 18:00:00,2908.09,2910.66,2900.6,2904.55
2025-03-10 19:00:00,2904.55,2906.87,2895.79,2895.97
2025-03-10 20:00:00,2895.97,2896.16,2882.8,2886.05
2025-03-10 21:00:00,2886.13,2889.6,2880.28,2885.57
2025-03-10 22:00:00,2885.57,2890.91,2880.31,2885.43
2025-03-10 23:00:00,2885.45,2889.56,2884.3,2889.4
2025-03-11 01:00:00,2889.6,2889.81,2884.13,2884.63
2025-03-11 02:00:00,2884.62,2885.9,2882.45,2884.75
2025-03-11 03:00:00,2884.78,2888.66,2884.24,2887.4
2025-03-11 04:00:00,2887.4,2890.98,2880.23,2890.62
2025-03-11 05:00:00,2890.62,2900.47,2889.97,2899.16
2025-03-11 06:00:00,2899.17,2899.43,2895.28,2896.87
2025-03-11 07:00:00,2896.87,2898.69,2895.53,2897.78
2025-03-11 08:00:00,2897.78,2899.08,2892.79,2895.85
2025-03-11 09:00:00,2895.85,2902.83,2893.62,2902.38
2025-03-11 10:00:00,2902.38,2903.63,2897.54,2901.1
2025-03-11 11:00:00,2901.12,2910.54,2900.55,2910.0
2025-03-11 12:00:00,2910.0,2912.52,2908.86,2911.82
2025-03-11 13:00:00,2911.82,2914.55,2910.91,2912.07
2025-03-11 14:00:00,2912.06,2915.43,2910.74,2913.65
2025-03-11 15:00:00,2913.66,2916.02,2910.61,2913.06
2025-03-11 16:00:00,2913.07,2922.24,2906.93,2917.9
2025-03-11 17:00:00,2917.93,2920.84,2911.78,2914.0
2025-03-11 18:00:00,2914.07,2919.92,2914.05,2916.84
2025-03-11 19:00:00,2916.81,2918.11,2915.19,2917.1
2025-03-11 20:00:00,2917.11,2920.69,2914.13,2917.84
2025-03-11 21:00:00,2917.82,2919.6,2915.26,2918.34
2025-03-11 22:00:00,2918.34,2921.39,2917.52,2918.36
2025-03-11 23:00:00,2918.35,2919.11,2915.09,2915.69
2025-03-12 01:00:00,2915.33,2918.09,2914.38,2917.63
2025-03-12 02:00:00,2917.63,2919.72,2915.49,2915.62
2025-03-12 03:00:00,2915.62,2915.65,2912.23,2914.2
2025-03-12 04:00:00,2914.2,2917.39,2910.88,2914.92
2025-03-12 05:00:00,2914.92,2918.28,2914.0,2916.36
2025-03-12 06:00:00,2916.36,2920.07,2914.94,2915.0
2025-03-12 07:00:00,2915.0,2916.07,2912.63,2914.94
2025-03-12 08:00:00,2914.94,2916.54,2912.18,2916.0
2025-03-12 09:00:00,2916.0,2921.09,2911.45,2911.96
2025-03-12 10:00:00,2911.96,2915.63,2909.03,2915.01
2025-03-12 11:00:00,2914.49,2922.19,2914.08,2922.17
2025-03-12 12:00:00,2922.17,2925.36,2913.76,2914.75
2025-03-12 13:00:00,2914.73,2916.99,2912.86,2914.29
2025-03-12 14:00:00,2914.29,2916.71,2912.71,2915.31
2025-03-12 15:00:00,2915.31,2923.12,2912.15,2917.59
2025-03-12 16:00:00,2917.59,2918.8,2906.08,2915.62
2025-03-12 17:00:00,2915.62,2922.59,2914.37,2921.97
2025-03-12 18:00:00,2921.97,2929.42,2921.44,2928.43
2025-03-12 19:00:00,2928.43,2939.18,2927.95,2936.29
2025-03-12 20:00:00,2936.22,2940.57,2935.89,2936.18
2025-03-12 21:00:00,2936.19,2937.43,2933.87,2935.22
2025-03-12 22:00:00,2935.22,2935.68,2930.89,2931.28
2025-03-12 23:00:00,2931.28,2934.22,2930.89,2933.55
2025-03-13 01:00:00,2934.88,2938.98,2934.01,2938.11
2025-03-13 02:00:00,2938.11,2939.41,2934.75,2938.21
2025-03-13 03:00:00,2938.21,2939.39,2937.69,2938.66
2025-03-13 04:00:00,2938.67,2941.48,2936.65,2937.87
2025-03-13 05:00:00,2937.89,2946.06,2937.52,2944.34
2025-03-13 06:00:00,2944.34,2947.15,2943.17,2945.64
2025-03-13 07:00:00,2945.64,2946.24,2943.53,2944.68
2025-03-13 08:00:00,2944.68,2945.12,2938.28,2940.14
2025-03-13 09:00:00,2940.14,2940.35,2935.47,2937.04
2025-03-13 10:00:00,2937.02,2938.11,2932.97,2935.33
2025-03-13 11:00:00,2935.3,2944.97,2934.9,2941.46
2025-03-13 12:00:00,2941.46,2948.87,2941.13,2947.84
2025-03-13 13:00:00,2947.84,2948.66,2942.12,2944.11
2025-03-13 14:00:00,2944.11,2948.58,2944.11,2946.32
2025-03-13 15:00:00,2946.32,2949.25,2941.22,2942.52
2025-03-13 16:00:00,2942.5,2952.5,2939.06,2950.49
2025-03-13 17:00:00,2950.49,2971.24,2949.97,2970.0
2025-03-13 18:00:00,2970.01,2978.38,2966.57,2977.84
2025-03-13 19:00:00,2977.84,2985.26,2976.6,2980.08
2025-03-13 20:00:00,2980.07,2982.22,2976.44,2979.55
2025-03-13 21:00:00,2979.55,2984.44,2979.11,2983.31
2025-03-13 22:00:00,2983.31,2985.53,2980.58,2982.88
2025-03-13 23:00:00,2982.88,2989.21,2981.31,2988.85
2025-03-14 01:00:00,2984.31,2989.98,2983.16,2987.26
2025-03-14 02:00:00,2987.26,2989.3,2985.38,2986.41
2025-03-14 03:00:00,2986.41,2988.79,2984.7,2986.72
2025-03-14 04:00:00,2986.72,2990.24,2981.73,2988.01
2025-03-14 05:00:00,2988.01,2988.58,2983.82,2984.13
2025-03-14 06:00:00,2984.13,2992.92,2983.82,2992.63
2025-03-14 07:00:00,2992.62,2993.94,2984.48,2985.56
2025-03-14 08:00:00,2985.56,2986.72,2981.95,2986.44
2025-03-14 09:00:00,2986.44,2987.64,2981.26,2985.69
2025-03-14 10:00:00,2985.69,2987.08,2980.91,2986.96
2025-03-14 11:00:00,2986.96,2993.32,2985.27,2992.94
2025-03-14 12:00:00,2992.94,2999.54,2992.7,2998.74
2025-03-14 13:00:00,2998.74,3004.98,2986.58,2993.37
2025-03-14 14:00:00,2993.4,2999.22,2993.33,2993.59
2025-03-14 15:00:00,2993.59,2999.71,2993.36,2993.89
2025-03-14 16:00:00,2993.9,2996.19,2983.18,2985.68
2025-03-14 17:00:00,2985.69,2993.37,2981.99,2985.47
2025-03-14 18:00:00,2985.47,2986.58,2978.5,2984.6
2025-03-14 19:00:00,2984.6,2990.03,2982.98,2989.78
2025-03-14 20:00:00,2989.78,2990.42,2986.37,2986.57
2025-03-14 21:00:00,2986.57,2987.05,2983.2,2983.44
2025-03-14 22:00:00,2983.44,2986.05,2982.24,2984.01
2025-03-14 23:00:00,2984.0,2988.82,2981.78,2988.12
2025-03-17 01:00:00,2987.5,2990.65,2986.17,2989.15
2025-03-17 02:00:00,2989.15,2994.11,2988.31,2990.02
2025-03-17 03:00:00,2990.02,2991.04,2986.43,2990.91
2025-03-17 04:00:00,2990.93,2993.09,2988.79,2990.91
2025-03-17 05:00:00,2990.91,2992.08,2987.04,2988.09
2025-03-17 06:00:00,2988.09,2988.73,2985.34,2986.89
2025-03-17 07:00:00,2986.89,2987.87,2982.49,2982.68
2025-03-17 08:00:00,2982.67,2986.17,2982.29,2986.09
2025-03-17 09:00:00,2986.09,2990.75,2985.47,2989.9
2025-03-17 10:00:00,2989.9,2989.97,2984.11,2985.55
2025-03-17 11:00:00,2985.55,2988.48,2983.16,2988.48
2025-03-17 12:00:00,2988.48,2996.9,2987.63,2995.76
2025-03-17 13:00:00,2995.76,2999.65,2994.78,2999.01
2025-03-17 14:00:00,2999.01,3001.2,2996.49,2997.51
2025-03-17 15:00:00,2997.51,2997.82,2984.88,2987.19
2025-03-17 16:00:00,2987.21,2991.44,2986.15,2988.42
2025-03-17 17:00:00,2988.42,3000.55,2987.21,2998.73
2025-03-17 18:00:00,2998.71,2999.38,2992.96,2997.23
2025-03-17 19:00:00,2997.24,2997.81,2993.01,2994.44
2025-03-17 20:00:00,2994.44,2999.54,2994.44,2997.92
2025-03-17 21:00:00,2997.92,3000.37,2996.93,2999.36
2025-03-17 22:00:00,2999.36,3000.91,2997.71,3000.38
2025-03-17 23:00:00,3000.3,3001.89,3000.11,3001.15
2025-03-18 01:00:00,3000.98,3001.09,3000.01,3000.24
2025-03-18 02:00:00,3000.24,3002.83,2999.67,2999.89
2025-03-18 03:00:00,2999.89,3003.57,2999.63,3001.5
2025-03-18 04:00:00,3001.49,3008.54,2999.44,3005.83
2025-03-18 05:00:00,3005.84,3012.23,3002.89,3010.86
2025-03-18 06:00:00,3010.86,3015.13,3009.66,3011.5
2025-03-18 07:00:00,3011.5,3017.11,3011.33,3014.43
2025-03-18 08:00:00,3014.43,3014.87,3006.22,3011.97
2025-03-18 09:00:00,3012.01,3017.8,3010.68,3015.78
2025-03-18 10:00:00,3015.78,3018.93,3014.57,3016.55
2025-03-18 11:00:00,3016.55,3027.24,3016.42,3026.45
2025-03-18 12:00:00,3026.53,3028.5,3018.22,3020.29
2025-03-18 13:00:00,3020.29,3025.81,3019.65,3024.08
2025-03-18 14:00:00,3024.08,3029.54,3022.48,3026.88
2025-03-18 15:00:00,3026.88,3035.92,3026.79,3034.32
2025-03-18 16:00:00,3034.32,3038.3,3026.2,3033.31
2025-03-18 17:00:00,3033.31,3033.31,3024.82,3028.01
2025-03-18 18:00:00,3028.01,3032.61,3025.26,3031.78
2025-03-18 19:00:00,3031.75,3036.95,3030.51,3036.04
2025-03-18 20:00:00,3036.04,3036.33,3029.77,3032.61
2025-03-18 21:00:00,3032.61,3036.39,3032.48,3035.84
2025-03-18 22:00:00,3035.84,3038.05,3035.24,3035.59
2025-03-18 23:00:00,3035.59,3036.08,3033.36,3033.95
2025-03-19 01:00:00,3033.95,3034.6,3032.7,3034.46
2025-03-19 02:00:00,3034.48,3035.11,3031.55,3031.85
2025-03-19 03:00:00,3031.85,3034.01,3030.51,3031.5
2025-03-19 04:00:00,3031.5,3032.72,3027.46,3029.47
2025-03-19 05:00:00,3029.46,3033.84,3029.03,3033.48
2025-03-19 06:00:00,3033.48,3038.99,3032.25,3036.34
2025-03-19 07:00:00,3036.33,3037.63,3034.34,3036.49
2025-03-19 08:00:00,3036.52,3045.33,3036.51,3044.58
2025-03-19 09:00:00,3044.58,3044.79,3034.52,3042.22
2025-03-19 10:00:00,3042.24,3042.87,3035.59,3035.94
2025-03-19 11:00:00,3035.94,3037.09,3024.76,3025.28
2025-03-19 12:00:00,3025.28,3031.49,3022.78,3030.5
2025-03-19 13:00:00,3030.5,3037.86,3028.4,3034.6
2025-03-19 14:00:00,3034.6,3039.92,3033.75,3038.96
2025-03-19 15:00:00,3038.96,3041.04,3036.3,3037.19
2025-03-19 16:00:00,3037.19,3038.28,3027.71,3033.27
2025-03-19 17:00:00,3033.25,3033.39,3025.92,3027.61
2025-03-19 18:00:00,3027.61,3033.22,3026.84,3031.52
2025-03-19 19:00:00,3031.52,3038.38,3031.4,3033.04
2025-03-19 20:00:00,3033.04,3034.26,3029.48,3030.26
2025-03-19 21:00:00,3029.97,3048.63,3029.71,3046.89
2025-03-19 22:00:00,3046.9,3051.9,3040.99,3048.01
2025-03-19 23:00:00,3048.01,3048.25,3044.36,3047.35
2025-03-20 01:00:00,3048.68,3050.44,3047.26,3050.2
2025-03-20 02:00:00,3050.2,3051.2,3048.75,3050.04
2025-03-20 03:00:00,3050.04,3055.57,3050.04,3053.3
2025-03-20 04:00:00,3053.3,3056.29,3049.39,3049.64
2025-03-20 05:00:00,3049.63,3052.18,3045.06,3045.73
2025-03-20 06:00:00,3045.73,3050.44,3045.57,3049.98
2025-03-20 07:00:00,3049.98,3057.46,3048.17,3052.45
2025-03-20 08:00:00,3052.45,3053.44,3045.0,3046.93
2025-03-20 09:00:00,3046.93,3051.51,3045.74,3049.07
2025-03-20 10:00:00,3049.06,3049.06,3041.88,3042.31
2025-03-20 11:00:00,3042.31,3044.15,3038.73,3042.01
2025-03-20 12:00:00,3042.0,3046.37,3040.68,3041.51
2025-03-20 13:00:00,3041.51,3041.52,3025.74,3034.26
2025-03-20 14:00:00,3034.26,3035.19,3029.38,3034.48
2025-03-20 15:00:00,3034.48,3042.28,3033.45,3040.89
2025-03-20 16:00:00,3040.89,3041.12,3030.04,3032.76
2025-03-20 17:00:00,3032.75,3040.8,3030.67,3040.27
2025-03-20 18:00:00,3040.26,3041.88,3037.7,3040.76
2025-03-20 19:00:00,3040.76,3043.22,3034.01,3038.25
2025-03-20 20:00:00,3038.27,3041.96,3034.84,3041.7
2025-03-20 21:00:00,3041.69,3045.35,3040.95,3043.32
2025-03-20 22:00:00,3043.32,3046.09,3043.3,3044.68
2025-03-20 23:00:00,3044.69,3045.9,3044.35,3044.76
2025-03-21 01:00:00,3044.94,3046.04,3043.47,3045.81
2025-03-21 02:00:00,3045.81,3046.62,3044.52,3046.42
2025-03-21 03:00:00,3046.42,3047.5,3042.39,3042.87
2025-03-21 04:00:00,3042.87,3044.58,3035.89,3035.93
2025-03-21 05:00:00,3035.93,3037.03,3033.89,3034.81
2025-03-21 06:00:00,3034.79,3034.8,3030.08,3030.62
2025-03-21 07:00:00,3030.62,3032.04,3027.97,3029.8
2025-03-21 08:00:00,3029.8,3030.31,3021.78,3028.06
2025-03-21 09:00:00,3028.07,3034.04,3027.47,3029.85
2025-03-21 10:00:00,3029.85,3033.39,3028.12,3032.1
2025-03-21 11:00:00,3032.09,3034.86,3027.17,3033.0
2025-03-21 12:00:00,3032.99,3033.09,3027.77,3029.68
2025-03-21 13:00:00,3029.68,3033.48,3029.66,3030.91
2025-03-21 14:00:00,3030.91,3037.65,3028.99,3034.37
2025-03-21 15:00:00,3034.37,3038.16,3033.51,3034.1
2025-03-21 16:00:00,3034.1,3036.85,3004.2,3006.66
2025-03-21 17:00:00,3006.64,3016.65,2999.46,3015.74
2025-03-21 18:00:00,3015.77,3017.87,3010.08,3011.08
2025-03-21 19:00:00,3011.08,3016.88,3010.69,3015.23
2025-03-21 20:00:00,3015.23,3018.25,3012.94,3013.72
2025-03-21 21:00:00,3013.72,3021.6,3013.47,3017.46
2025-03-21 22:00:00,3017.46,3022.0,3015.97,3019.93
2025-03-21 23:00:00,3019.94,3024.25,3019.91,3023.07
2025-03-24 01:00:00,3023.28,3026.15,3022.12,3025.62
2025-03-24 02:00:00,3025.62,3026.34,3023.47,3024.83
2025-03-24 03:00:00,3024.83,3025.51,3017.06,3018.48
2025-03-24 04:00:00,3018.48,3025.65,3018.26,3020.95
2025-03-24 05:00:00,3020.96,3024.45,3013.79,3016.3
2025-03-24 06:00:00,3016.3,3019.76,3015.75,3016.9
2025-03-24 07:00:00,3016.91,3020.08,3016.52,3019.51
2025-03-24 08:00:00,3019.51,3023.16,3019.05,3022.14
2025-03-24 09:00:00,3022.14,3025.71,3017.36,3024.98
2025-03-24 10:00:00,3024.98,3028.85,3021.07,3022.44
2025-03-24 11:00:00,3022.45,3028.95,3021.9,3028.79
2025-03-24 12:00:00,3028.83,3030.97,3022.69,3023.64
2025-03-24 13:00:00,3023.7,3033.27,3023.54,3028.14
2025-03-24 14:00:00,3028.13,3029.2,3024.47,3024.61
2025-03-24 15:00:00,3024.61,3028.66,3022.42,3024.21
2025-03-24 16:00:00,3024.2,3028.31,3019.26,3022.63
2025-03-24 17:00:00,3022.59,3024.12,3008.02,3012.09
2025-03-24 18:00:00,3012.09,3015.26,3005.86,3014.13
2025-03-24 19:00:00,3014.13,3015.62,3008.03,3009.77
2025-03-24 20:00:00,3009.77,3009.94,3005.89,3007.13
2025-03-24 21:00:00,3007.13,3008.07,3002.5,3006.77
2025-03-24 22:00:00,3006.74,3008.22,3005.01,3006.14
2025-03-24 23:00:00,3006.16,3014.49,3005.65,3012.04
2025-03-25 01:00:00,3011.68,3012.33,3009.05,3011.45
2025-03-25 02:00:00,3011.45,3012.37,3009.54,3009.96
2025-03-25 03:00:00,3009.96,3014.91,3009.14,3014.31
2025-03-25 04:00:00,3014.31,3014.53,3010.54,3011.82
2025-03-25 05:00:00,3011.82,3012.34,3007.55,3009.12
2025-03-25 06:00:00,3009.12,3016.16,3008.61,3015.27
2025-03-25 07:00:00,3015.28,3016.39,3014.69,3015.3
2025-03-25 08:00:00,3015.3,3021.04,3014.38,3018.34
2025-03-25 09:00:00,3018.34,3018.67,3014.88,3017.81
2025-03-25 10:00:00,3017.81,3018.14,3010.65,3011.29
2025-03-25 11:00:00,3011.29,3021.87,3010.72,3021.37
2025-03-25 12:00:00,3021.37,3023.55,3018.97,3023.29
2025-03-25 13:00:00,3023.29,3024.83,3020.65,3023.62
2025-03-25 14:00:00,3023.6,3026.5,3020.43,3020.71
2025-03-25 15:00:00,3020.71,3023.27,3014.23,3021.77
2025-03-25 16:00:00,3021.77,3030.68,3020.96,3028.66
2025-03-25 17:00:00,3028.66,3036.01,3024.99,3024.99
2025-03-25 18:00:00,3025.07,3028.07,3018.02,3021.38
2025-03-25 19:00:00,3021.7,3025.58,3021.46,3023.26
2025-03-25 20:00:00,3023.26,3023.4,3019.84,3022.73
2025-03-25 21:00:00,3022.73,3022.97,3017.82,3018.58
2025-03-25 22:00:00,3018.57,3020.79,3017.79,3019.64
2025-03-25 23:00:00,3019.69,3020.84,3018.89,3019.99
2025-03-26 01:00:00,3020.97,3022.21,3020.39,3021.39
2025-03-26 02:00:00,3021.39,3021.94,3020.56,3021.01
2025-03-26 03:00:00,3021.01,3022.22,3017.87,3018.22
2025-03-26 04:00:00,3018.2,3025.48,3016.42,3024.81
2025-03-26 05:00:00,3024.81,3027.08,3022.86,3024.29
2025-03-26 06:00:00,3024.28,3024.28,3016.54,3017.56
2025-03-26 07:00:00,3017.56,3017.7,3014.34,3015.24
2025-03-26 08:00:00,3015.24,3024.1,3013.36,3022.77
2025-03-26 09:00:00,3022.74,3026.45,3022.11,3026.26
2025-03-26 10:00:00,3026.26,3030.81,3025.1,3030.49
2025-03-26 11:00:00,3030.5,3032.07,3023.66,3024.08
2025-03-26 12:00:00,3024.1,3024.25,3017.54,3018.72
2025-03-26 13:00:00,3018.72,3025.01,3017.07,3023.36
2025-03-26 14:00:00,3023.36,3030.37,3023.36,3027.55
2025-03-26 15:00:00,3027.53,3030.14,3025.35,3027.08
2025-03-26 16:00:00,3027.1,3027.48,3015.91,3016.67
2025-03-26 17:00:00,3016.69,3021.71,3014.99,3017.45
2025-03-26 18:00:00,3017.46,3018.88,3012.32,3015.95
2025-03-26 19:00:00,3015.95,3020.11,3015.26,3015.66
2025-03-26 20:00:00,3015.66,3019.03,3015.38,3018.72
2025-03-26 21:00:00,3018.76,3020.83,3018.2,3018.35
2025-03-26 22:00:00,3018.35,3019.05,3015.8,3017.32
2025-03-26 23:00:00,3017.32,3021.91,3017.2,3019.31
2025-03-27 01:00:00,3020.37,3021.01,3018.01,3019.47
2025-03-27 02:00:00,3019.47,3021.81,3017.64,3021.71
2025-03-27 03:00:00,3021.71,3025.82,3021.65,3025.4
2025-03-27 04:00:00,3025.4,3028.38,3022.94,3023.67
2025-03-27 05:00:00,3023.67,3032.82,3023.29,3031.67
2025-03-27 06:00:00,3031.67,3034.27,3029.73,3033.68
2025-03-27 07:00:00,3033.67,3038.62,3031.79,3034.11
2025-03-27 08:00:00,3034.11,3035.94,3029.41,3029.82
2025-03-27 09:00:00,3029.78,3033.36,3026.78,3030.11
2025-03-27 10:00:00,3030.02,3036.77,3029.35,3035.91
2025-03-27 11:00:00,3035.91,3037.98,3033.84,3036.13
2025-03-27 12:00:00,3036.12,3041.05,3034.65,3040.05
2025-03-27 13:00:00,3040.04,3055.85,3039.89,3051.43
2025-03-27 14:00:00,3051.48,3055.62,3048.84,3054.65
2025-03-27 15:00:00,3054.65,3056.01,3047.14,3050.01
2025-03-27 16:00:00,3050.01,3052.25,3033.54,3040.69
2025-03-27 17:00:00,3040.69,3059.65,3040.69,3057.65
2025-03-27 18:00:00,3057.63,3059.19,3051.36,3052.18
2025-03-27 19:00:00,3052.18,3054.3,3047.93,3048.33
2025-03-27 20:00:00,3048.33,3053.26,3047.81,3052.94
2025-03-27 21:00:00,3052.94,3057.62,3052.8,3055.85
2025-03-27 22:00:00,3055.84,3057.86,3054.91,3057.54
2025-03-27 23:00:00,3057.54,3057.65,3055.14,3056.79
2025-03-28 01:00:00,3055.91,3057.81,3054.67,3055.19
2025-03-28 02:00:00,3055.19,3056.23,3054.24,3055.79
2025-03-28 03:00:00,3055.79,3063.38,3055.13,3062.0
2025-03-28 04:00:00,3062.0,3074.02,3061.86,3073.91
2025-03-28 05:00:00,3073.91,3077.63,3070.08,3071.89
2025-03-28 06:00:00,3071.89,3076.62,3069.74,3075.22
2025-03-28 07:00:00,3075.22,3075.32,3072.6,3073.88
2025-03-28 08:00:00,3073.88,3082.09,3072.61,3077.9
2025-03-28 09:00:00,3077.9,3084.98,3076.73,3084.72
2025-03-28 10:00:00,3084.67,3086.04,3077.75,3079.32
2025-03-28 11:00:00,3079.32,3081.24,3066.06,3072.93
2025-03-28 12:00:00,3072.93,3076.17,3069.6,3072.85
2025-03-28 13:00:00,3072.85,3074.7,3067.39,3074.36
2025-03-28 14:00:00,3074.36,3079.85,3074.12,3076.37
2025-03-28 15:00:00,3076.37,3081.95,3072.45,3077.49
2025-03-28 16:00:00,3077.49,3084.16,3070.81,3083.11
2025-03-28 17:00:00,3083.11,3086.87,3068.13,3070.07
2025-03-28 18:00:00,3070.01,3085.81,3067.42,3083.8
2025-03-28 19:00:00,3083.81,3086.7,3080.45,3083.91
2025-03-28 20:00:00,3083.91,3085.94,3076.18,3077.5
2025-03-28 21:00:00,3077.5,3080.5,3073.6,3079.82
2025-03-28 22:00:00,3079.82,3081.89,3079.54,3080.81
2025-03-28 23:00:00,3080.79,3085.92,3080.79,3084.0
2025-03-31 01:00:00,3092.79,3097.82,3088.62,3090.13
2025-03-31 02:00:00,3090.13,3090.94,3087.92,3089.12
2025-03-31 03:00:00,3089.12,3089.78,3077.47,3079.17
2025-03-31 04:00:00,3079.17,3095.49,3076.87,3094.78
2025-03-31 05:00:00,3094.78,3107.12,3094.0,3106.8
2025-03-31 06:00:00,3106.8,3111.81,3105.25,3107.22
2025-03-31 07:00:00,3107.22,3115.92,3105.99,3113.46
2025-03-31 08:00:00,3113.46,3119.98,3107.58,3116.68
2025-03-31 09:00:00,3116.68,3127.98,3113.53,3119.39
2025-03-31 10:00:00,3119.42,3125.37,3118.55,3124.57
2025-03-31 11:00:00,3124.57,3127.17,3121.04,3122.3
2025-03-31 12:00:00,3122.3,3123.36,3111.87,3115.02
2025-03-31 13:00:00,3115.02,3123.7,3111.95,3118.49
2025-03-31 14:00:00,3118.48,3119.74,3113.41,3119.54
2025-03-31 15:00:00,3119.54,3126.69,3118.16,3124.58
2025-03-31 16:00:00,3124.58,3124.75,3099.8,3113.48
2025-03-31 17:00:00,3113.61,3123.61,3110.92,3123.25
2025-03-31 18:00:00,3123.24,3127.27,3112.94,3113.77
2025-03-31 19:00:00,3113.78,3120.63,3111.66,3117.62
2025-03-31 20:00:00,3117.62,3120.35,3115.92,3117.87
2025-03-31 21:00:00,3117.87,3123.41,3117.39,3121.51
2025-03-31 22:00:00,3121.51,3124.63,3120.92,3124.48
2025-03-31 23:00:00,3124.42,3124.78,3122.96,3123.98
2025-04-01 01:00:00,3124.79,3125.4,3121.71,3122.81
2025-04-01 02:00:00,3122.81,3126.5,3120.08,3120.54
2025-04-01 03:00:00,3120.53,3128.04,3120.31,3127.27
2025-04-01 04:00:00,3127.27,3138.28,3126.57,3135.43
2025-04-01 05:00:00,3135.42,3145.58,3133.04,3145.23
2025-04-01 06:00:00,3145.23,3147.38,3142.59,3146.13
2025-04-01 07:00:00,3146.13,3147.98,3142.88,3144.72
2025-04-01 08:00:00,3144.75,3149.08,3130.54,3132.19
2025-04-01 09:00:00,3132.19,3138.22,3126.72,3133.73
2025-04-01 10:00:00,3133.74,3137.78,3124.13,3127.63
2025-04-01 11:00:00,3127.63,3135.74,3126.44,3131.01
2025-04-01 12:00:00,3131.01,3134.15,3130.2,3132.36
2025-04-01 13:00:00,3132.35,3138.99,3130.8,3132.34
2025-04-01 14:00:00,3132.35,3135.89,3128.75,3130.41
2025-04-01 15:00:00,3130.44,3134.66,3127.72,3133.42
2025-04-01 16:00:00,3133.41,3137.18,3128.27,3133.87
2025-04-01 17:00:00,3133.83,3135.4,3123.9,3128.68
2025-04-01 18:00:00,3128.72,3133.04,3113.43,3113.73
2025-04-01 19:00:00,3113.65,3116.83,3100.86,3106.66
2025-04-01 20:00:00,3106.66,3114.57,3105.73,3113.7
2025-04-01 21:00:00,3113.67,3118.69,3113.31,3114.17
2025-04-01 22:00:00,3114.17,3119.1,3113.76,3118.82
2025-04-01 23:00:00,3118.78,3120.76,3113.21,3114.32
2025-04-02 01:00:00,3114.02,3114.74,3107.75,3111.35
2025-04-02 02:00:00,3111.35,3116.29,3111.29,3115.26
2025-04-02 03:00:00,3115.26,3123.78,3113.06,3122.9
2025-04-02 04:00:00,3122.89,3135.36,3121.42,3133.13
2025-04-02 05:00:00,3133.14,3135.74,3128.62,3128.73
2025-04-02 06:00:00,3128.49,3132.15,3124.6,3125.59
2025-04-02 07:00:00,3125.59,3126.78,3115.62,3116.2
2025-04-02 08:00:00,3116.2,3119.2,3107.41,3118.07
2025-04-02 09:00:00,3118.07,3119.63,3114.04,3116.6
2025-04-02 10:00:00,3116.6,3126.09,3112.17,3125.26
2025-04-02 11:00:00,3125.28,3133.81,3123.49,3131.34
2025-04-02 12:00:00,3131.34,3131.63,3127.0,3131.13
2025-04-02 13:00:00,3131.13,3131.4,3110.2,3114.52
2025-04-02 14:00:00,3114.52,3123.9,3114.44,3121.32
2025-04-02 15:00:00,3121.32,3127.54,3117.09,3122.47
2025-04-02 16:00:00,3122.47,3132.16,3116.65,3122.42
2025-04-02 17:00:00,3122.41,3129.43,3119.32,3124.89
2025-04-02 18:00:00,3124.89,3128.17,3120.88,3125.91
2025-04-02 19:00:00,3125.94,3134.34,3125.94,3131.56
2025-04-02 20:00:00,3131.56,3131.56,3120.76,3123.62
2025-04-02 21:00:00,3123.61,3126.21,3118.75,3121.9
2025-04-02 22:00:00,3121.99,3127.26,3121.64,3124.14
2025-04-02 23:00:00,3124.12,3143.86,3104.7,3132.97
2025-04-03 01:00:00,3128.2,3148.32,3122.63,3145.75
2025-04-03 02:00:00,3145.75,3167.83,3145.75,3162.59
2025-04-03 03:00:00,3162.59,3164.88,3140.57,3151.27
2025-04-03 04:00:00,3151.27,3162.99,3147.96,3153.46
2025-04-03 05:00:00,3153.46,3155.36,3142.31,3145.2
2025-04-03 06:00:00,3145.2,3152.23,3144.82,3148.08
2025-04-03 07:00:00,3148.08,3149.7,3139.12,3140.44
2025-04-03 08:00:00,3140.44,3141.03,3124.18,3131.85
2025-04-03 09:00:00,3131.9,3134.02,3116.51,3127.84
2025-04-03 10:00:00,3127.86,3130.26,3119.96,3129.18
2025-04-03 11:00:00,3129.18,3132.12,3126.05,3129.09
2025-04-03 12:00:00,3129.1,3129.58,3121.58,3121.69
2025-04-03 13:00:00,3121.7,3123.07,3088.96,3095.52
2025-04-03 14:00:00,3095.63,3100.01,3085.32,3093.06
2025-04-03 15:00:00,3093.06,3094.75,3062.19,3076.44
2025-04-03 16:00:00,3076.41,3093.47,3054.16,3086.05
2025-04-03 17:00:00,3086.04,3135.63,3085.76,3128.91
2025-04-03 18:00:00,3128.94,3129.44,3104.03,3110.58
2025-04-03 19:00:00,3110.61,3114.26,3101.82,3107.63
2025-04-03 20:00:00,3107.59,3109.91,3100.1,3109.58
2025-04-03 21:00:00,3109.58,3111.74,3102.18,3111.66
2025-04-03 22:00:00,3111.66,3113.3,3101.58,3107.55
2025-04-03 23:00:00,3107.55,3119.97,3107.37,3114.37
2025-04-04 01:00:00,3114.53,3116.68,3112.42,3115.3
2025-04-04 02:00:00,3115.3,3116.42,3109.78,3112.99
2025-04-04 03:00:00,3112.99,3115.15,3106.09,3110.63
2025-04-04 04:00:00,3110.59,3115.8,3109.17,3109.86
2025-04-04 05:00:00,3109.84,3112.92,3091.3,3096.8
2025-04-04 06:00:00,3096.8,3099.05,3087.04,3098.5
2025-04-04 07:00:00,3098.5,3104.97,3096.07,3100.18
2025-04-04 08:00:00,3100.18,3108.89,3098.92,3108.89
2025-04-04 09:00:00,3108.82,3109.96,3100.52,3101.08
2025-04-04 10:00:00,3101.05,3103.41,3092.1,3092.89
2025-04-04 11:00:00,3092.88,3094.08,3078.46,3084.28
2025-04-04 12:00:00,3084.28,3096.07,3083.95,3090.69
2025-04-04 13:00:00,3090.68,3116.16,3090.66,3110.37
2025-04-04 14:00:00,3110.37,3136.61,3095.7,3110.46
2025-04-04 15:00:00,3110.51,3111.87,3069.49,3071.18
2025-04-04 16:00:00,3071.18,3087.42,3059.6,3061.85
2025-04-04 17:00:00,3061.85,3061.85,3027.08,3038.42
2025-04-04 18:00:00,3038.42,3050.48,3016.92,3021.85
2025-04-04 19:00:00,3021.87,3036.8,3017.57,3030.9
2025-04-04 20:00:00,3030.9,3032.89,3015.73,3025.92
2025-04-04 21:00:00,3025.92,3027.94,3017.99,3025.57
2025-04-04 22:00:00,3025.57,3041.01,3022.06,3036.41
2025-04-04 23:00:00,3036.47,3040.98,3033.85,3037.16
2025-04-07 01:00:00,3028.06,3032.27,2978.51,3009.99
2025-04-07 02:00:00,3009.97,3016.83,2977.0,2999.88
2025-04-07 03:00:00,2999.88,3009.44,2969.78,2978.9
2025-04-07 04:00:00,2978.9,3055.4,2972.0,3038.31
2025-04-07 05:00:00,3038.47,3055.54,3024.44,3025.89
2025-04-07 06:00:00,3025.88,3033.86,3017.09,3018.84
2025-04-07 07:00:00,3018.86,3035.55,3018.86,3035.47
2025-04-07 08:00:00,3035.26,3044.55,3024.91,3031.9
2025-04-07 09:00:00,3031.72,3033.48,3016.58,3029.76
2025-04-07 10:00:00,3029.85,3030.72,3013.3,3018.54
2025-04-07 11:00:00,3018.53,3035.48,3017.76,3031.19
2025-04-07 12:00:00,3031.77,3033.4,3019.61,3025.17
2025-04-07 13:00:00,3025.17,3036.5,3024.15,3031.37
2025-04-07 14:00:00,3031.38,3046.16,3030.18,3031.19
2025-04-07 15:00:00,3031.33,3032.91,3014.8,3031.28
2025-04-07 16:00:00,3031.28,3034.03,3002.3,3015.48
2025-04-07 17:00:00,3015.44,3038.05,2996.61,2999.34
2025-04-07 18:00:00,2999.35,3004.75,2979.89,2987.48
2025-04-07 19:00:00,2987.48,2987.82,2970.01,2970.6
2025-04-07 20:00:00,2970.83,2975.25,2956.51,2970.11
2025-04-07 21:00:00,2970.11,2976.69,2964.02,2965.75
2025-04-07 22:00:00,2965.75,2982.33,2965.38,2976.22
2025-04-07 23:00:00,2976.58,2986.15,2970.23,2982.04
2025-04-08 01:00:00,2982.06,2988.76,2981.34,2986.74
2025-04-08 02:00:00,2986.74,2987.41,2978.6,2981.3
2025-04-08 03:00:00,2981.29,2992.66,2980.39,2985.42
2025-04-08 04:00:00,2985.42,3003.16,2983.63,2999.94
2025-04-08 05:00:00,2999.94,3004.88,2998.31,3001.02
2025-04-08 06:00:00,3000.99,3001.1,2993.23,2994.82
2025-04-08 07:00:00,2994.82,3003.08,2990.93,3002.19
2025-04-08 08:00:00,3002.19,3008.44,2999.55,3005.72
2025-04-08 09:00:00,3005.72,3015.86,3002.51,3013.26
2025-04-08 10:00:00,3013.26,3013.86,3001.88,3003.66
2025-04-08 11:00:00,3003.57,3009.41,3001.37,3007.4
2025-04-08 12:00:00,3007.43,3007.83,2994.84,3006.83
2025-04-08 13:00:00,3006.83,3010.33,3004.04,3009.03
2025-04-08 14:00:00,3009.03,3019.47,3008.67,3017.49
2025-04-08 15:00:00,3017.49,3019.5,3002.43,3002.62
2025-04-08 16:00:00,3002.6,3022.75,3002.58,3010.37
2025-04-08 17:00:00,3010.31,3018.24,3005.79,3006.16
2025-04-08 18:00:00,3006.19,3012.36,3001.23,3001.52
2025-04-08 19:00:00,3001.52,3001.52,2984.39,2985.99
2025-04-08 20:00:00,2985.99,2987.43,2974.74,2985.14
2025-04-08 21:00:00,2985.14,2992.32,2979.42,2983.49
2025-04-08 22:00:00,2983.49,2987.52,2976.68,2984.85
2025-04-08 23:00:00,2984.86,2986.55,2977.06,2982.14
2025-04-09 01:00:00,2982.76,2985.28,2980.16,2981.84
2025-04-09 02:00:00,2981.84,2991.01,2969.97,2978.51
2025-04-09 03:00:00,2978.49,2987.04,2974.75,2980.45
2025-04-09 04:00:00,2980.45,3009.85,2972.42,3008.84
2025-04-09 05:00:00,3008.84,3011.07,2999.93,3003.1
2025-04-09 06:00:00,3003.05,3009.72,3002.68,3004.48
2025-04-09 07:00:00,3004.48,3014.15,2999.54,3012.46
2025-04-09 08:00:00,3012.45,3020.56,3005.51,3015.55
2025-04-09 09:00:00,3015.55,3040.93,3014.63,3039.0
2025-04-09 10:00:00,3039.0,3052.37,3034.37,3041.01
2025-04-09 11:00:00,3041.02,3051.22,3038.2,3044.06
2025-04-09 12:00:00,3044.06,3049.73,3038.66,3044.98
2025-04-09 13:00:00,3044.98,3047.22,3038.32,3042.69
2025-04-09 14:00:00,3042.79,3067.93,3035.96,3066.6
2025-04-09 15:00:00,3066.6,3073.17,3042.68,3047.46
2025-04-09 16:00:00,3047.49,3077.89,3047.3,3075.94
2025-04-09 17:00:00,3075.91,3084.68,3068.44,3070.54
2025-04-09 18:00:00,3070.55,3087.83,3065.29,3086.32
2025-04-09 19:00:00,3086.32,3094.86,3082.66,3092.48
2025-04-09 20:00:00,3092.47,3099.0,3052.97,3059.22
2025-04-09 21:00:00,3059.22,3073.57,3048.72,3067.15
2025-04-09 22:00:00,3067.17,3099.65,3064.21,3093.99
2025-04-09 23:00:00,3093.98,3095.45,3078.09,3082.92
2025-04-10 01:00:00,3080.05,3090.05,3071.34,3080.15
2025-04-10 02:00:00,3080.15,3089.09,3079.68,3086.7
2025-04-10 03:00:00,3086.7,3101.34,3081.31,3097.13
2025-04-10 04:00:00,3097.1,3100.72,3078.52,3094.21
2025-04-10 05:00:00,3094.21,3120.42,3094.0,3119.31
2025-04-10 06:00:00,3119.36,3131.9,3115.35,3125.24
2025-04-10 07:00:00,3125.26,3129.37,3121.15,3125.4
2025-04-10 08:00:00,3125.4,3132.58,3112.8,3122.35
2025-04-10 09:00:00,3122.35,3126.46,3118.95,3122.21
2025-04-10 10:00:00,3122.21,3123.63,3106.65,3108.82
2025-04-10 11:00:00,3108.81,3115.75,3104.67,3105.04
2025-04-10 12:00:00,3105.04,3118.04,3103.32,3116.64
2025-04-10 13:00:00,3116.66,3122.54,3114.41,3119.7
2025-04-10 14:00:00,3119.69,3125.79,3113.22,3124.72
2025-04-10 15:00:00,3124.72,3134.15,3116.31,3123.05
2025-04-10 16:00:00,3123.05,3136.64,3116.17,3116.96
2025-04-10 17:00:00,3117.02,3154.86,3116.89,3154.51
2025-04-10 18:00:00,3154.76,3175.08,3154.51,3158.07
2025-04-10 19:00:00,3158.06,3167.29,3154.05,3158.54
2025-04-10 20:00:00,3158.53,3165.65,3151.59,3162.77
2025-04-10 21:00:00,3162.77,3175.66,3158.13,3173.45
2025-04-10 22:00:00,3173.44,3176.38,3167.98,3171.0
2025-04-10 23:00:00,3170.97,3176.5,3168.5,3175.59
2025-04-11 01:00:00,3175.33,3190.26,3175.33,3188.97
2025-04-11 02:00:00,3189.08,3191.39,3183.15,3189.02
2025-04-11 03:00:00,3189.02,3217.99,3185.04,3205.69
2025-04-11 04:00:00,3205.62,3219.59,3201.18,3207.22
2025-04-11 05:00:00,3207.25,3219.85,3206.05,3217.46
2025-04-11 06:00:00,3217.46,3220.08,3214.19,3217.82
2025-04-11 07:00:00,3217.8,3218.13,3208.46,3208.51
2025-04-11 08:00:00,3208.51,3219.26,3187.22,3195.98
2025-04-11 09:00:00,3195.93,3209.69,3190.27,3196.74
2025-04-11 10:00:00,3196.7,3213.06,3193.92,3212.42
2025-04-11 11:00:00,3212.43,3227.39,3208.59,3216.02
2025-04-11 12:00:00,3216.01,3230.22,3211.87,3227.76
2025-04-11 13:00:00,3227.75,3237.78,3210.14,3212.48
2025-04-11 14:00:00,3212.47,3224.88,3211.41,3213.48
2025-04-11 15:00:00,3213.51,3234.15,3211.2,3233.62
2025-04-11 16:00:00,3233.62,3244.31,3219.67,3223.74
2025-04-11 17:00:00,3223.79,3237.81,3223.0,3230.29
2025-04-11 18:00:00,3230.23,3242.0,3229.53,3240.56
2025-04-11 19:00:00,3240.54,3245.38,3219.75,3223.21
2025-04-11 20:00:00,3223.22,3235.61,3223.22,3234.01
2025-04-11 21:00:00,3233.96,3238.39,3231.23,3235.81
2025-04-11 22:00:00,3235.78,3235.78,3227.36,3230.99
2025-04-11 23:00:00,3230.98,3238.21,3230.84,3238.08
2025-04-14 01:00:00,3222.28,3224.71,3213.48,3221.39
2025-04-14 02:00:00,3221.42,3224.58,3216.94,3223.89
2025-04-14 03:00:00,3223.84,3227.42,3219.26,3220.88
2025-04-14 04:00:00,3220.9,3243.61,3215.36,3239.82
2025-04-14 05:00:00,3239.82,3245.71,3229.6,3232.03
2025-04-14 06:00:00,3232.03,3234.64,3227.0,3232.4
2025-04-14 07:00:00,3232.4,3235.81,3226.19,3227.38
2025-04-14 08:00:00,3227.38,3236.09,3221.45,3234.47
2025-04-14 09:00:00,3234.4,3238.17,3228.95,3231.05
2025-04-14 10:00:00,3231.05,3233.73,3224.72,3228.01
2025-04-14 11:00:00,3227.99,3230.12,3216.52,3227.03
2025-04-14 12:00:00,3227.03,3231.69,3220.79,3224.01
2025-04-14 13:00:00,3223.99,3224.78,3206.35,3215.38
2025-04-14 14:00:00,3215.38,3225.83,3213.96,3223.39
2025-04-14 15:00:00,3223.39,3227.78,3200.72,3206.81
2025-04-14 16:00:00,3206.78,3210.7,3193.63,3204.7
2025-04-14 17:00:00,3204.53,3215.66,3195.36,3211.16
2025-04-14 18:00:00,3211.14,3211.19,3196.36,3198.06
2025-04-14 19:00:00,3198.15,3208.33,3197.77,3207.56
2025-04-14 20:00:00,3207.59,3216.43,3207.15,3214.09
2025-04-14 21:00:00,3214.11,3214.88,3201.32,3208.14
2025-04-14 22:00:00,3208.14,3213.1,3207.81,3212.75
2025-04-14 23:00:00,3212.83,3213.81,3207.39,3210.68
2025-04-15 01:00:00,3212.58,3215.25,3210.89,3212.25
2025-04-15 02:00:00,3212.25,3214.12,3210.49,3212.68
2025-04-15 03:00:00,3212.68,3215.3,3210.85,3211.95
2025-04-15 04:00:00,3211.95,3226.02,3210.08,3223.76
2025-04-15 05:00:00,3223.77,3225.09,3218.73,3224.51
2025-04-15 06:00:00,3224.37,3229.07,3223.24,3228.41
2025-04-15 07:00:00,3228.42,3232.71,3226.86,3231.91
2025-04-15 08:00:00,3231.88,3232.17,3220.78,3224.65
2025-04-15 09:00:00,3224.66,3228.78,3223.19,3225.17
2025-04-15 10:00:00,3225.16,3226.59,3217.36,3225.69
2025-04-15 11:00:00,3225.69,3232.16,3224.38,3227.74
2025-04-15 12:00:00,3227.74,3230.12,3221.11,3222.56
2025-04-15 13:00:00,3222.56,3226.96,3219.6,3220.21
2025-04-15 14:00:00,3220.21,3224.18,3216.78,3220.18
2025-04-15 15:00:00,3220.17,3226.14,3214.34,3221.53
2025-04-15 16:00:00,3221.53,3226.35,3211.65,3213.06
2025-04-15 17:00:00,3213.06,3226.89,3213.02,3222.69
2025-04-15 18:00:00,3222.69,3224.2,3216.92,3221.33
2025-04-15 19:00:00,3221.33,3223.38,3219.56,3221.39
2025-04-15 20:00:00,3221.39,3230.76,3220.35,3227.99
2025-04-15 21:00:00,3227.99,3229.74,3225.69,3229.19
2025-04-15 22:00:00,3229.19,3231.9,3226.28,3229.86
2025-04-15 23:00:00,3229.89,3233.66,3226.51,3229.54
2025-04-16 01:00:00,3230.87,3242.18,3230.77,3241.44
2025-04-16 02:00:00,3241.44,3251.86,3238.37,3251.86
2025-04-16 03:00:00,3251.86,3268.04,3251.69,3264.51
2025-04-16 04:00:00,3264.51,3275.02,3255.97,3270.22
2025-04-16 05:00:00,3270.22,3275.4,3266.93,3267.76
2025-04-16 06:00:00,3267.76,3281.74,3266.27,3281.48
2025-04-16 07:00:00,3281.48,3287.62,3269.38,3283.71
2025-04-16 08:00:00,3283.74,3291.88,3283.68,3289.79
2025-04-16 09:00:00,3289.78,3295.1,3285.99,3291.78
2025-04-16 10:00:00,3291.78,3300.7,3291.4,3300.46
2025-04-16 11:00:00,3300.46,3317.86,3288.58,3306.99
2025-04-16 12:00:00,3306.99,3310.94,3300.08,3303.57
2025-04-16 13:00:00,3303.57,3306.95,3299.73,3304.16
2025-04-16 14:00:00,3304.16,3313.73,3293.1,3306.86
2025-04-16 15:00:00,3306.86,3313.44,3302.49,3307.25
2025-04-16 16:00:00,3307.25,3316.5,3296.85,3311.59
2025-04-16 17:00:00,3311.59,3319.45,3306.21,3308.55
2025-04-16 18:00:00,3308.55,3328.15,3305.26,3325.41
2025-04-16 19:00:00,3325.41,3333.09,3321.45,3327.32
2025-04-16 20:00:00,3327.34,3332.82,3324.35,3327.58
2025-04-16 21:00:00,3328.08,3340.73,3326.47,3338.34
2025-04-16 22:00:00,3338.34,3342.5,3335.95,3336.67
2025-04-16 23:00:00,3336.68,3343.06,3334.5,3342.98
2025-04-17 01:00:00,3348.5,3357.75,3348.5,3351.04
2025-04-17 02:00:00,3351.03,3353.51,3347.03,3350.18
2025-04-17 03:00:00,3350.13,3351.37,3342.01,3345.36
2025-04-17 04:00:00,3345.34,3356.34,3320.77,3323.97
2025-04-17 05:00:00,3323.97,3340.7,3321.09,3340.44
2025-04-17 06:00:00,3340.44,3344.63,3337.42,3344.58
2025-04-17 07:00:00,3344.58,3344.58,3337.92,3341.59
2025-04-17 08:00:00,3341.59,3345.54,3328.39,3329.39
2025-04-17 09:00:00,3329.39,3333.08,3325.19,3328.89
2025-04-17 10:00:00,3328.86,3330.12,3314.26,3323.47
2025-04-17 11:00:00,3323.48,3324.95,3312.72,3324.3
2025-04-17 12:00:00,3324.3,3326.95,3320.69,3321.6
2025-04-17 13:00:00,3321.6,3333.86,3321.16,3327.64
2025-04-17 14:00:00,3327.64,3332.5,3322.37,3327.49
2025-04-17 15:00:00,3327.52,3342.51,3322.28,3328.16
2025-04-17 16:00:00,3328.21,3332.08,3312.02,3315.2
2025-04-17 17:00:00,3315.27,3315.28,3283.96,3291.3
2025-04-17 18:00:00,3291.34,3304.89,3290.7,3296.38
2025-04-17 19:00:00,3296.38,3318.84,3294.93,3316.14
2025-04-17 20:00:00,3316.15,3322.6,3314.31,3319.05
2025-04-17 21:00:00,3319.06,3320.95,3314.24,3316.43
2025-04-17 22:00:00,3316.43,3321.97,3311.05,3320.79
2025-04-17 23:00:00,3320.79,3328.9,3318.04,3327.34
2025-04-18 01:00:00,3327.33,3327.33,3327.33,3327.33
2025-04-21 01:00:00,3331.95,3353.13,3331.31,3346.12
2025-04-21 02:00:00,3346.12,3351.9,3343.39,3348.21
2025-04-21 03:00:00,3348.21,3370.6,3347.53,3368.79
2025-04-21 04:00:00,3368.79,3378.49,3367.28,3377.62
2025-04-21 05:00:00,3377.63,3385.08,3374.17,3384.84
2025-04-21 06:00:00,3384.84,3385.31,3378.34,3382.49
2025-04-21 07:00:00,3382.49,3382.5,3369.5,3376.43
2025-04-21 08:00:00,3376.43,3385.93,3375.85,3385.54
2025-04-21 09:00:00,3385.44,3393.21,3382.49,3392.43
2025-04-21 10:00:00,3392.23,3396.09,3381.84,3385.15
2025-04-21 11:00:00,3385.15,3394.37,3383.76,3392.79
2025-04-21 12:00:00,3392.79,3397.17,3390.92,3395.0
2025-04-21 13:00:00,3395.0,3397.8,3392.12,3395.03
2025-04-21 14:00:00,3395.03,3405.91,3386.44,3404.5
2025-04-21 15:00:00,3404.5,3415.75,3397.97,3414.9
2025-04-21 16:00:00,3414.86,3426.87,3405.14,3420.43
2025-04-21 17:00:00,3420.4,3430.29,3408.89,3416.84
2025-04-21 18:00:00,3416.84,3426.21,3407.68,3423.05
2025-04-21 19:00:00,3423.05,3424.16,3410.19,3414.61
2025-04-21 20:00:00,3414.61,3422.91,3406.06,3422.54
2025-04-21 21:00:00,3422.54,3426.69,3417.76,3426.43
2025-04-21 22:00:00,3426.43,3430.56,3417.5,3423.51
2025-04-21 23:00:00,3423.51,3427.17,3419.73,3424.42
2025-04-22 01:00:00,3427.94,3436.03,3427.89,3431.04
2025-04-22 02:00:00,3431.04,3444.55,3429.41,3434.52
2025-04-22 03:00:00,3434.47,3435.4,3412.26,3425.48
2025-04-22 04:00:00,3425.47,3455.08,3421.61,3453.03
2025-04-22 05:00:00,3453.04,3476.03,3442.43,3473.05
2025-04-22 06:00:00,3472.99,3494.83,3472.06,3487.87
2025-04-22 07:00:00,3487.87,3488.53,3479.65,3484.44
2025-04-22 08:00:00,3484.44,3495.65,3473.54,3494.4
2025-04-22 09:00:00,3494.55,3500.14,3475.26,3479.81
2025-04-22 10:00:00,3479.81,3480.71,3460.79,3468.62
2025-04-22 11:00:00,3468.75,3472.72,3443.1,3444.32
2025-04-22 12:00:00,3444.07,3458.81,3443.97,3454.66
2025-04-22 13:00:00,3454.66,3468.38,3451.42,3452.48
2025-04-22 14:00:00,3452.43,3461.35,3448.22,3456.79
2025-04-22 15:00:00,3456.79,3464.83,3424.24,3431.66
2025-04-22 16:00:00,3431.67,3449.72,3408.72,3418.66
2025-04-22 17:00:00,3418.66,3439.04,3418.08,3429.97
2025-04-22 18:00:00,3429.97,3433.19,3410.44,3417.66
2025-04-22 19:00:00,3417.66,3421.09,3372.17,3393.06
2025-04-22 20:00:00,3393.06,3410.34,3386.17,3401.85
2025-04-22 21:00:00,3401.85,3402.55,3373.22,3381.49
2025-04-22 22:00:00,3381.47,3385.82,3366.83,3374.54
2025-04-22 23:00:00,3374.78,3382.82,3373.53,3381.07
2025-04-23 01:00:00,3327.79,3347.03,3315.82,3327.92
2025-04-23 02:00:00,3328.02,3350.1,3326.97,3336.69
2025-04-23 03:00:00,3336.69,3371.25,3334.7,3367.97
2025-04-23 04:00:00,3367.97,3386.69,3358.89,3379.19
2025-04-23 05:00:00,3379.19,3379.98,3348.64,3354.19
2025-04-23 06:00:00,3354.19,3355.67,3329.23,3338.97
2025-04-23 07:00:00,3338.97,3347.22,3335.65,3346.79
2025-04-23 08:00:00,3346.79,3349.44,3315.87,3319.03
2025-04-23 09:00:00,3319.03,3325.99,3291.8,3300.84
2025-04-23 10:00:00,3300.84,3320.55,3300.81,3319.18
2025-04-23 11:00:00,3319.27,3321.62,3305.65,3321.62
2025-04-23 12:00:00,3321.62,3340.5,3317.32,3317.7
2025-04-23 13:00:00,3317.7,3336.42,3316.86,3330.08
2025-04-23 14:00:00,3330.08,3339.18,3321.82,3324.61
2025-04-23 15:00:00,3324.61,3333.41,3310.5,3310.65
2025-04-23 16:00:00,3310.71,3313.78,3271.17,3276.88
2025-04-23 17:00:00,3276.84,3296.4,3260.16,3287.42
2025-04-23 18:00:00,3287.42,3294.39,3269.12,3280.39
2025-04-23 19:00:00,3280.39,3305.76,3279.22,3295.13
2025-04-23 20:00:00,3295.04,3301.57,3277.85,3281.39
2025-04-23 21:00:00,3281.39,3286.98,3277.93,3282.85
2025-04-23 22:00:00,3282.85,3297.22,3282.67,3293.9
2025-04-23 23:00:00,3293.95,3295.79,3283.94,3288.38
2025-04-24 01:00:00,3305.84,3315.97,3305.27,3309.08
2025-04-24 02:00:00,3309.08,3316.81,3308.28,3316.4
2025-04-24 03:00:00,3316.4,3339.09,3313.31,3331.68
2025-04-24 04:00:00,3331.65,3367.57,3330.67,3357.43
2025-04-24 05:00:00,3357.43,3363.37,3335.78,3342.03
2025-04-24 06:00:00,3342.02,3342.61,3320.6,3327.04
2025-04-24 07:00:00,3327.04,3331.83,3325.89,3326.13
2025-04-24 08:00:00,3326.13,3335.56,3320.54,3323.74
2025-04-24 09:00:00,3323.74,3328.17,3314.78,3324.56
2025-04-24 10:00:00,3324.52,3339.86,3323.2,3333.72
2025-04-24 11:00:00,3333.72,3341.59,3327.37,3336.12
2025-04-24 12:00:00,3336.12,3342.79,3325.44,3335.82
2025-04-24 13:00:00,3335.82,3336.7,3325.72,3330.12
2025-04-24 14:00:00,3330.12,3344.04,3329.73,3336.95
2025-04-24 15:00:00,3336.95,3344.73,3335.51,3335.89
2025-04-24 16:00:00,3335.92,3336.25,3312.67,3315.4
2025-04-24 17:00:00,3315.4,3330.48,3306.69,3327.53
2025-04-24 18:00:00,3327.52,3330.55,3319.58,3329.47
2025-04-24 19:00:00,3329.52,3335.45,3322.49,3331.66
2025-04-24 20:00:00,3331.66,3338.7,3330.02,3336.78
2025-04-24 21:00:00,3336.78,3340.31,3333.67,3334.81
2025-04-24 22:00:00,3334.84,3347.01,3333.47,3342.27
2025-04-24 23:00:00,3342.27,3349.96,3338.21,3348.73
2025-04-25 01:00:00,3348.79,3370.8,3348.79,3367.04
2025-04-25 02:00:00,3367.04,3368.13,3346.97,3348.91
2025-04-25 03:00:00,3348.91,3361.36,3347.34,3357.72
2025-04-25 04:00:00,3357.71,3363.14,3342.87,3345.65
2025-04-25 05:00:00,3345.65,3353.34,3344.61,3348.69
2025-04-25 06:00:00,3348.69,3354.09,3322.6,3323.53
2025-04-25 07:00:00,3323.6,3327.77,3316.44,3324.79
2025-04-25 08:00:00,3324.79,3327.19,3287.18,3294.65
2025-04-25 09:00:00,3294.26,3306.38,3287.69,3304.51
2025-04-25 10:00:00,3304.52,3314.56,3303.2,3307.39
2025-04-25 11:00:00,3307.42,3307.94,3292.04,3303.91
2025-04-25 12:00:00,3303.91,3308.94,3292.05,3292.17
2025-04-25 13:00:00,3292.16,3306.39,3292.06,3298.02
2025-04-25 14:00:00,3298.02,3300.97,3288.02,3293.52
2025-04-25 15:00:00,3293.51,3303.11,3291.16,3292.64
2025-04-25 16:00:00,3292.66,3292.82,3265.2,3280.89
2025-04-25 17:00:00,3280.88,3287.23,3274.71,3278.0
2025-04-25 18:00:00,3277.99,3285.6,3270.2,3282.97
2025-04-25 19:00:00,3282.97,3287.54,3280.4,3285.37
2025-04-25 20:00:00,3285.34,3295.16,3281.86,3293.27
2025-04-25 21:00:00,3293.36,3297.04,3288.33,3288.45
2025-04-25 22:00:00,3288.44,3312.51,3287.86,3304.83
2025-04-25 23:00:00,3304.84,3316.44,3304.81,3316.44
2025-04-28 01:00:00,3325.83,3330.33,3309.13,3310.68
2025-04-28 02:00:00,3310.68,3318.12,3298.62,3302.71
2025-04-28 03:00:00,3302.71,3315.95,3301.69,3314.14
2025-04-28 04:00:00,3314.14,3315.11,3279.07,3280.95
2025-04-28 05:00:00,3280.96,3286.42,3267.98,3280.84
2025-04-28 06:00:00,3280.84,3295.16,3280.33,3290.9
2025-04-28 07:00:00,3290.9,3299.06,3288.63,3298.97
2025-04-28 08:00:00,3298.97,3301.04,3287.89,3295.1
2025-04-28 09:00:00,3295.14,3296.63,3281.86,3283.41
2025-04-28 10:00:00,3283.39,3292.52,3277.67,3287.38
2025-04-28 11:00:00,3287.4,3288.54,3279.24,3282.75
2025-04-28 12:00:00,3282.75,3287.38,3274.58,3274.58
2025-04-28 13:00:00,3274.56,3291.87,3273.28,3289.65
2025-04-28 14:00:00,3289.65,3297.24,3284.8,3294.18
2025-04-28 15:00:00,3294.22,3302.26,3292.79,3296.09
2025-04-28 16:00:00,3296.04,3301.14,3286.96,3293.23
2025-04-28 17:00:00,3293.21,3333.11,3293.16,3328.62
2025-04-28 18:00:00,3328.62,3335.97,3319.13,3325.13
2025-04-28 19:00:00,3325.13,3339.27,3324.65,3336.68
2025-04-28 20:00:00,3336.68,3340.04,3333.23,3335.42
2025-04-28 21:00:00,3335.42,3349.87,3333.88,3348.9
2025-04-28 22:00:00,3348.9,3353.04,3345.65,3352.21
2025-04-28 23:00:00,3352.22,3352.38,3342.43,3344.1
2025-04-29 01:00:00,3345.21,3345.36,3332.37,3338.03
2025-04-29 02:00:00,3338.03,3343.06,3333.81,3337.7
2025-04-29 03:00:00,3337.7,3339.11,3327.85,3329.95
2025-04-29 04:00:00,3329.95,3340.1,3322.83,3326.47
2025-04-29 05:00:00,3326.46,3333.75,3319.45,3320.73
2025-04-29 06:00:00,3320.73,3321.75,3308.13,3316.2
2025-04-29 07:00:00,3316.2,3318.15,3306.85,3309.24
2025-04-29 08:00:00,3309.24,3316.61,3305.12,3310.26
2025-04-29 09:00:00,3310.26,3324.02,3308.84,3318.77
2025-04-29 10:00:00,3318.77,3323.18,3312.37,3323.0
2025-04-29 11:00:00,3323.21,3324.92,3311.79,3311.9
2025-04-29 12:00:00,3311.9,3315.93,3308.68,3309.23
2025-04-29 13:00:00,3309.2,3315.64,3306.23,3312.9
2025-04-29 14:00:00,3312.97,3316.04,3307.94,3309.38
2025-04-29 15:00:00,3309.35,3314.67,3300.46,3313.01
2025-04-29 16:00:00,3313.02,3321.29,3299.85,3307.01
2025-04-29 17:00:00,3307.0,3317.8,3300.34,3314.13
2025-04-29 18:00:00,3314.09,3315.58,3305.35,3312.44
2025-04-29 19:00:00,3312.44,3329.9,3312.28,3328.69
2025-04-29 20:00:00,3328.68,3329.66,3314.25,3314.36
2025-04-29 21:00:00,3314.36,3320.03,3313.32,3319.99
2025-04-29 22:00:00,3319.99,3325.06,3317.9,3320.68
2025-04-29 23:00:00,3320.69,3323.53,3316.78,3317.23
2025-04-30 01:00:00,3317.56,3323.14,3315.96,3319.07
2025-04-30 02:00:00,3319.07,3319.32,3310.97,3317.09
2025-04-30 03:00:00,3317.09,3328.02,3311.53,3313.12
2025-04-30 04:00:00,3313.12,3322.73,3307.79,3308.22
2025-04-30 05:00:00,3308.22,3313.2,3305.08,3306.69
2025-04-30 06:00:00,3306.69,3311.38,3303.74,3304.79
2025-04-30 07:00:00,3304.78,3308.97,3301.39,3308.05
2025-04-30 08:00:00,3308.06,3314.67,3307.62,3309.63
2025-04-30 09:00:00,3309.63,3311.23,3304.92,3305.9
2025-04-30 10:00:00,3305.9,3314.75,3303.16,3307.22
2025-04-30 11:00:00,3307.2,3307.68,3280.33,3284.52
2025-04-30 12:00:00,3284.52,3286.92,3275.08,3276.0
2025-04-30 13:00:00,3275.99,3280.88,3271.9,3272.59
2025-04-30 14:00:00,3272.59,3281.69,3268.4,3272.4
2025-04-30 15:00:00,3272.41,3304.79,3266.94,3298.61
2025-04-30 16:00:00,3298.58,3319.77,3296.25,3309.13
2025-04-30 17:00:00,3309.14,3313.76,3292.79,3309.89
2025-04-30 18:00:00,3310.01,3314.66,3299.05,3308.07
2025-04-30 19:00:00,3308.07,3314.27,3307.1,3310.75
2025-04-30 20:00:00,3310.83,3313.54,3304.98,3305.26
2025-04-30 21:00:00,3305.27,3307.8,3300.49,3301.75
2025-04-30 22:00:00,3301.75,3305.8,3292.2,3294.86
2025-04-30 23:00:00,3294.98,3298.0,3283.26,3288.61
2025-05-01 01:00:00,3285.65,3288.06,3271.36,3274.0
2025-05-01 02:00:00,3274.0,3285.38,3269.87,3272.88
2025-05-01 03:00:00,3272.88,3276.33,3241.26,3246.45
2025-05-01 04:00:00,3246.45,3251.49,3234.59,3238.98
2025-05-01 05:00:00,3238.96,3251.65,3235.2,3241.59
2025-05-01 06:00:00,3241.59,3242.68,3228.94,3229.5
2025-05-01 07:00:00,3229.51,3232.05,3221.24,3226.67
2025-05-01 08:00:00,3226.67,3238.91,3223.41,3236.76
2025-05-01 09:00:00,3236.76,3243.16,3233.86,3235.7
2025-05-01 10:00:00,3235.7,3236.94,3226.01,3230.2
2025-05-01 11:00:00,3230.2,3236.81,3230.09,3235.18
2025-05-01 12:00:00,3235.18,3236.17,3215.97,3218.67
2025-05-01 13:00:00,3218.68,3225.4,3213.59,3222.96
2025-05-01 14:00:00,3223.06,3227.27,3203.46,3205.53
2025-05-01 15:00:00,3205.48,3232.73,3201.95,3226.79
2025-05-01 16:00:00,3226.92,3233.35,3218.8,3224.52
2025-05-01 17:00:00,3224.69,3231.56,3214.32,3219.13
2025-05-01 18:00:00,3219.13,3221.77,3204.96,3216.53
2025-05-01 19:00:00,3216.52,3220.58,3208.99,3219.52
2025-05-01 20:00:00,3219.52,3220.86,3209.85,3214.5
2025-05-01 21:00:00,3214.49,3226.83,3212.79,3224.03
2025-05-01 22:00:00,3224.03,3229.81,3223.97,3228.26
2025-05-01 23:00:00,3228.3,3239.82,3228.12,3237.91
2025-05-02 01:00:00,3239.15,3243.35,3232.55,3237.92
2025-05-02 02:00:00,3237.92,3241.51,3234.85,3237.31
2025-05-02 03:00:00,3237.31,3244.26,3227.5,3231.3
2025-05-02 04:00:00,3231.3,3237.5,3231.3,3236.41
2025-05-02 05:00:00,3236.48,3249.22,3235.86,3247.96
2025-05-02 06:00:00,3247.96,3258.77,3245.87,3254.94
2025-05-02 07:00:00,3254.94,3257.5,3250.51,3251.76
2025-05-02 08:00:00,3251.76,3257.05,3249.55,3251.89
2025-05-02 09:00:00,3251.89,3262.44,3246.36,3252.93
2025-05-02 10:00:00,3252.93,3263.38,3251.65,3259.0
2025-05-02 11:00:00,3259.0,3261.63,3255.35,3258.12
2025-05-02 12:00:00,3258.11,3267.11,3255.09,3265.32
2025-05-02 13:00:00,3265.31,3265.74,3257.32,3259.49
2025-05-02 14:00:00,3259.51,3269.25,3258.16,3262.71
2025-05-02 15:00:00,3262.71,3264.97,3250.37,3250.44
2025-05-02 16:00:00,3250.4,3259.67,3239.46,3250.46
2025-05-02 17:00:00,3250.46,3264.54,3242.32,3262.85
2025-05-02 18:00:00,3262.85,3264.17,3230.31,3231.54
2025-05-02 19:00:00,3231.58,3236.26,3222.78,3224.95
2025-05-02 20:00:00,3224.95,3239.87,3223.57,3231.45
2025-05-02 21:00:00,3231.45,3232.44,3224.33,3226.41
2025-05-02 22:00:00,3226.44,3234.54,3226.44,3233.6
2025-05-02 23:00:00,3233.8,3241.25,3232.76,3240.62
2025-05-05 01:00:00,3238.33,3244.39,3237.71,3239.62
2025-05-05 02:00:00,3239.62,3252.37,3238.92,3248.09
2025-05-05 03:00:00,3248.12,3248.72,3241.26,3246.74
2025-05-05 04:00:00,3246.74,3271.02,3246.59,3264.76
2025-05-05 05:00:00,3264.76,3272.42,3259.59,3270.14
2025-05-05 06:00:00,3270.14,3271.34,3253.03,3254.56
2025-05-05 07:00:00,3254.57,3259.49,3253.75,3256.49
2025-05-05 08:00:00,3256.49,3262.01,3254.08,3259.72
2025-05-05 09:00:00,3259.72,3265.68,3256.86,3262.07
2025-05-05 10:00:00,3262.13,3267.78,3258.78,3264.89
2025-05-05 11:00:00,3264.88,3282.94,3263.14,3282.36
2025-05-05 12:00:00,3282.35,3309.06,3282.29,3308.72
2025-05-05 13:00:00,3308.81,3318.62,3308.54,3313.33
2025-05-05 14:00:00,3313.33,3318.98,3311.32,3313.0
2025-05-05 15:00:00,3313.0,3322.58,3312.9,3319.63
2025-05-05 16:00:00,3319.62,3321.0,3311.93,3315.22
2025-05-05 17:00:00,3315.4,3328.69,3309.97,3312.73
2025-05-05 18:00:00,3312.71,3317.87,3309.07,3311.98
2025-05-05 19:00:00,3312.01,3313.63,3305.64,3309.79
2025-05-05 20:00:00,3309.79,3318.33,3309.2,3317.16
2025-05-05 21:00:00,3317.17,3323.67,3313.93,3323.3
2025-05-05 22:00:00,3323.3,3337.64,3322.89,3329.29
2025-05-05 23:00:00,3329.36,3334.67,3328.7,3333.98
2025-05-06 01:00:00,3333.36,3333.96,3327.44,3330.74
2025-05-06 02:00:00,3330.75,3335.24,3328.93,3334.05
2025-05-06 03:00:00,3334.07,3334.37,3323.3,3329.66
2025-05-06 04:00:00,3329.66,3381.72,3329.66,3379.71
2025-05-06 05:00:00,3379.71,3387.15,3356.47,3358.46
2025-05-06 06:00:00,3358.46,3372.53,3352.38,3360.53
2025-05-06 07:00:00,3360.53,3366.17,3356.23,3363.18
2025-05-06 08:00:00,3363.18,3364.0,3350.33,3362.1
2025-05-06 09:00:00,3362.1,3367.99,3358.77,3364.81
2025-05-06 10:00:00,3364.79,3379.53,3364.79,3371.26
2025-05-06 11:00:00,3371.26,3383.16,3368.6,3377.22
2025-05-06 12:00:00,3377.33,3383.22,3371.45,3383.17
2025-05-06 13:00:00,3383.18,3383.8,3376.72,3383.59
2025-05-06 14:00:00,3383.59,3385.01,3373.75,3379.2
2025-05-06 15:00:00,3379.2,3392.36,3373.18,3391.09
2025-05-06 16:00:00,3391.16,3397.55,3387.85,3391.83
2025-05-06 17:00:00,3391.8,3398.07,3378.25,3386.3
2025-05-06 18:00:00,3386.27,3399.83,3385.34,3395.14
2025-05-06 19:00:00,3395.14,3411.68,3394.79,3408.92
2025-05-06 20:00:00,3408.91,3417.86,3407.46,3414.01
2025-05-06 21:00:00,3414.07,3417.47,3410.24,3415.7
2025-05-06 22:00:00,3415.7,3424.11,3412.68,3423.17
2025-05-06 23:00:00,3423.15,3434.99,3419.2,3430.5
2025-05-07 01:00:00,3416.73,3421.8,3380.5,3381.63
2025-05-07 02:00:00,3381.63,3404.79,3376.86,3400.78
2025-05-07 03:00:00,3400.8,3401.44,3360.95,3379.73
2025-05-07 04:00:00,3379.57,3385.19,3360.21,3374.73
2025-05-07 05:00:00,3374.73,3394.15,3372.07,3390.72
2025-05-07 06:00:00,3390.69,3392.61,3370.15,3375.46
2025-05-07 07:00:00,3375.46,3387.49,3374.96,3382.26
2025-05-07 08:00:00,3382.26,3389.39,3378.7,3388.0
2025-05-07 09:00:00,3388.09,3395.9,3387.34,3392.47
2025-05-07 10:00:00,3392.29,3397.44,3383.8,3387.96
2025-05-07 11:00:00,3387.98,3388.73,3378.33,3382.78
2025-05-07 12:00:00,3382.78,3385.19,3369.8,3370.02
2025-05-07 13:00:00,3369.99,3393.39,3369.25,3391.35
2025-05-07 14:00:00,3391.37,3391.55,3383.71,3387.12
2025-05-07 15:00:00,3386.99,3393.91,3384.15,3390.86
2025-05-07 16:00:00,3390.85,3398.05,3381.44,3394.37
2025-05-07 17:00:00,3394.34,3394.75,3375.78,3385.87
2025-05-07 18:00:00,3385.87,3389.55,3382.0,3385.22
2025-05-07 19:00:00,3385.19,3389.78,3378.87,3386.89
2025-05-07 20:00:00,3386.89,3389.85,3383.84,3385.26
2025-05-07 21:00:00,3385.26,3397.85,3376.01,3384.61
2025-05-07 22:00:00,3384.62,3386.97,3363.86,3372.04
2025-05-07 23:00:00,3372.06,3374.63,3363.8,3364.56
2025-05-08 01:00:00,3372.62,3373.86,3366.86,3369.92
2025-05-08 02:00:00,3369.92,3377.21,3369.75,3376.44
2025-05-08 03:00:00,3376.5,3386.95,3373.71,3380.4
2025-05-08 04:00:00,3380.4,3409.77,3379.02,3408.73
2025-05-08 05:00:00,3408.68,3414.72,3402.1,3402.1
2025-05-08 06:00:00,3402.1,3408.44,3395.75,3396.8
2025-05-08 07:00:00,3396.77,3399.28,3382.02,3382.1
2025-05-08 08:00:00,3382.11,3384.38,3354.91,3355.49
2025-05-08 09:00:00,3355.55,3361.98,3320.34,3329.98
2025-05-08 10:00:00,3329.8,3349.37,3327.47,3343.05
2025-05-08 11:00:00,3343.15,3344.3,3337.22,3339.38
2025-05-08 12:00:00,3339.4,3344.34,3331.33,3332.01
2025-05-08 13:00:00,3332.02,3346.72,3330.48,3342.52
2025-05-08 14:00:00,3342.52,3345.48,3339.26,3344.42
2025-05-08 15:00:00,3344.43,3358.63,3343.17,3356.11
2025-05-08 16:00:00,3356.11,3369.47,3354.7,3356.05
2025-05-08 17:00:00,3356.04,3362.88,3350.9,3356.57
2025-05-08 18:00:00,3356.56,3360.08,3326.86,3330.51
2025-05-08 19:00:00,3330.43,3330.43,3304.51,3310.3
2025-05-08 20:00:00,3310.32,3311.23,3297.83,3308.29
2025-05-08 21:00:00,3308.27,3310.94,3305.68,3308.46
2025-05-08 22:00:00,3308.47,3310.01,3288.79,3306.36
2025-05-08 23:00:00,3306.35,3310.75,3303.91,3305.84
2025-05-09 01:00:00,3310.55,3323.96,3310.55,3323.88
2025-05-09 02:00:00,3323.73,3323.98,3312.16,3316.38
2025-05-09 03:00:00,3316.4,3323.19,3308.8,3322.28
2025-05-09 04:00:00,3322.26,3322.55,3286.8,3291.33
2025-05-09 05:00:00,3291.29,3308.76,3274.64,3308.35
2025-05-09 06:00:00,3308.29,3313.48,3299.68,3308.18
2025-05-09 07:00:00,3308.24,3327.48,3308.17,3324.61
2025-05-09 08:00:00,3324.62,3330.39,3313.0,3321.46
2025-05-09 09:00:00,3321.49,3326.76,3315.4,3325.44
2025-05-09 10:00:00,3325.41,3332.38,3322.5,3327.24
2025-05-09 11:00:00,3327.29,3328.97,3320.33,3328.55
2025-05-09 12:00:00,3328.56,3329.33,3323.48,3325.17
2025-05-09 13:00:00,3325.16,3329.83,3321.99,3323.49
2025-05-09 14:00:00,3323.48,3338.28,3323.39,3333.07
2025-05-09 15:00:00,3333.13,3335.67,3329.08,3333.59
2025-05-09 16:00:00,3333.58,3340.36,3328.82,3330.78
2025-05-09 17:00:00,3330.77,3341.24,3320.36,3337.18
2025-05-09 18:00:00,3337.14,3346.15,3336.17,3345.09
2025-05-09 19:00:00,3345.09,3347.49,3336.37,3336.87
2025-05-09 20:00:00,3336.83,3342.57,3336.13,3340.98
2025-05-09 21:00:00,3340.98,3342.97,3336.28,3338.77
2025-05-09 22:00:00,3338.8,3339.9,3325.55,3328.86
2025-05-09 23:00:00,3328.84,3330.3,3325.2,3325.57
2025-05-12 01:00:00,3282.19,3292.31,3266.54,3272.65
2025-05-12 02:00:00,3272.61,3289.02,3265.9,3287.7
2025-05-12 03:00:00,3287.69,3290.14,3272.11,3279.2
2025-05-12 04:00:00,3279.22,3282.22,3258.95,3272.02
2025-05-12 05:00:00,3272.02,3279.87,3269.51,3272.21
2025-05-12 06:00:00,3272.17,3284.82,3270.59,3283.4
2025-05-12 07:00:00,3283.4,3283.73,3275.7,3278.92
2025-05-12 08:00:00,3278.91,3279.73,3268.59,3276.14
2025-05-12 09:00:00,3276.13,3281.71,3273.12,3277.5
2025-05-12 10:00:00,3277.29,3277.75,3216.09,3222.72
2025-05-12 11:00:00,3222.73,3234.39,3220.7,3231.4
2025-05-12 12:00:00,3231.39,3231.39,3213.1,3215.24
2025-05-12 13:00:00,3215.18,3219.53,3207.84,3208.11
2025-05-12 14:00:00,3208.1,3229.46,3207.79,3224.88
2025-05-12 15:00:00,3224.83,3234.39,3220.37,3233.72
2025-05-12 16:00:00,3233.68,3248.64,3231.88,3240.99
2025-05-12 17:00:00,3240.78,3247.78,3233.5,3237.64
2025-05-12 18:00:00,3237.66,3243.92,3232.67,3239.28
2025-05-12 19:00:00,3239.27,3240.07,3223.2,3224.23
2025-05-12 20:00:00,3224.24,3227.61,3221.22,3223.23
2025-05-12 21:00:00,3223.25,3230.07,3220.43,3229.71
2025-05-12 22:00:00,3229.72,3238.85,3228.93,3235.42
2025-05-12 23:00:00,3235.38,3238.46,3232.6,3234.89
2025-05-13 01:00:00,3237.61,3238.1,3229.83,3233.92
2025-05-13 02:00:00,3233.9,3240.05,3233.52,3236.85
2025-05-13 03:00:00,3236.85,3243.29,3234.0,3239.92
2025-05-13 04:00:00,3239.95,3243.44,3216.01,3225.24
2025-05-13 05:00:00,3225.31,3241.26,3223.3,3228.97
2025-05-13 06:00:00,3228.94,3238.41,3228.26,3236.7
2025-05-13 07:00:00,3236.7,3253.46,3234.94,3252.6
2025-05-13 08:00:00,3252.59,3260.7,3251.19,3256.51
2025-05-13 09:00:00,3256.57,3265.62,3247.27,3262.01
2025-05-13 10:00:00,3262.16,3265.01,3254.37,3259.12
2025-05-13 11:00:00,3259.25,3261.27,3250.42,3255.61
2025-05-13 12:00:00,3255.61,3256.63,3250.57,3253.42
2025-05-13 13:00:00,3253.41,3256.33,3251.24,3252.96
2025-05-13 14:00:00,3252.96,3258.65,3248.78,3249.22
2025-05-13 15:00:00,3249.1,3249.97,3237.36,3241.86
2025-05-13 16:00:00,3241.84,3246.9,3227.31,3227.6
2025-05-13 17:00:00,3227.61,3248.73,3225.53,3242.74
2025-05-13 18:00:00,3243.08,3255.9,3242.09,3253.37
2025-05-13 19:00:00,3253.38,3257.84,3248.79,3251.11
2025-05-13 20:00:00,3251.0,3252.81,3242.13,3247.14
2025-05-13 21:00:00,3247.12,3250.88,3245.75,3248.75
2025-05-13 22:00:00,3248.83,3251.17,3246.37,3249.45
2025-05-13 23:00:00,3249.45,3254.88,3248.18,3250.23
2025-05-14 01:00:00,3251.51,3254.64,3249.51,3254.6
2025-05-14 02:00:00,3254.51,3257.11,3252.18,3254.46
2025-05-14 03:00:00,3254.46,3254.7,3240.71,3243.81
2025-05-14 04:00:00,3243.81,3251.81,3237.27,3238.96
2025-05-14 05:00:00,3238.96,3241.53,3229.2,3232.86
2025-05-14 06:00:00,3232.84,3233.76,3226.3,3228.5
2025-05-14 07:00:00,3228.49,3230.47,3222.62,3224.0
2025-05-14 08:00:00,3224.0,3234.58,3221.65,3233.9
2025-05-14 09:00:00,3233.93,3236.81,3227.75,3228.74
2025-05-14 10:00:00,3228.76,3238.86,3224.26,3238.11
2025-05-14 11:00:00,3237.99,3243.77,3230.51,3232.56
2025-05-14 12:00:00,3232.5,3236.55,3229.17,3232.32
2025-05-14 13:00:00,3232.32,3236.48,3229.68,3235.6
2025-05-14 14:00:00,3235.61,3239.17,3219.58,3220.12
2025-05-14 15:00:00,3220.61,3222.56,3184.4,3184.9
2025-05-14 16:00:00,3185.32,3198.33,3174.9,3191.52
2025-05-14 17:00:00,3191.54,3194.23,3179.38,3181.85
2025-05-14 18:00:00,3181.81,3186.74,3179.13,3182.65
2025-05-14 19:00:00,3182.65,3190.92,3173.71,3188.51
2025-05-14 20:00:00,3188.51,3190.56,3180.98,3181.96
2025-05-14 21:00:00,3181.95,3183.06,3171.79,3171.96
2025-05-14 22:00:00,3171.96,3181.57,3168.12,3180.6
2025-05-14 23:00:00,3180.6,3183.27,3177.01,3177.53
2025-05-15 01:00:00,3181.06,3183.95,3180.24,3182.76
2025-05-15 02:00:00,3182.73,3187.39,3181.25,3186.08
2025-05-15 03:00:00,3186.08,3187.93,3180.26,3187.86
2025-05-15 04:00:00,3187.86,3192.72,3171.32,3172.43
2025-05-15 05:00:00,3172.43,3175.54,3150.11,3154.18
2025-05-15 06:00:00,3154.01,3157.04,3148.41,3150.61
2025-05-15 07:00:00,3150.53,3152.63,3135.59,3138.67
2025-05-15 08:00:00,3138.68,3143.12,3123.54,3128.95
2025-05-15 09:00:00,3128.98,3153.99,3120.83,3149.89
2025-05-15 10:00:00,3149.88,3152.08,3130.69,3142.32
2025-05-15 11:00:00,3142.22,3164.26,3139.14,3162.56
2025-05-15 12:00:00,3162.53,3171.62,3159.33,3165.31
2025-05-15 13:00:00,3165.31,3179.11,3164.16,3178.35
2025-05-15 14:00:00,3178.36,3180.27,3172.54,3179.22
2025-05-15 15:00:00,3179.11,3189.85,3177.57,3188.83
2025-05-15 16:00:00,3188.86,3199.84,3185.25,3192.31
2025-05-15 17:00:00,3192.24,3207.09,3190.56,3205.45
2025-05-15 18:00:00,3205.42,3220.05,3204.63,3219.74
2025-05-15 19:00:00,3219.81,3222.68,3215.91,3222.52
2025-05-15 20:00:00,3222.54,3229.31,3216.47,3221.2
2025-05-15 21:00:00,3221.27,3226.04,3219.85,3223.23
2025-05-15 22:00:00,3223.29,3232.69,3222.37,3231.91
2025-05-15 23:00:00,3231.96,3240.63,3231.09,3239.93
2025-05-16 01:00:00,3241.82,3252.2,3241.74,3251.24
2025-05-16 02:00:00,3251.29,3251.29,3236.54,3237.19
2025-05-16 03:00:00,3237.19,3244.05,3232.06,3243.21
2025-05-16 04:00:00,3243.2,3244.54,3214.97,3222.31
2025-05-16 05:00:00,3222.23,3227.46,3212.72,3215.5
2025-05-16 06:00:00,3215.49,3217.41,3206.54,3211.98
2025-05-16 07:00:00,3211.96,3222.48,3211.76,3219.61
2025-05-16 08:00:00,3219.59,3222.32,3212.07,3218.63
2025-05-16 09:00:00,3218.6,3231.29,3212.98,3214.82
2025-05-16 10:00:00,3214.85,3218.02,3205.35,3207.63
2025-05-16 11:00:00,3207.57,3209.28,3195.67,3207.45
2025-05-16 12:00:00,3207.45,3212.95,3203.8,3209.2
2025-05-16 13:00:00,3209.24,3211.14,3169.07,3175.59
2025-05-16 14:00:00,3175.77,3179.23,3154.32,3163.17
2025-05-16 15:00:00,3163.3,3182.07,3154.73,3177.51
2025-05-16 16:00:00,3177.51,3186.63,3169.37,3180.58
2025-05-16 17:00:00,3180.52,3188.47,3166.06,3173.16
2025-05-16 18:00:00,3173.24,3185.13,3172.76,3183.54
2025-05-16 19:00:00,3183.55,3189.79,3180.51,3189.43
2025-05-16 20:00:00,3189.44,3192.23,3183.51,3189.48
2025-05-16 21:00:00,3189.58,3191.26,3184.81,3187.55
2025-05-16 22:00:00,3187.56,3195.76,3187.52,3192.66
2025-05-16 23:00:00,3192.63,3202.98,3192.18,3201.3
2025-05-19 01:00:00,3216.22,3240.83,3211.89,3239.2
2025-05-19 02:00:00,3239.2,3245.22,3226.78,3234.93
2025-05-19 03:00:00,3234.93,3249.76,3233.57,3246.5
2025-05-19 04:00:00,3246.49,3246.76,3214.66,3218.5
2025-05-19 05:00:00,3218.45,3230.01,3217.2,3228.63
2025-05-19 06:00:00,3228.64,3230.57,3208.07,3212.32
2025-05-19 07:00:00,3212.29,3218.13,3206.7,3215.95
2025-05-19 08:00:00,3215.96,3224.32,3215.0,3224.08
2025-05-19 09:00:00,3224.1,3231.66,3220.24,3224.19
2025-05-19 10:00:00,3224.24,3234.63,3224.14,3232.42
2025-05-19 11:00:00,3232.4,3244.92,3230.04,3244.47
2025-05-19 12:00:00,3244.7,3247.66,3233.67,3242.03
2025-05-19 13:00:00,3242.04,3245.27,3234.22,3241.77
2025-05-19 14:00:00,3241.77,3248.49,3239.22,3243.81
2025-05-19 15:00:00,3243.81,3244.45,3228.92,3229.31
2025-05-19 16:00:00,3229.27,3241.66,3224.68,3230.02
2025-05-19 17:00:00,3230.03,3236.09,3217.33,3233.97
2025-05-19 18:00:00,3233.97,3239.84,3229.68,3231.7
2025-05-19 19:00:00,3231.72,3234.25,3228.19,3231.86
2025-05-19 20:00:00,3231.86,3233.19,3225.6,3226.4
2025-05-19 21:00:00,3226.38,3235.14,3225.3,3233.59
2025-05-19 22:00:00,3233.59,3235.83,3231.61,3233.05
2025-05-19 23:00:00,3233.19,3233.73,3228.07,3230.24
2025-05-20 01:00:00,3228.09,3230.42,3224.69,3226.77
2025-05-20 02:00:00,3226.77,3227.44,3219.01,3222.52
2025-05-20 03:00:00,3222.62,3224.16,3214.26,3222.85
2025-05-20 04:00:00,3222.88,3232.81,3220.61,3221.17
2025-05-20 05:00:00,3221.24,3223.09,3206.33,3206.62
2025-05-20 06:00:00,3206.66,3214.23,3204.56,3211.53
2025-05-20 07:00:00,3211.5,3218.09,3211.28,3217.3
2025-05-20 08:00:00,3217.3,3219.82,3209.95,3213.9
2025-05-20 09:00:00,3213.9,3219.21,3208.54,3209.76
2025-05-20 10:00:00,3209.73,3225.47,3208.02,3222.9
2025-05-20 11:00:00,3222.8,3236.08,3218.27,3235.86
2025-05-20 12:00:00,3235.87,3239.43,3230.51,3236.43
2025-05-20 13:00:00,3236.4,3238.4,3231.96,3235.36
2025-05-20 14:00:00,3235.36,3241.7,3235.27,3241.24
2025-05-20 15:00:00,3241.16,3250.84,3234.46,3242.89
2025-05-20 16:00:00,3242.89,3261.9,3233.07,3261.27
2025-05-20 17:00:00,3261.45,3285.79,3260.65,3282.51
2025-05-20 18:00:00,3282.53,3283.57,3273.48,3277.29
2025-05-20 19:00:00,3277.26,3282.57,3275.34,3278.9
2025-05-20 20:00:00,3278.9,3288.01,3278.35,3286.51
2025-05-20 21:00:00,3286.56,3289.72,3284.19,3287.73
2025-05-20 22:00:00,3287.75,3295.23,3287.23,3294.09
2025-05-20 23:00:00,3294.11,3295.67,3289.2,3289.86
2025-05-21 01:00:00,3292.65,3304.03,3292.61,3296.8
2025-05-21 02:00:00,3296.8,3296.8,3288.62,3290.65
2025-05-21 03:00:00,3290.63,3304.13,3288.97,3303.48
2025-05-21 04:00:00,3303.47,3314.66,3285.38,3294.71
2025-05-21 05:00:00,3294.64,3305.17,3289.51,3301.76
2025-05-21 06:00:00,3301.76,3309.77,3299.23,3307.56
2025-05-21 07:00:00,3307.55,3308.22,3301.26,3302.16
2025-05-21 08:00:00,3302.07,3319.73,3298.48,3316.49
2025-05-21 09:00:00,3316.5,3320.59,3310.69,3320.08
2025-05-21 10:00:00,3320.07,3320.1,3307.79,3309.85
2025-05-21 11:00:00,3309.94,3312.29,3304.01,3308.4
2025-05-21 12:00:00,3308.45,3313.58,3307.05,3313.58
2025-05-21 13:00:00,3313.64,3318.33,3308.65,3311.86
2025-05-21 14:00:00,3312.02,3316.48,3306.59,3311.2
2025-05-21 15:00:00,3311.21,3312.71,3290.82,3302.75
2025-05-21 16:00:00,3302.79,3309.54,3295.49,3303.62
2025-05-21 17:00:00,3303.6,3307.78,3295.37,3304.44
2025-05-21 18:00:00,3304.45,3315.25,3303.65,3311.97
2025-05-21 19:00:00,3312.06,3314.72,3302.8,3303.16
2025-05-21 20:00:00,3303.14,3316.4,3302.88,3316.37
2025-05-21 21:00:00,3316.37,3316.45,3312.01,3314.47
2025-05-21 22:00:00,3314.44,3324.82,3314.43,3318.33
2025-05-21 23:00:00,3318.33,3319.84,3313.2,3315.32
2025-05-22 01:00:00,3319.33,3321.05,3315.63,3318.01
2025-05-22 02:00:00,3318.01,3324.21,3317.31,3320.1
2025-05-22 03:00:00,3320.09,3326.2,3319.5,3323.83
2025-05-22 04:00:00,3323.81,3342.98,3320.54,3338.03
2025-05-22 05:00:00,3338.06,3344.75,3336.57,3341.1
2025-05-22 06:00:00,3341.16,3345.4,3334.98,3335.39
2025-05-22 07:00:00,3335.39,3339.27,3332.78,3338.56
2025-05-22 08:00:00,3338.55,3339.56,3326.31,3332.37
2025-05-22 09:00:00,3332.38,3335.63,3325.43,3326.45
2025-05-22 10:00:00,3326.44,3331.26,3322.62,3327.74
2025-05-22 11:00:00,3327.72,3329.94,3310.23,3311.34
2025-05-22 12:00:00,3311.33,3313.92,3304.15,3304.7
2025-05-22 13:00:00,3304.73,3307.53,3288.56,3289.71
2025-05-22 14:00:00,3289.7,3314.76,3283.07,3314.61
2025-05-22 15:00:00,3314.55,3314.59,3300.91,3304.22
2025-05-22 16:00:00,3304.33,3315.87,3286.9,3287.66
2025-05-22 17:00:00,3287.65,3304.67,3279.21,3297.02
2025-05-22 18:00:00,3297.03,3298.79,3281.54,3294.76
2025-05-22 19:00:00,3294.73,3304.92,3291.15,3301.58
2025-05-22 20:00:00,3301.58,3301.77,3290.22,3296.61
2025-05-22 21:00:00,3296.6,3298.86,3292.44,3293.89
2025-05-22 22:00:00,3293.97,3297.23,3289.17,3290.32
2025-05-22 23:00:00,3290.38,3295.67,3289.69,3294.79
2025-05-23 01:00:00,3297.61,3299.41,3295.21,3297.86
2025-05-23 02:00:00,3297.86,3302.08,3297.49,3300.09
2025-05-23 03:00:00,3300.19,3308.86,3287.1,3300.97
2025-05-23 04:00:00,3300.97,3306.41,3295.93,3305.21
2025-05-23 05:00:00,3305.25,3305.36,3291.03,3296.95
2025-05-23 06:00:00,3296.96,3303.41,3296.55,3302.11
2025-05-23 07:00:00,3302.11,3316.28,3301.97,3313.69
2025-05-23 08:00:00,3313.68,3325.68,3312.62,3323.8
2025-05-23 09:00:00,3323.89,3332.09,3323.08,3331.09
2025-05-23 10:00:00,3331.07,3334.38,3326.7,3329.24
2025-05-23 11:00:00,3329.21,3329.42,3322.58,3326.42
2025-05-23 12:00:00,3326.41,3334.01,3324.92,3328.77
2025-05-23 13:00:00,3328.79,3331.97,3323.51,3328.67
2025-05-23 14:00:00,3328.66,3349.77,3324.54,3348.11
2025-05-23 15:00:00,3348.09,3360.46,3344.88,3357.19
2025-05-23 16:00:00,3356.98,3364.7,3337.28,3340.09
2025-05-23 17:00:00,3340.1,3359.66,3336.82,3359.33
2025-05-23 18:00:00,3359.33,3362.37,3352.21,3361.65
2025-05-23 19:00:00,3361.73,3364.49,3357.26,3359.05
2025-05-23 20:00:00,3359.04,3365.92,3356.41,3362.69
2025-05-23 21:00:00,3362.7,3365.87,3361.14,3362.07
2025-05-23 22:00:00,3362.06,3365.84,3358.34,3360.76
2025-05-23 23:00:00,3360.74,3361.71,3356.85,3360.25
2025-05-26 01:00:00,3352.27,3352.48,3341.24,3344.34
2025-05-26 02:00:00,3344.52,3350.64,3341.44,3342.73
2025-05-26 03:00:00,3342.73,3346.2,3331.38,3341.98
2025-05-26 04:00:00,3342.06,3347.62,3335.59,3345.03
2025-05-26 05:00:00,3345.02,3356.79,3343.3,3348.08
2025-05-26 06:00:00,3348.06,3349.96,3344.43,3347.67
2025-05-26 07:00:00,3347.67,3351.17,3346.36,3349.98
2025-05-26 08:00:00,3349.98,3351.87,3344.43,3347.42
2025-05-26 09:00:00,3347.43,3347.54,3337.18,3337.3
2025-05-26 10:00:00,3337.28,3338.92,3332.26,3337.35
2025-05-26 11:00:00,3337.36,3339.73,3331.16,3334.54
2025-05-26 12:00:00,3334.61,3336.19,3323.76,3328.64
2025-05-26 13:00:00,3328.63,3333.57,3328.63,3331.58
2025-05-26 14:00:00,3331.6,3334.67,3329.19,3333.16
2025-05-26 15:00:00,3333.16,3335.03,3326.46,3334.41
2025-05-26 16:00:00,3334.41,3338.92,3331.53,3338.44
2025-05-26 17:00:00,3338.41,3341.6,3335.65,3337.29
2025-05-26 18:00:00,3337.29,3339.8,3336.87,3338.01
2025-05-26 19:00:00,3338.02,3343.69,3337.61,3342.2
2025-05-26 20:00:00,3342.19,3343.1,3340.54,3341.29
2025-05-26 21:00:00,3341.29,3343.17,3341.04,3342.31
2025-05-27 01:00:00,3346.47,3348.85,3342.84,3347.64
2025-05-27 02:00:00,3347.67,3348.49,3344.53,3346.2
2025-05-27 03:00:00,3346.19,3349.93,3342.44,3345.09
2025-05-27 04:00:00,3345.26,3347.33,3331.84,3335.95
2025-05-27 05:00:00,3335.96,3344.5,3335.12,3343.0
2025-05-27 06:00:00,3342.9,3347.28,3340.88,3341.19
2025-05-27 07:00:00,3341.19,3341.45,3330.66,3330.87
2025-05-27 08:00:00,3330.95,3332.71,3315.98,3323.52
2025-05-27 09:00:00,3323.51,3328.41,3305.03,3308.65
2025-05-27 10:00:00,3308.69,3312.57,3292.65,3297.08
2025-05-27 11:00:00,3297.06,3310.4,3296.2,3298.62
2025-05-27 12:00:00,3298.58,3309.63,3294.65,3296.24
2025-05-27 13:00:00,3296.21,3299.68,3290.7,3293.25
2025-05-27 14:00:00,3293.23,3298.24,3287.79,3288.4
2025-05-27 15:00:00,3288.4,3297.95,3288.05,3293.85
2025-05-27 16:00:00,3293.81,3304.93,3292.34,3295.33
2025-05-27 17:00:00,3295.01,3303.27,3285.36,3299.94
2025-05-27 18:00:00,3299.9,3303.09,3289.63,3293.57
2025-05-27 19:00:00,3293.62,3298.76,3293.07,3297.86
2025-05-27 20:00:00,3297.86,3304.36,3296.9,3301.3
2025-05-27 21:00:00,3301.32,3303.98,3299.11,3303.13
2025-05-27 22:00:00,3303.04,3308.03,3303.0,3304.43
2025-05-27 23:00:00,3304.45,3305.12,3299.76,3300.69
2025-05-28 01:00:00,3304.21,3305.75,3302.56,3303.19
2025-05-28 02:00:00,3303.19,3310.92,3297.44,3309.4
2025-05-28 03:00:00,3309.48,3315.78,3308.22,3308.61
2025-05-28 04:00:00,3308.54,3310.84,3298.58,3301.84
2025-05-28 05:00:00,3301.82,3313.71,3300.32,3302.44
2025-05-28 06:00:00,3302.45,3304.14,3291.73,3297.84
2025-05-28 07:00:00,3297.86,3299.13,3294.49,3296.45
2025-05-28 08:00:00,3296.45,3310.24,3296.04,3307.28
2025-05-28 09:00:00,3307.21,3308.78,3298.53,3308.34
2025-05-28 10:00:00,3308.33,3322.45,3307.19,3319.2
2025-05-28 11:00:00,3319.21,3323.79,3315.24,3321.68
2025-05-28 12:00:00,3321.67,3325.53,3320.21,3324.18
2025-05-28 13:00:00,3324.18,3324.7,3311.8,3313.41
2025-05-28 14:00:00,3313.4,3315.17,3307.44,3311.18
2025-05-28 15:00:00,3311.18,3314.56,3305.46,3312.31
2025-05-28 16:00:00,3312.33,3316.43,3297.48,3305.24
2025-05-28 17:00:00,3305.24,3309.1,3300.48,3302.69
2025-05-28 18:00:00,3302.69,3302.77,3292.57,3296.1
2025-05-28 19:00:00,3296.1,3299.29,3288.61,3293.54
2025-05-28 20:00:00,3293.5,3299.1,3291.4,3296.78
2025-05-28 21:00:00,3296.83,3302.95,3296.6,3302.19
2025-05-28 22:00:00,3302.19,3303.04,3293.86,3296.99
2025-05-28 23:00:00,3296.99,3297.35,3276.36,3288.47
2025-05-29 01:00:00,3289.53,3294.93,3282.14,3286.75
2025-05-29 02:00:00,3286.89,3287.87,3250.32,3259.83
2025-05-29 03:00:00,3259.8,3269.14,3253.96,3265.07
2025-05-29 04:00:00,3265.08,3265.91,3245.42,3263.56
2025-05-29 05:00:00,3263.67,3275.42,3261.03,3270.08
2025-05-29 06:00:00,3270.05,3280.18,3268.1,3274.62
2025-05-29 07:00:00,3274.59,3275.43,3269.07,3269.09
2025-05-29 08:00:00,3269.17,3272.7,3266.12,3272.55
2025-05-29 09:00:00,3272.54,3276.45,3268.08,3271.76
2025-05-29 10:00:00,3271.77,3287.45,3271.77,3286.72
2025-05-29 11:00:00,3286.7,3289.39,3278.21,3281.8
2025-05-29 12:00:00,3281.72,3283.28,3276.28,3282.14
2025-05-29 13:00:00,3282.18,3300.82,3281.96,3296.77
2025-05-29 14:00:00,3296.7,3305.56,3295.49,3299.79
2025-05-29 15:00:00,3299.78,3317.48,3298.59,3316.55
2025-05-29 16:00:00,3316.55,3322.18,3310.31,3312.71
2025-05-29 17:00:00,3312.75,3319.43,3304.82,3310.34
2025-05-29 18:00:00,3310.34,3322.05,3309.83,3321.63
2025-05-29 19:00:00,3321.72,3331.27,3319.77,3322.31
2025-05-29 20:00:00,3322.26,3324.56,3318.18,3324.29
2025-05-29 21:00:00,3324.32,3325.85,3317.66,3321.25
2025-05-29 22:00:00,3321.23,3321.49,3315.58,3316.65
2025-05-29 23:00:00,3316.67,3318.4,3315.28,3317.7
2025-05-30 01:00:00,3317.82,3318.05,3313.62,3314.36
2025-05-30 02:00:00,3314.48,3317.32,3312.92,3315.63
2025-05-30 03:00:00,3315.61,3318.87,3309.58,3312.56
2025-05-30 04:00:00,3312.53,3322.75,3308.15,3309.97
2025-05-30 05:00:00,3309.8,3312.24,3295.01,3297.37
2025-05-30 06:00:00,3297.32,3302.35,3291.36,3294.54
2025-05-30 07:00:00,3294.38,3296.61,3291.61,3296.41
2025-05-30 08:00:00,3296.29,3305.05,3290.29,3303.87
2025-05-30 09:00:00,3303.75,3304.32,3290.41,3301.91
2025-05-30 10:00:00,3301.71,3301.71,3287.41,3295.01
2025-05-30 11:00:00,3295.01,3299.26,3291.66,3295.75
2025-05-30 12:00:00,3295.74,3299.28,3292.59,3295.65
2025-05-30 13:00:00,3295.65,3300.61,3292.6,3295.24
2025-05-30 14:00:00,3295.24,3297.29,3288.68,3294.03
2025-05-30 15:00:00,3294.03,3306.8,3282.99,3304.01
2025-05-30 16:00:00,3303.97,3308.29,3275.27,3276.79
2025-05-30 17:00:00,3277.16,3287.35,3271.52,3282.71
2025-05-30 18:00:00,3282.74,3292.73,3276.05,3288.67
2025-05-30 19:00:00,3288.64,3295.8,3284.05,3293.34
2025-05-30 20:00:00,3293.33,3294.76,3289.82,3291.0
2025-05-30 21:00:00,3290.99,3295.1,3290.99,3293.87
2025-05-30 22:00:00,3293.9,3295.16,3291.68,3294.91
2025-05-30 23:00:00,3294.93,3295.85,3289.94,3291.13
2025-06-02 01:00:00,3303.26,3315.06,3299.97,3313.21
2025-06-02 02:00:00,3313.17,3316.77,3309.22,3310.2
2025-06-02 03:00:00,3310.17,3315.02,3303.33,3311.4
2025-06-02 04:00:00,3311.4,3313.85,3301.48,3303.6
2025-06-02 05:00:00,3303.57,3311.57,3303.33,3307.4
2025-06-02 06:00:00,3307.34,3308.97,3303.31,3308.68
2025-06-02 07:00:00,3308.71,3318.29,3308.71,3313.82
2025-06-02 08:00:00,3313.85,3325.77,3313.84,3323.74
2025-06-02 09:00:00,3323.76,3345.42,3323.76,3344.45
2025-06-02 10:00:00,3344.44,3359.0,3343.13,3352.6
2025-06-02 11:00:00,3352.59,3356.41,3350.08,3352.06
2025-06-02 12:00:00,3352.05,3352.52,3344.42,3348.35
2025-06-02 13:00:00,3348.36,3351.49,3344.64,3348.64
2025-06-02 14:00:00,3348.65,3360.23,3346.09,3356.34
2025-06-02 15:00:00,3356.3,3363.51,3354.03,3355.5
2025-06-02 16:00:00,3355.75,3376.19,3350.45,3370.85
2025-06-02 17:00:00,3370.77,3378.86,3367.68,3376.15
2025-06-02 18:00:00,3376.14,3378.74,3369.87,3374.36
2025-06-02 19:00:00,3374.41,3379.37,3369.26,3371.8
2025-06-02 20:00:00,3371.79,3375.95,3371.33,3374.4
2025-06-02 21:00:00,3374.43,3380.11,3370.8,3379.26
2025-06-02 22:00:00,3379.25,3382.35,3377.91,3381.6
2025-06-02 23:00:00,3381.57,3382.88,3378.38,3381.67
2025-06-03 01:00:00,3384.78,3391.48,3382.98,3390.0
2025-06-03 02:00:00,3390.08,3392.12,3383.2,3387.44
2025-06-03 03:00:00,3387.41,3388.66,3373.91,3375.85
2025-06-03 04:00:00,3375.85,3376.07,3363.3,3372.77
2025-06-03 05:00:00,3372.72,3378.0,3364.44,3368.82
2025-06-03 06:00:00,3368.77,3369.74,3359.71,3361.1
2025-06-03 07:00:00,3361.1,3365.25,3359.22,3362.73
2025-06-03 08:00:00,3362.73,3367.88,3356.34,3365.02
2025-06-03 09:00:00,3364.99,3367.48,3351.04,3358.95
2025-06-03 10:00:00,3358.94,3361.4,3352.54,3359.72
2025-06-03 11:00:00,3359.7,3364.88,3359.7,3361.22
2025-06-03 12:00:00,3361.22,3362.73,3355.07,3356.94
2025-06-03 13:00:00,3356.89,3358.71,3354.96,3355.51
2025-06-03 14:00:00,3355.6,3360.53,3353.46,3359.36
2025-06-03 15:00:00,3359.39,3363.09,3349.01,3359.43
2025-06-03 16:00:00,3359.45,3363.15,3341.01,3346.01
2025-06-03 17:00:00,3346.11,3350.21,3333.18,3346.41
2025-06-03 18:00:00,3346.41,3351.63,3344.11,3350.31
2025-06-03 19:00:00,3350.32,3353.62,3344.64,3348.48
2025-06-03 20:00:00,3348.49,3354.61,3347.36,3353.21
2025-06-03 21:00:00,3353.21,3353.82,3350.45,3353.63
2025-06-03 22:00:00,3353.63,3355.52,3351.3,3352.66
2025-06-03 23:00:00,3352.61,3355.41,3352.6,3353.49
2025-06-04 01:00:00,3356.74,3358.49,3355.69,3357.17
2025-06-04 02:00:00,3357.17,3361.61,3355.39,3359.95
2025-06-04 03:00:00,3359.98,3360.13,3349.78,3350.28
2025-06-04 04:00:00,3350.28,3372.27,3346.47,3370.81
2025-06-04 05:00:00,3370.81,3372.58,3362.94,3365.54
2025-06-04 06:00:00,3365.48,3367.53,3358.37,3359.18
2025-06-04 07:00:00,3359.21,3361.55,3352.4,3354.82
2025-06-04 08:00:00,3354.82,3356.54,3348.05,3351.08
2025-06-04 09:00:00,3351.12,3358.5,3349.07,3355.72
2025-06-04 10:00:00,3355.76,3365.24,3353.66,3354.65
2025-06-04 11:00:00,3354.63,3364.22,3351.69,3362.87
2025-06-04 12:00:00,3362.86,3365.0,3359.44,3363.02
2025-06-04 13:00:00,3363.04,3364.02,3347.31,3350.96
2025-06-04 14:00:00,3350.96,3351.97,3343.86,3346.6
2025-06-04 15:00:00,3346.62,3360.86,3344.48,3358.88
2025-06-04 16:00:00,3358.88,3362.77,3350.88,3352.92
2025-06-04 17:00:00,3352.95,3384.64,3351.26,3377.37
2025-06-04 18:00:00,3377.37,3378.93,3369.74,3371.73
2025-06-04 19:00:00,3371.75,3376.31,3370.89,3375.07
2025-06-04 20:00:00,3374.89,3380.92,3373.04,3379.18
2025-06-04 21:00:00,3379.2,3382.15,3375.02,3376.19
2025-06-04 22:00:00,3376.2,3376.32,3371.93,3373.57
2025-06-04 23:00:00,3373.57,3374.99,3370.7,3372.32
2025-06-05 01:00:00,3374.0,3376.01,3372.32,3373.52
2025-06-05 02:00:00,3373.55,3379.08,3372.47,3378.16
2025-06-05 03:00:00,3378.12,3381.75,3372.39,3380.26
2025-06-05 04:00:00,3380.26,3384.16,3370.68,3373.82
2025-06-05 05:00:00,3373.82,3375.21,3368.14,3370.95
2025-06-05 06:00:00,3370.93,3377.42,3369.3,3369.72
2025-06-05 07:00:00,3369.75,3372.53,3363.84,3368.51
2025-06-05 08:00:00,3368.54,3369.8,3361.2,3364.29
2025-06-05 09:00:00,3364.3,3370.04,3363.81,3366.11
2025-06-05 10:00:00,3366.03,3374.5,3365.36,3371.29
2025-06-05 11:00:00,3371.32,3376.96,3369.81,3375.23
2025-06-05 12:00:00,3375.25,3391.37,3374.11,3389.58
2025-06-05 13:00:00,3389.53,3400.45,3388.25,3399.97
2025-06-05 14:00:00,3400.01,3403.58,3391.69,3392.28
2025-06-05 15:00:00,3392.27,3400.09,3377.78,3383.07
2025-06-05 16:00:00,3383.08,3388.52,3371.34,3378.16
2025-06-05 17:00:00,3378.13,3383.22,3363.9,3367.73
2025-06-05 18:00:00,3367.73,3373.1,3339.41,3344.79
2025-06-05 19:00:00,3344.75,3356.49,3339.96,3354.12
2025-06-05 20:00:00,3354.12,3354.75,3348.95,3354.03
2025-06-05 21:00:00,3354.03,3356.03,3350.5,3353.6
2025-06-05 22:00:00,3353.6,3361.39,3352.9,3356.77
2025-06-05 23:00:00,3356.75,3357.79,3352.05,3352.78
2025-06-06 01:00:00,3356.0,3363.48,3354.37,3359.02
2025-06-06 02:00:00,3359.04,3362.66,3357.34,3361.91
2025-06-06 03:00:00,3361.81,3364.16,3357.38,3359.45
2025-06-06 04:00:00,3359.5,3368.59,3356.1,3363.86
2025-06-06 05:00:00,3363.84,3366.53,3362.05,3363.98
2025-06-06 06:00:00,3363.96,3371.95,3359.46,3369.71
2025-06-06 07:00:00,3369.71,3374.66,3368.99,3373.71
2025-06-06 08:00:00,3373.69,3375.62,3362.23,3366.14
2025-06-06 09:00:00,3366.11,3367.07,3356.16,3360.76
2025-06-06 10:00:00,3360.77,3362.37,3352.73,3359.46
2025-06-06 11:00:00,3359.63,3367.77,3358.41,3365.87
2025-06-06 12:00:00,3364.43,3365.22,3352.87,3356.81
2025-06-06 13:00:00,3356.81,3361.0,3355.83,3360.66
2025-06-06 14:00:00,3360.7,3364.32,3358.2,3358.38
2025-06-06 15:00:00,3358.44,3364.24,3343.64,3353.4
2025-06-06 16:00:00,3353.36,3361.01,3342.44,3343.22
2025-06-06 17:00:00,3343.27,3344.98,3316.44,3326.19
2025-06-06 18:00:00,3326.22,3336.83,3323.3,3332.24
2025-06-06 19:00:00,3332.24,3332.75,3320.92,3322.79
2025-06-06 20:00:00,3322.81,3326.8,3321.4,3323.65
2025-06-06 21:00:00,3323.67,3324.05,3313.74,3317.53
2025-06-06 22:00:00,3317.54,3318.98,3311.36,3312.4
2025-06-06 23:00:00,3312.37,3312.89,3307.13,3312.05
2025-06-09 01:00:00,3318.28,3321.2,3309.21,3314.88
2025-06-09 02:00:00,3314.88,3318.58,3313.49,3318.06
2025-06-09 03:00:00,3318.08,3318.67,3298.34,3305.5
2025-06-09 04:00:00,3305.49,3309.45,3295.07,3295.99
2025-06-09 05:00:00,3296.15,3307.53,3293.58,3305.51
2025-06-09 06:00:00,3306.34,3312.03,3304.24,3310.85
2025-06-09 07:00:00,3310.81,3313.49,3309.27,3311.77
2025-06-09 08:00:00,3311.76,3316.54,3309.63,3314.63
2025-06-09 09:00:00,3314.66,3325.02,3312.53,3324.42
2025-06-09 10:00:00,3324.25,3328.6,3321.58,3324.15
2025-06-09 11:00:00,3324.25,3325.75,3319.8,3319.82
2025-06-09 12:00:00,3319.87,3323.48,3316.85,3318.71
2025-06-09 13:00:00,3318.7,3319.71,3312.19,3314.74
2025-06-09 14:00:00,3314.76,3321.41,3313.73,3317.48
2025-06-09 15:00:00,3317.47,3322.45,3313.07,3320.06
2025-06-09 16:00:00,3320.07,3321.73,3310.76,3319.28
2025-06-09 17:00:00,3319.2,3326.82,3316.07,3320.86
2025-06-09 18:00:00,3320.9,3332.2,3320.44,3328.68
2025-06-09 19:00:00,3328.68,3337.94,3327.57,3337.75
2025-06-09 20:00:00,3337.74,3338.25,3332.89,3333.6
2025-06-09 21:00:00,3333.59,3337.03,3332.73,3333.2
2025-06-09 22:00:00,3333.18,3335.45,3325.93,3327.22
2025-06-09 23:00:00,3327.18,3329.56,3325.02,3325.54
2025-06-10 01:00:00,3324.29,3327.03,3321.7,3323.7
2025-06-10 02:00:00,3323.7,3328.01,3323.7,3326.82
2025-06-10 03:00:00,3326.79,3326.83,3314.53,3316.66
2025-06-10 04:00:00,3316.65,3320.02,3303.01,3306.28
2025-06-10 05:00:00,3306.28,3310.36,3301.93,3309.34
2025-06-10 06:00:00,3309.34,3310.49,3305.15,3307.54
2025-06-10 07:00:00,3307.57,3308.8,3302.88,3307.3
2025-06-10 08:00:00,3307.31,3319.27,3306.82,3317.57
2025-06-10 09:00:00,3317.66,3331.27,3315.54,3325.49
2025-06-10 10:00:00,3325.48,3332.19,3324.07,3330.12
2025-06-10 11:00:00,3330.17,3334.92,3326.19,3329.37
2025-06-10 12:00:00,3329.36,3331.87,3327.19,3329.77
2025-06-10 13:00:00,3329.82,3336.23,3328.45,3335.38
2025-06-10 14:00:00,3335.32,3342.52,3332.29,3333.82
2025-06-10 15:00:00,3333.8,3340.33,3328.35,3337.25
2025-06-10 16:00:00,3337.21,3349.16,3335.57,3343.61
2025-06-10 17:00:00,3343.63,3343.76,3325.55,3328.43
2025-06-10 18:00:00,3328.53,3329.28,3323.3,3326.69
2025-06-10 19:00:00,3326.7,3327.76,3319.97,3321.3
2025-06-10 20:00:00,3321.32,3325.93,3320.48,3324.84
2025-06-10 21:00:00,3324.84,3325.38,3319.43,3321.68
2025-06-10 22:00:00,3321.63,3334.55,3321.48,3328.74
2025-06-10 23:00:00,3328.71,3328.93,3322.48,3322.5
2025-06-11 01:00:00,3322.35,3327.5,3320.74,3324.47
2025-06-11 02:00:00,3324.52,3328.14,3315.55,3327.97
2025-06-11 03:00:00,3327.97,3335.2,3325.11,3332.45
2025-06-11 04:00:00,3332.38,3337.43,3327.66,3328.71
2025-06-11 05:00:00,3328.61,3339.69,3327.18,3338.24
2025-06-11 06:00:00,3338.25,3341.65,3336.5,3339.44
2025-06-11 07:00:00,3339.42,3342.96,3336.91,3341.9
2025-06-11 08:00:00,3341.87,3343.17,3335.6,3339.71
2025-06-11 09:00:00,3339.78,3340.22,3332.53,3337.23
2025-06-11 10:00:00,3337.2,3348.49,3335.21,3345.74
2025-06-11 11:00:00,3345.75,3346.82,3342.55,3344.52
2025-06-11 12:00:00,3344.51,3344.64,3331.35,3333.85
2025-06-11 13:00:00,3333.84,3336.85,3328.42,3329.91
2025-06-11 14:00:00,3329.9,3335.29,3326.18,3333.16
2025-06-11 15:00:00,3333.17,3360.69,3327.27,3336.76
2025-06-11 16:00:00,3336.79,3344.63,3328.09,3330.0
2025-06-11 17:00:00,3329.98,3341.28,3328.64,3337.56
2025-06-11 18:00:00,3337.57,3342.8,3329.65,3333.21
2025-06-11 19:00:00,3333.25,3334.5,3328.21,3330.27
2025-06-11 20:00:00,3330.29,3331.41,3319.38,3324.31
2025-06-11 21:00:00,3324.33,3347.29,3323.87,3343.88
2025-06-11 22:00:00,3343.88,3349.23,3342.39,3346.8
2025-06-11 23:00:00,3346.82,3355.6,3346.63,3355.03
2025-06-12 01:00:00,3357.95,3369.85,3356.34,3369.06
2025-06-12 02:00:00,3369.06,3373.58,3357.64,3365.5
2025-06-12 03:00:00,3365.48,3371.39,3362.21,3365.85
2025-06-12 04:00:00,3365.83,3376.96,3362.5,3371.04
2025-06-12 05:00:00,3371.0,3377.82,3369.02,3374.73
2025-06-12 06:00:00,3374.73,3376.72,3371.73,3373.46
2025-06-12 07:00:00,3373.47,3373.82,3369.44,3370.46
2025-06-12 08:00:00,3370.43,3375.83,3367.74,3374.59
2025-06-12 09:00:00,3374.56,3375.62,3365.32,3375.0
2025-06-12 10:00:00,3374.96,3375.26,3338.59,3346.2
2025-06-12 11:00:00,3346.22,3361.19,3346.22,3356.88
2025-06-12 12:00:00,3356.87,3368.01,3355.42,3365.47
2025-06-12 13:00:00,3365.47,3385.85,3362.55,3382.59
2025-06-12 14:00:00,3382.6,3388.63,3373.27,3379.33
2025-06-12 15:00:00,3379.33,3390.5,3376.41,3388.13
2025-06-12 16:00:00,3388.11,3399.0,3379.41,3392.22
2025-06-12 17:00:00,3392.1,3393.12,3383.05,3383.86
2025-06-12 18:00:00,3383.91,3390.36,3377.89,3385.87
2025-06-12 19:00:00,3385.88,3391.34,3380.96,3383.83
2025-06-12 20:00:00,3383.8,3385.06,3378.1,3382.69
2025-06-12 21:00:00,3382.76,3386.36,3381.93,3385.94
2025-06-12 22:00:00,3385.95,3389.35,3384.83,3388.25
2025-06-12 23:00:00,3388.22,3388.99,3384.87,3386.9
2025-06-13 01:00:00,3383.81,3384.99,3379.65,3383.48
2025-06-13 02:00:00,3383.48,3396.18,3382.63,3395.88
2025-06-13 03:00:00,3395.83,3419.96,3391.78,3416.15
2025-06-13 04:00:00,3416.59,3433.3,3414.05,3427.68
2025-06-13 05:00:00,3427.67,3444.18,3424.76,3441.52
2025-06-13 06:00:00,3441.51,3444.47,3423.8,3425.61
2025-06-13 07:00:00,3425.57,3430.42,3422.86,3425.37
2025-06-13 08:00:00,3425.35,3428.84,3418.01,3426.17
2025-06-13 09:00:00,3426.15,3428.59,3408.45,3416.37
2025-06-13 10:00:00,3416.39,3419.07,3407.94,3414.95
2025-06-13 11:00:00,3414.92,3426.11,3414.38,3424.32
2025-06-13 12:00:00,3424.36,3427.32,3420.15,3424.4
2025-06-13 13:00:00,3424.4,3427.77,3411.61,3415.92
2025-06-13 14:00:00,3415.92,3423.08,3412.62,3422.23
2025-06-13 15:00:00,3422.27,3438.15,3421.79,3436.8
2025-06-13 16:00:00,3436.84,3446.75,3434.03,3436.94
2025-06-13 17:00:00,3436.92,3439.9,3423.83,3428.01
2025-06-13 18:00:00,3428.01,3430.5,3421.01,3426.27
2025-06-13 19:00:00,3426.32,3431.13,3419.25,3430.17
2025-06-13 20:00:00,3430.17,3433.5,3427.43,3430.43
2025-06-13 21:00:00,3430.44,3439.57,3428.78,3436.55
2025-06-13 22:00:00,3436.57,3438.24,3431.69,3432.43
2025-06-13 23:00:00,3432.44,3434.86,3429.07,3432.77
2025-06-16 01:00:00,3441.19,3451.09,3438.66,3448.37
2025-06-16 02:00:00,3448.44,3450.07,3439.58,3444.25
2025-06-16 03:00:00,3444.29,3451.26,3434.4,3436.27
2025-06-16 04:00:00,3436.25,3443.21,3433.23,3441.5
2025-06-16 05:00:00,3441.54,3446.31,3437.99,3438.47
2025-06-16 06:00:00,3438.44,3439.72,3429.31,3431.56
2025-06-16 07:00:00,3431.56,3433.37,3426.93,3427.56
2025-06-16 08:00:00,3427.56,3430.5,3417.78,3421.55
2025-06-16 09:00:00,3421.55,3421.55,3413.01,3418.32
2025-06-16 10:00:00,3418.28,3419.84,3409.6,3412.64
2025-06-16 11:00:00,3412.72,3418.58,3409.77,3413.95
2025-06-16 12:00:00,3414.02,3419.57,3411.94,3412.05
2025-06-16 13:00:00,3412.06,3421.34,3410.8,3421.09
2025-06-16 14:00:00,3421.09,3422.73,3410.82,3415.0
2025-06-16 15:00:00,3415.09,3417.85,3411.12,3415.6
2025-06-16 16:00:00,3415.59,3418.08,3382.79,3387.93
2025-06-16 17:00:00,3388.1,3399.49,3387.51,3396.96
2025-06-16 18:00:00,3397.06,3405.81,3397.06,3404.64
2025-06-16 19:00:00,3404.64,3405.01,3397.47,3399.43
2025-06-16 20:00:00,3399.43,3400.3,3391.14,3392.67
2025-06-16 21:00:00,3392.66,3394.11,3384.12,3385.36
2025-06-16 22:00:00,3385.36,3388.5,3382.93,3384.06
2025-06-16 23:00:00,3384.07,3386.09,3383.41,3385.38
2025-06-17 01:00:00,3388.13,3398.44,3386.73,3395.44
2025-06-17 02:00:00,3395.44,3402.96,3393.11,3402.88
2025-06-17 03:00:00,3402.88,3403.26,3391.61,3394.37
2025-06-17 04:00:00,3394.38,3402.57,3393.33,3393.72
2025-06-17 05:00:00,3393.72,3400.44,3388.7,3390.04
2025-06-17 06:00:00,3390.03,3392.62,3373.9,3387.68
2025-06-17 07:00:00,3387.68,3396.27,3387.13,3394.08
2025-06-17 08:00:00,3394.06,3395.45,3390.72,3392.63
2025-06-17 09:00:00,3392.55,3392.57,3381.05,3385.62
2025-06-17 10:00:00,3385.56,3391.93,3383.21,3387.87
2025-06-17 11:00:00,3387.86,3388.69,3377.88,3378.93
2025-06-17 12:00:00,3378.92,3385.97,3375.81,3385.61
2025-06-17 13:00:00,3385.62,3398.81,3385.36,3398.21
2025-06-17 14:00:00,3398.25,3400.23,3388.24,3388.6
2025-06-17 15:00:00,3388.62,3391.53,3383.54,3386.76
2025-06-17 16:00:00,3386.75,3397.46,3385.91,3390.64
2025-06-17 17:00:00,3390.65,3392.1,3366.22,3385.07
2025-06-17 18:00:00,3385.03,3388.33,3372.58,3379.32
2025-06-17 19:00:00,3379.34,3385.94,3376.75,3382.96
2025-06-17 20:00:00,3382.96,3391.27,3381.38,3390.37
2025-06-17 21:00:00,3390.37,3392.46,3382.48,3382.86
2025-06-17 22:00:00,3382.88,3386.46,3382.45,3385.77
2025-06-17 23:00:00,3385.79,3390.3,3383.61,3388.59
2025-06-18 01:00:00,3395.4,3395.91,3388.79,3388.86
2025-06-18 02:00:00,3389.0,3390.32,3385.03,3387.37
2025-06-18 03:00:00,3387.35,3388.91,3382.99,3385.74
2025-06-18 04:00:00,3385.75,3388.65,3378.76,3379.04
2025-06-18 05:00:00,3378.95,3379.75,3370.69,3379.47
2025-06-18 06:00:00,3379.46,3391.55,3379.34,3391.02
2025-06-18 07:00:00,3391.0,3400.06,3389.49,3395.22
2025-06-18 08:00:00,3395.35,3395.72,3384.31,3386.74
2025-06-18 09:00:00,3386.62,3386.81,3379.51,3382.33
2025-06-18 10:00:00,3382.39,3386.16,3377.15,3385.92
2025-06-18 11:00:00,3385.88,3388.42,3382.6,3383.58
2025-06-18 12:00:00,3383.58,3385.54,3375.59,3378.2
2025-06-18 13:00:00,3378.22,3382.45,3375.73,3380.22
2025-06-18 14:00:00,3380.28,3387.11,3379.09,3382.11
2025-06-18 15:00:00,3382.06,3389.88,3381.73,3386.7
2025-06-18 16:00:00,3386.7,3396.84,3385.72,3392.28
2025-06-18 17:00:00,3392.31,3392.43,3373.88,3386.92
2025-06-18 18:00:00,3386.92,3392.88,3381.37,3392.75
2025-06-18 19:00:00,3392.78,3394.66,3390.03,3391.02
2025-06-18 20:00:00,3391.0,3391.29,3384.53,3385.25
2025-06-18 21:00:00,3385.12,3395.8,3378.4,3379.15
2025-06-18 22:00:00,3379.16,3379.26,3362.94,3366.77
2025-06-18 23:00:00,3366.76,3369.66,3362.63,3369.37
2025-06-19 01:00:00,3371.44,3379.86,3370.83,3375.31
2025-06-19 02:00:00,3375.39,3377.1,3370.73,3375.14
2025-06-19 03:00:00,3375.17,3383.35,3374.81,3379.51
2025-06-19 04:00:00,3379.48,3387.9,3374.62,3375.04
2025-06-19 05:00:00,3374.99,3379.51,3374.21,3376.78
2025-06-19 06:00:00,3376.79,3377.34,3369.71,3373.64
2025-06-19 07:00:00,3373.66,3375.2,3372.02,3374.56
2025-06-19 08:00:00,3374.56,3375.33,3360.37,3364.62
2025-06-19 09:00:00,3364.62,3364.79,3347.55,3357.36
2025-06-19 10:00:00,3357.39,3369.14,3350.75,3365.92
2025-06-19 11:00:00,3365.93,3371.67,3362.29,3368.71
2025-06-19 12:00:00,3368.71,3373.69,3363.66,3370.3
2025-06-19 13:00:00,3370.31,3379.02,3369.09,3374.96
2025-06-19 14:00:00,3374.94,3375.51,3370.47,3372.02
2025-06-19 15:00:00,3372.03,3372.58,3363.82,3368.0
2025-06-19 16:00:00,3368.02,3373.0,3361.54,3369.58
2025-06-19 17:00:00,3369.4,3370.95,3361.62,3364.7
2025-06-19 18:00:00,3364.71,3372.0,3362.25,3369.18
2025-06-19 19:00:00,3369.29,3371.67,3366.17,3371.11
2025-06-19 20:00:00,3371.05,3375.43,3365.91,3368.28
2025-06-19 21:00:00,3368.28,3371.39,3366.68,3370.64
2025-06-20 01:00:00,3370.35,3370.52,3361.97,3365.76
2025-06-20 02:00:00,3365.87,3370.49,3363.67,3368.82
2025-06-20 03:00:00,3368.82,3370.36,3364.73,3368.07
2025-06-20 04:00:00,3368.07,3368.3,3356.17,3356.47
2025-06-20 05:00:00,3356.5,3360.59,3351.66,3352.45
2025-06-20 06:00:00,3352.48,3356.29,3344.75,3355.56
2025-06-20 07:00:00,3355.54,3357.69,3352.59,3354.35
2025-06-20 08:00:00,3354.36,3355.15,3342.73,3344.75
2025-06-20 09:00:00,3344.74,3348.78,3340.4,3345.31
2025-06-20 10:00:00,3345.23,3355.4,3343.4,3347.68
2025-06-20 11:00:00,3347.68,3352.52,3346.76,3351.06
2025-06-20 12:00:00,3351.06,3359.22,3349.22,3355.28
2025-06-20 13:00:00,3355.38,3357.97,3355.0,3355.45
2025-06-20 14:00:00,3355.45,3356.04,3346.78,3347.14
2025-06-20 15:00:00,3347.15,3350.8,3342.07,3344.49
2025-06-20 16:00:00,3344.48,3373.83,3343.11,3370.26
2025-06-20 17:00:00,3370.27,3374.49,3365.3,3369.39
2025-06-20 18:00:00,3369.39,3371.76,3365.92,3369.84
2025-06-20 19:00:00,3369.84,3373.33,3367.86,3371.48
2025-06-20 20:00:00,3371.48,3371.71,3366.59,3367.43
2025-06-20 21:00:00,3367.47,3367.99,3364.66,3366.66
2025-06-20 22:00:00,3366.69,3370.73,3364.92,3365.63
2025-06-20 23:00:00,3365.64,3369.35,3364.71,3369.04
2025-06-23 01:00:00,3384.07,3388.68,3372.42,3379.25
2025-06-23 02:00:00,3379.23,3380.5,3371.27,3372.81
2025-06-23 03:00:00,3372.82,3373.6,3358.62,3365.7
2025-06-23 04:00:00,3365.69,3368.14,3352.08,3355.3
2025-06-23 05:00:00,3355.31,3364.92,3354.86,3361.56
2025-06-23 06:00:00,3361.55,3366.33,3360.46,3363.39
2025-06-23 07:00:00,3363.39,3365.08,3356.87,3358.52
2025-06-23 08:00:00,3358.52,3360.62,3347.12,3356.87
2025-06-23 09:00:00,3357.0,3359.86,3352.7,3357.65
2025-06-23 10:00:00,3357.64,3358.78,3351.67,3357.63
2025-06-23 11:00:00,3357.69,3362.37,3357.69,3361.87
2025-06-23 12:00:00,3361.86,3369.09,3361.63,3366.57
2025-06-23 13:00:00,3366.55,3368.26,3364.02,3367.77
2025-06-23 14:00:00,3367.89,3382.06,3367.89,3380.7
2025-06-23 15:00:00,3380.76,3381.1,3355.97,3360.42
2025-06-23 16:00:00,3360.42,3387.78,3359.92,3380.84
2025-06-23 17:00:00,3380.75,3386.72,3370.0,3386.41
2025-06-23 18:00:00,3386.44,3389.87,3384.6,3387.21
2025-06-23 19:00:00,3387.22,3393.51,3380.55,3389.88
2025-06-23 20:00:00,3389.85,3391.5,3375.72,3382.46
2025-06-23 21:00:00,3382.5,3387.64,3376.85,3378.61
2025-06-23 22:00:00,3378.63,3382.15,3375.7,3376.4
2025-06-23 23:00:00,3376.41,3377.28,3367.32,3369.19
2025-06-24 01:00:00,3358.81,3363.73,3350.38,3355.45
2025-06-24 02:00:00,3355.47,3357.38,3341.57,3344.49
2025-06-24 03:00:00,3344.48,3355.22,3333.19,3351.13
2025-06-24 04:00:00,3351.16,3354.37,3342.23,3347.77
2025-06-24 05:00:00,3347.77,3352.88,3346.0,3351.93
2025-06-24 06:00:00,3351.94,3357.83,3351.62,3352.5
2025-06-24 07:00:00,3352.49,3353.42,3347.08,3348.6
2025-06-24 08:00:00,3348.6,3348.84,3326.77,3332.09
2025-06-24 09:00:00,3332.07,3333.2,3316.11,3322.92
2025-06-24 10:00:00,3322.89,3331.72,3316.63,3329.7
2025-06-24 11:00:00,3329.7,3332.43,3324.75,3327.33
2025-06-24 12:00:00,3327.34,3328.81,3318.02,3318.34
2025-06-24 13:00:00,3318.33,3327.72,3318.33,3325.59
2025-06-24 14:00:00,3325.6,3328.94,3317.92,3321.2
2025-06-24 15:00:00,3321.19,3321.19,3304.51,3314.69
2025-06-24 16:00:00,3314.69,3317.92,3295.54,3301.93
2025-06-24 17:00:00,3301.93,3310.34,3298.7,3304.62
2025-06-24 18:00:00,3304.62,3317.03,3299.89,3313.27
2025-06-24 19:00:00,3313.28,3320.39,3311.34,3318.43
2025-06-24 20:00:00,3318.43,3321.22,3317.95,3318.0
2025-06-24 21:00:00,3318.0,3319.03,3315.78,3317.25
2025-06-24 22:00:00,3317.2,3325.25,3316.08,3323.59
2025-06-24 23:00:00,3323.62,3324.5,3321.57,3323.08
2025-06-25 01:00:00,3322.56,3323.58,3320.92,3321.6
2025-06-25 02:00:00,3321.58,3324.88,3321.58,3324.18
2025-06-25 03:00:00,3324.18,3330.11,3323.66,3326.98
2025-06-25 04:00:00,3326.99,3334.86,3326.43,3334.64
2025-06-25 05:00:00,3334.67,3335.25,3327.82,3329.45
2025-06-25 06:00:00,3329.45,3332.12,3327.28,3328.41
2025-06-25 07:00:00,3328.41,3329.33,3325.83,3327.51
2025-06-25 08:00:00,3327.56,3333.76,3326.77,3331.67
2025-06-25 09:00:00,3331.66,3333.42,3329.1,3331.48
2025-06-25 10:00:00,3331.54,3337.06,3326.77,3330.65
2025-06-25 11:00:00,3330.65,3332.34,3326.57,3327.34
2025-06-25 12:00:00,3327.28,3327.3,3321.54,3325.33
2025-06-25 13:00:00,3325.32,3329.57,3324.23,3324.56
2025-06-25 14:00:00,3324.5,3329.53,3322.16,3322.66
2025-06-25 15:00:00,3322.65,3329.5,3318.18,3320.67
2025-06-25 16:00:00,3320.68,3321.61,3312.01,3314.53
2025-06-25 17:00:00,3314.52,3326.24,3312.35,3323.51
2025-06-25 18:00:00,3323.48,3327.19,3321.71,3325.63
2025-06-25 19:00:00,3325.65,3335.14,3324.24,3334.8
2025-06-25 20:00:00,3334.81,3335.37,3324.82,3328.04
2025-06-25 21:00:00,3328.03,3331.8,3326.29,3331.62
2025-06-25 22:00:00,3331.6,3336.1,3330.42,3333.71
2025-06-25 23:00:00,3333.72,3335.66,3331.41,3332.25
2025-06-26 01:00:00,3334.43,3334.84,3331.37,3333.23
2025-06-26 02:00:00,3333.22,3340.2,3332.9,3339.08
2025-06-26 03:00:00,3339.04,3339.33,3332.19,3334.05
2025-06-26 04:00:00,3334.11,3336.79,3329.33,3330.23
2025-06-26 05:00:00,3330.22,3341.82,3329.29,3339.53
2025-06-26 06:00:00,3339.54,3343.15,3336.39,3338.02
2025-06-26 07:00:00,3338.01,3338.15,3333.42,3334.0
2025-06-26 08:00:00,3334.0,3338.3,3332.49,3334.23
2025-06-26 09:00:00,3334.16,3340.44,3331.13,3339.87
2025-06-26 10:00:00,3339.8,3347.21,3339.72,3346.12
2025-06-26 11:00:00,3346.1,3350.3,3344.42,3348.24
2025-06-26 12:00:00,3348.23,3348.81,3338.8,3340.6
2025-06-26 13:00:00,3340.6,3343.54,3338.0,3343.33
2025-06-26 14:00:00,3343.35,3344.15,3331.65,3332.98
2025-06-26 15:00:00,3332.99,3344.07,3321.68,3322.08
2025-06-26 16:00:00,3322.11,3328.75,3309.96,3319.88
2025-06-26 17:00:00,3319.77,3323.87,3312.0,3318.35
2025-06-26 18:00:00,3318.35,3325.03,3318.35,3324.88
2025-06-26 19:00:00,3324.92,3333.3,3323.81,3331.35
2025-06-26 20:00:00,3331.35,3336.45,3331.22,3332.72
2025-06-26 21:00:00,3332.75,3334.89,3331.32,3334.12
2025-06-26 22:00:00,3334.12,3334.34,3328.34,3331.36
2025-06-26 23:00:00,3331.36,3332.4,3327.85,3327.89
2025-06-27 01:00:00,3325.33,3325.33,3318.92,3321.5
2025-06-27 02:00:00,3321.53,3323.74,3316.3,3318.82
2025-06-27 03:00:00,3318.77,3319.97,3313.27,3318.87
2025-06-27 04:00:00,3318.87,3322.08,3314.94,3316.51
2025-06-27 05:00:00,3316.52,3320.45,3308.62,3308.9
2025-06-27 06:00:00,3308.86,3310.93,3292.65,3294.4
2025-06-27 07:00:00,3294.4,3297.62,3291.09,3293.98
2025-06-27 08:00:00,3294.04,3301.02,3289.37,3297.38
2025-06-27 09:00:00,3297.39,3299.98,3286.89,3294.97
2025-06-27 10:00:00,3294.98,3295.26,3283.62,3284.49
2025-06-27 11:00:00,3284.48,3291.13,3281.87,3289.47
2025-06-27 12:00:00,3289.45,3289.84,3282.23,3282.8
2025-06-27 13:00:00,3282.8,3290.95,3279.78,3285.69
2025-06-27 14:00:00,3285.79,3287.97,3276.13,3281.39
2025-06-27 15:00:00,3281.38,3282.36,3269.55,3270.16
2025-06-27 16:00:00,3270.16,3274.52,3255.84,3274.52
2025-06-27 17:00:00,3274.29,3278.1,3263.72,3272.4
2025-06-27 18:00:00,3272.4,3277.51,3270.96,3274.57
2025-06-27 19:00:00,3274.59,3278.6,3273.37,3277.63
2025-06-27 20:00:00,3277.65,3282.78,3272.81,3277.42
2025-06-27 21:00:00,3277.44,3278.42,3270.51,3275.82
2025-06-27 22:00:00,3275.81,3276.52,3268.39,3270.64
2025-06-27 23:00:00,3270.68,3275.51,3270.45,3273.56
